 frequency       v(NIN)          v(NIN)          v(NDIV)         v(NDIV)         v(NA)           v(NA)           v(NSKPLUS)      v(NSKPLUS)      v(NSKOUT)       v(NSKOUT)      
 1.00000000e+00  1.00000000e+00  0.00000000e+00  2.49998747e-01 -8.97931923e-08  2.49997464e-01 -7.39998908e-05  2.49997420e-01 -1.47826556e-04  2.49996170e-01 -1.47909068e-04 
 1.01158757e+00  1.00000000e+00  0.00000000e+00  2.49998747e-01 -9.08336774e-08  2.49997463e-01 -7.48573695e-05  2.49997418e-01 -1.49539506e-04  2.49996168e-01 -1.49622974e-04 
 1.02330942e+00  1.00000000e+00  0.00000000e+00  2.49998747e-01 -9.18862193e-08  2.49997462e-01 -7.57247843e-05  2.49997416e-01 -1.51272305e-04  2.49996166e-01 -1.51356740e-04 
 1.03516709e+00  1.00000000e+00  0.00000000e+00  2.49998747e-01 -9.29509576e-08  2.49997461e-01 -7.66022504e-05  2.49997415e-01 -1.53025183e-04  2.49996165e-01 -1.53110596e-04 
 1.04716216e+00  1.00000000e+00  0.00000000e+00  2.49998747e-01 -9.40280336e-08  2.49997461e-01 -7.74898841e-05  2.49997413e-01 -1.54798373e-04  2.49996163e-01 -1.54884775e-04 
 1.05929623e+00  1.00000000e+00  0.00000000e+00  2.49998747e-01 -9.51175903e-08  2.49997460e-01 -7.83878033e-05  2.49997411e-01 -1.56592109e-04  2.49996161e-01 -1.56679513e-04 
 1.07157090e+00  1.00000000e+00  0.00000000e+00  2.49998747e-01 -9.62197723e-08  2.49997459e-01 -7.92961272e-05  2.49997409e-01 -1.58406630e-04  2.49996159e-01 -1.58495047e-04 
 1.08398781e+00  1.00000000e+00  0.00000000e+00  2.49998747e-01 -9.73347259e-08  2.49997458e-01 -8.02149764e-05  2.49997407e-01 -1.60242178e-04  2.49996157e-01 -1.60331619e-04 
 1.09654860e+00  1.00000000e+00  0.00000000e+00  2.49998747e-01 -9.84625991e-08  2.49997457e-01 -8.11444728e-05  2.49997404e-01 -1.62098994e-04  2.49996154e-01 -1.62189472e-04 
 1.10925494e+00  1.00000000e+00  0.00000000e+00  2.49998747e-01 -9.96035417e-08  2.49997456e-01 -8.20847398e-05  2.49997402e-01 -1.63977327e-04  2.49996152e-01 -1.64068853e-04 
 1.12210851e+00  1.00000000e+00  0.00000000e+00  2.49998747e-01 -1.00757705e-07  2.49997455e-01 -8.30359022e-05  2.49997400e-01 -1.65877425e-04  2.49996150e-01 -1.65970012e-04 
 1.13511102e+00  1.00000000e+00  0.00000000e+00  2.49998747e-01 -1.01925242e-07  2.49997454e-01 -8.39980862e-05  2.49997398e-01 -1.67799540e-04  2.49996148e-01 -1.67893200e-04 
 1.14826420e+00  1.00000000e+00  0.00000000e+00  2.49998747e-01 -1.03106308e-07  2.49997453e-01 -8.49714195e-05  2.49997396e-01 -1.69743928e-04  2.49996145e-01 -1.69838673e-04 
 1.16156980e+00  1.00000000e+00  0.00000000e+00  2.49998747e-01 -1.04301060e-07  2.49997452e-01 -8.59560315e-05  2.49997393e-01 -1.71710847e-04  2.49996143e-01 -1.71806690e-04 
 1.17502957e+00  1.00000000e+00  0.00000000e+00  2.49998747e-01 -1.05509656e-07  2.49997451e-01 -8.69520526e-05  2.49997391e-01 -1.73700558e-04  2.49996141e-01 -1.73797511e-04 
 1.18864531e+00  1.00000000e+00  0.00000000e+00  2.49998747e-01 -1.06732257e-07  2.49997450e-01 -8.79596152e-05  2.49997388e-01 -1.75713324e-04  2.49996138e-01 -1.75811401e-04 
 1.20241883e+00  1.00000000e+00  0.00000000e+00  2.49998747e-01 -1.07969025e-07  2.49997449e-01 -8.89788530e-05  2.49997386e-01 -1.77749413e-04  2.49996136e-01 -1.77848627e-04 
 1.21635194e+00  1.00000000e+00  0.00000000e+00  2.49998747e-01 -1.09220124e-07  2.49997448e-01 -9.00099013e-05  2.49997383e-01 -1.79809096e-04  2.49996133e-01 -1.79909459e-04 
 1.23044651e+00  1.00000000e+00  0.00000000e+00  2.49998747e-01 -1.10485720e-07  2.49997447e-01 -9.10528969e-05  2.49997380e-01 -1.81892645e-04  2.49996130e-01 -1.81994171e-04 
 1.24470440e+00  1.00000000e+00  0.00000000e+00  2.49998747e-01 -1.11765982e-07  2.49997445e-01 -9.21079782e-05  2.49997378e-01 -1.84000338e-04  2.49996128e-01 -1.84103040e-04 
 1.25912750e+00  1.00000000e+00  0.00000000e+00  2.49998747e-01 -1.13061078e-07  2.49997444e-01 -9.31752854e-05  2.49997375e-01 -1.86132454e-04  2.49996125e-01 -1.86236346e-04 
 1.27371773e+00  1.00000000e+00  0.00000000e+00  2.49998747e-01 -1.14371181e-07  2.49997443e-01 -9.42549600e-05  2.49997372e-01 -1.88289275e-04  2.49996122e-01 -1.88394371e-04 
 1.28847703e+00  1.00000000e+00  0.00000000e+00  2.49998747e-01 -1.15696466e-07  2.49997442e-01 -9.53471454e-05  2.49997369e-01 -1.90471089e-04  2.49996119e-01 -1.90577403e-04 
 1.30340735e+00  1.00000000e+00  0.00000000e+00  2.49998747e-01 -1.17037107e-07  2.49997440e-01 -9.64519866e-05  2.49997366e-01 -1.92678185e-04  2.49996116e-01 -1.92785730e-04 
 1.31851068e+00  1.00000000e+00  0.00000000e+00  2.49998747e-01 -1.18393283e-07  2.49997439e-01 -9.75696301e-05  2.49997363e-01 -1.94910855e-04  2.49996113e-01 -1.95019647e-04 
 1.33378902e+00  1.00000000e+00  0.00000000e+00  2.49998747e-01 -1.19765174e-07  2.49997438e-01 -9.87002244e-05  2.49997360e-01 -1.97169397e-04  2.49996110e-01 -1.97279449e-04 
 1.34924440e+00  1.00000000e+00  0.00000000e+00  2.49998747e-01 -1.21152962e-07  2.49997436e-01 -9.98439195e-05  2.49997357e-01 -1.99454109e-04  2.49996107e-01 -1.99565437e-04 
 1.36487887e+00  1.00000000e+00  0.00000000e+00  2.49998747e-01 -1.22556830e-07  2.49997435e-01 -1.01000867e-04  2.49997354e-01 -2.01765296e-04  2.49996103e-01 -2.01877914e-04 
 1.38069450e+00  1.00000000e+00  0.00000000e+00  2.49998747e-01 -1.23976967e-07  2.49997433e-01 -1.02171221e-04  2.49997350e-01 -2.04103264e-04  2.49996100e-01 -2.04217187e-04 
 1.39669340e+00  1.00000000e+00  0.00000000e+00  2.49998747e-01 -1.25413559e-07  2.49997432e-01 -1.03355137e-04  2.49997347e-01 -2.06468323e-04  2.49996097e-01 -2.06583566e-04 
 1.41287768e+00  1.00000000e+00  0.00000000e+00  2.49998747e-01 -1.26866798e-07  2.49997430e-01 -1.04552771e-04  2.49997343e-01 -2.08860787e-04  2.49996093e-01 -2.08977365e-04 
 1.42924951e+00  1.00000000e+00  0.00000000e+00  2.49998747e-01 -1.28336876e-07  2.49997429e-01 -1.05764282e-04  2.49997340e-01 -2.11280974e-04  2.49996090e-01 -2.11398903e-04 
 1.44581104e+00  1.00000000e+00  0.00000000e+00  2.49998747e-01 -1.29823989e-07  2.49997427e-01 -1.06989833e-04  2.49997336e-01 -2.13729205e-04  2.49996086e-01 -2.13848501e-04 
 1.46256448e+00  1.00000000e+00  0.00000000e+00  2.49998747e-01 -1.31328334e-07  2.49997426e-01 -1.08229584e-04  2.49997332e-01 -2.16205805e-04  2.49996082e-01 -2.16326483e-04 
 1.47951205e+00  1.00000000e+00  0.00000000e+00  2.49998747e-01 -1.32850110e-07  2.49997424e-01 -1.09483701e-04  2.49997328e-01 -2.18711102e-04  2.49996078e-01 -2.18833179e-04 
 1.49665601e+00  1.00000000e+00  0.00000000e+00  2.49998747e-01 -1.34389521e-07  2.49997422e-01 -1.10752350e-04  2.49997324e-01 -2.21245430e-04  2.49996074e-01 -2.21368921e-04 
 1.51399862e+00  1.00000000e+00  0.00000000e+00  2.49998747e-01 -1.35946769e-07  2.49997421e-01 -1.12035700e-04  2.49997320e-01 -2.23809125e-04  2.49996070e-01 -2.23934047e-04 
 1.53154219e+00  1.00000000e+00  0.00000000e+00  2.49998747e-01 -1.37522062e-07  2.49997419e-01 -1.13333920e-04  2.49997316e-01 -2.26402526e-04  2.49996066e-01 -2.26528896e-04 
 1.54928904e+00  1.00000000e+00  0.00000000e+00  2.49998747e-01 -1.39115609e-07  2.49997417e-01 -1.14647184e-04  2.49997312e-01 -2.29025978e-04  2.49996062e-01 -2.29153812e-04 
 1.56724154e+00  1.00000000e+00  0.00000000e+00  2.49998747e-01 -1.40727621e-07  2.49997415e-01 -1.15975665e-04  2.49997308e-01 -2.31679830e-04  2.49996058e-01 -2.31809145e-04 
 1.58540207e+00  1.00000000e+00  0.00000000e+00  2.49998747e-01 -1.42358313e-07  2.49997413e-01 -1.17319540e-04  2.49997303e-01 -2.34364433e-04  2.49996053e-01 -2.34495247e-04 
 1.60377303e+00  1.00000000e+00  0.00000000e+00  2.49998747e-01 -1.44007900e-07  2.49997411e-01 -1.18678987e-04  2.49997299e-01 -2.37080145e-04  2.49996049e-01 -2.37212474e-04 
 1.62235687e+00  1.00000000e+00  0.00000000e+00  2.49998747e-01 -1.45676602e-07  2.49997409e-01 -1.20054187e-04  2.49997294e-01 -2.39827324e-04  2.49996044e-01 -2.39961187e-04 
 1.64115605e+00  1.00000000e+00  0.00000000e+00  2.49998747e-01 -1.47364640e-07  2.49997407e-01 -1.21445322e-04  2.49997290e-01 -2.42606337e-04  2.49996039e-01 -2.42741751e-04 
 1.66017306e+00  1.00000000e+00  0.00000000e+00  2.49998747e-01 -1.49072239e-07  2.49997405e-01 -1.22852577e-04  2.49997285e-01 -2.45417551e-04  2.49996035e-01 -2.45554535e-04 
 1.67941044e+00  1.00000000e+00  0.00000000e+00  2.49998747e-01 -1.50799624e-07  2.49997403e-01 -1.24276138e-04  2.49997280e-01 -2.48261341e-04  2.49996030e-01 -2.48399911e-04 
 1.69887073e+00  1.00000000e+00  0.00000000e+00  2.49998747e-01 -1.52547026e-07  2.49997401e-01 -1.25716195e-04  2.49997275e-01 -2.51138083e-04  2.49996025e-01 -2.51278259e-04 
 1.71855652e+00  1.00000000e+00  0.00000000e+00  2.49998747e-01 -1.54314676e-07  2.49997398e-01 -1.27172938e-04  2.49997269e-01 -2.54048159e-04  2.49996019e-01 -2.54189960e-04 
 1.73847042e+00  1.00000000e+00  0.00000000e+00  2.49998747e-01 -1.56102808e-07  2.49997396e-01 -1.28646562e-04  2.49997264e-01 -2.56991956e-04  2.49996014e-01 -2.57135400e-04 
 1.75861507e+00  1.00000000e+00  0.00000000e+00  2.49998747e-01 -1.57911661e-07  2.49997394e-01 -1.30137262e-04  2.49997259e-01 -2.59969864e-04  2.49996009e-01 -2.60114970e-04 
 1.77899315e+00  1.00000000e+00  0.00000000e+00  2.49998747e-01 -1.59741474e-07  2.49997391e-01 -1.31645234e-04  2.49997253e-01 -2.62982279e-04  2.49996003e-01 -2.63129066e-04 
 1.79960736e+00  1.00000000e+00  0.00000000e+00  2.49998747e-01 -1.61592490e-07  2.49997389e-01 -1.33170681e-04  2.49997248e-01 -2.66029600e-04  2.49995997e-01 -2.66178088e-04 
 1.82046044e+00  1.00000000e+00  0.00000000e+00  2.49998747e-01 -1.63464955e-07  2.49997386e-01 -1.34713804e-04  2.49997242e-01 -2.69112232e-04  2.49995992e-01 -2.69262441e-04 
 1.84155516e+00  1.00000000e+00  0.00000000e+00  2.49998747e-01 -1.65359117e-07  2.49997384e-01 -1.36274807e-04  2.49997236e-01 -2.72230584e-04  2.49995986e-01 -2.72382533e-04 
 1.86289432e+00  1.00000000e+00  0.00000000e+00  2.49998747e-01 -1.67275228e-07  2.49997381e-01 -1.37853899e-04  2.49997230e-01 -2.75385070e-04  2.49995979e-01 -2.75538780e-04 
 1.88448074e+00  1.00000000e+00  0.00000000e+00  2.49998747e-01 -1.69213542e-07  2.49997378e-01 -1.39451289e-04  2.49997223e-01 -2.78576108e-04  2.49995973e-01 -2.78731599e-04 
 1.90631730e+00  1.00000000e+00  0.00000000e+00  2.49998747e-01 -1.71174316e-07  2.49997376e-01 -1.41067188e-04  2.49997217e-01 -2.81804123e-04  2.49995967e-01 -2.81961416e-04 
 1.92840689e+00  1.00000000e+00  0.00000000e+00  2.49998747e-01 -1.73157811e-07  2.49997373e-01 -1.42701812e-04  2.49997210e-01 -2.85069543e-04  2.49995960e-01 -2.85228658e-04 
 1.95075245e+00  1.00000000e+00  0.00000000e+00  2.49998747e-01 -1.75164289e-07  2.49997370e-01 -1.44355376e-04  2.49997204e-01 -2.88372800e-04  2.49995954e-01 -2.88533759e-04 
 1.97335693e+00  1.00000000e+00  0.00000000e+00  2.49998747e-01 -1.77194018e-07  2.49997367e-01 -1.46028102e-04  2.49997197e-01 -2.91714334e-04  2.49995947e-01 -2.91877158e-04 
 1.99622335e+00  1.00000000e+00  0.00000000e+00  2.49998747e-01 -1.79247267e-07  2.49997364e-01 -1.47720210e-04  2.49997190e-01 -2.95094588e-04  2.49995940e-01 -2.95259299e-04 
 2.01935473e+00  1.00000000e+00  0.00000000e+00  2.49998747e-01 -1.81324308e-07  2.49997361e-01 -1.49431926e-04  2.49997183e-01 -2.98514011e-04  2.49995933e-01 -2.98680630e-04 
 2.04275415e+00  1.00000000e+00  0.00000000e+00  2.49998747e-01 -1.83425416e-07  2.49997358e-01 -1.51163476e-04  2.49997175e-01 -3.01973056e-04  2.49995925e-01 -3.02141606e-04 
 2.06642472e+00  1.00000000e+00  0.00000000e+00  2.49998747e-01 -1.85550872e-07  2.49997354e-01 -1.52915090e-04  2.49997168e-01 -3.05472183e-04  2.49995918e-01 -3.05642686e-04 
 2.09036956e+00  1.00000000e+00  0.00000000e+00  2.49998747e-01 -1.87700956e-07  2.49997351e-01 -1.54687002e-04  2.49997160e-01 -3.09011856e-04  2.49995910e-01 -3.09184335e-04 
 2.11459187e+00  1.00000000e+00  0.00000000e+00  2.49998747e-01 -1.89875955e-07  2.49997348e-01 -1.56479445e-04  2.49997152e-01 -3.12592545e-04  2.49995902e-01 -3.12767022e-04 
 2.13909486e+00  1.00000000e+00  0.00000000e+00  2.49998747e-01 -1.92076156e-07  2.49997344e-01 -1.58292658e-04  2.49997144e-01 -3.16214725e-04  2.49995894e-01 -3.16391224e-04 
 2.16388178e+00  1.00000000e+00  0.00000000e+00  2.49998747e-01 -1.94301853e-07  2.49997341e-01 -1.60126882e-04  2.49997136e-01 -3.19878877e-04  2.49995886e-01 -3.20057421e-04 
 2.18895592e+00  1.00000000e+00  0.00000000e+00  2.49998747e-01 -1.96553339e-07  2.49997337e-01 -1.61982360e-04  2.49997128e-01 -3.23585487e-04  2.49995878e-01 -3.23766101e-04 
 2.21432060e+00  1.00000000e+00  0.00000000e+00  2.49998747e-01 -1.98830916e-07  2.49997333e-01 -1.63859338e-04  2.49997119e-01 -3.27335048e-04  2.49995869e-01 -3.27517754e-04 
 2.23997920e+00  1.00000000e+00  0.00000000e+00  2.49998747e-01 -2.01134883e-07  2.49997329e-01 -1.65758066e-04  2.49997110e-01 -3.31128056e-04  2.49995860e-01 -3.31312880e-04 
 2.26593513e+00  1.00000000e+00  0.00000000e+00  2.49998747e-01 -2.03465548e-07  2.49997325e-01 -1.67678795e-04  2.49997101e-01 -3.34965016e-04  2.49995851e-01 -3.35151982e-04 
 2.29219181e+00  1.00000000e+00  0.00000000e+00  2.49998747e-01 -2.05823220e-07  2.49997321e-01 -1.69621781e-04  2.49997092e-01 -3.38846437e-04  2.49995842e-01 -3.39035569e-04 
 2.31875275e+00  1.00000000e+00  0.00000000e+00  2.49998747e-01 -2.08208212e-07  2.49997317e-01 -1.71587281e-04  2.49997083e-01 -3.42772834e-04  2.49995832e-01 -3.42964157e-04 
 2.34562147e+00  1.00000000e+00  0.00000000e+00  2.49998747e-01 -2.10620840e-07  2.49997313e-01 -1.73575556e-04  2.49997073e-01 -3.46744727e-04  2.49995823e-01 -3.46938267e-04 
 2.37280153e+00  1.00000000e+00  0.00000000e+00  2.49998747e-01 -2.13061424e-07  2.49997309e-01 -1.75586870e-04  2.49997063e-01 -3.50762645e-04  2.49995813e-01 -3.50958428e-04 
 2.40029654e+00  1.00000000e+00  0.00000000e+00  2.49998747e-01 -2.15530289e-07  2.49997305e-01 -1.77621491e-04  2.49997053e-01 -3.54827120e-04  2.49995803e-01 -3.55025172e-04 
 2.42811015e+00  1.00000000e+00  0.00000000e+00  2.49998747e-01 -2.18027762e-07  2.49997300e-01 -1.79679687e-04  2.49997043e-01 -3.58938693e-04  2.49995792e-01 -3.59139039e-04 
 2.45624606e+00  1.00000000e+00  0.00000000e+00  2.49998747e-01 -2.20554174e-07  2.49997295e-01 -1.81761733e-04  2.49997032e-01 -3.63097908e-04  2.49995782e-01 -3.63300576e-04 
 2.48470799e+00  1.00000000e+00  0.00000000e+00  2.49998747e-01 -2.23109862e-07  2.49997291e-01 -1.83867905e-04  2.49997021e-01 -3.67305317e-04  2.49995771e-01 -3.67510334e-04 
 2.51349972e+00  1.00000000e+00  0.00000000e+00  2.49998747e-01 -2.25695164e-07  2.49997286e-01 -1.85998481e-04  2.49997010e-01 -3.71561480e-04  2.49995760e-01 -3.71768872e-04 
 2.54262508e+00  1.00000000e+00  0.00000000e+00  2.49998747e-01 -2.28310423e-07  2.49997281e-01 -1.88153746e-04  2.49996999e-01 -3.75866961e-04  2.49995748e-01 -3.76076756e-04 
 2.57208794e+00  1.00000000e+00  0.00000000e+00  2.49998747e-01 -2.30955987e-07  2.49997276e-01 -1.90333985e-04  2.49996987e-01 -3.80222332e-04  2.49995737e-01 -3.80434558e-04 
 2.60189219e+00  1.00000000e+00  0.00000000e+00  2.49998747e-01 -2.33632206e-07  2.49997271e-01 -1.92539487e-04  2.49996975e-01 -3.84628170e-04  2.49995725e-01 -3.84842855e-04 
 2.63204181e+00  1.00000000e+00  0.00000000e+00  2.49998747e-01 -2.36339436e-07  2.49997266e-01 -1.94770545e-04  2.49996963e-01 -3.89085060e-04  2.49995713e-01 -3.89302233e-04 
 2.66254078e+00  1.00000000e+00  0.00000000e+00  2.49998747e-01 -2.39078037e-07  2.49997260e-01 -1.97027456e-04  2.49996951e-01 -3.93593595e-04  2.49995700e-01 -3.93813284e-04 
 2.69339317e+00  1.00000000e+00  0.00000000e+00  2.49998747e-01 -2.41848371e-07  2.49997255e-01 -1.99310519e-04  2.49996938e-01 -3.98154372e-04  2.49995688e-01 -3.98376607e-04 
 2.72460306e+00  1.00000000e+00  0.00000000e+00  2.49998747e-01 -2.44650806e-07  2.49997249e-01 -2.01620036e-04  2.49996925e-01 -4.02767996e-04  2.49995675e-01 -4.02992807e-04 
 2.75617460e+00  1.00000000e+00  0.00000000e+00  2.49998747e-01 -2.47485715e-07  2.49997243e-01 -2.03956315e-04  2.49996912e-01 -4.07435081e-04  2.49995661e-01 -4.07662496e-04 
 2.78811197e+00  1.00000000e+00  0.00000000e+00  2.49998747e-01 -2.50353474e-07  2.49997237e-01 -2.06319665e-04  2.49996898e-01 -4.12156245e-04  2.49995648e-01 -4.12386296e-04 
 2.82041942e+00  1.00000000e+00  0.00000000e+00  2.49998747e-01 -2.53254463e-07  2.49997231e-01 -2.08710401e-04  2.49996884e-01 -4.16932116e-04  2.49995634e-01 -4.17164832e-04 
 2.85310124e+00  1.00000000e+00  0.00000000e+00  2.49998747e-01 -2.56189068e-07  2.49997225e-01 -2.11128839e-04  2.49996870e-01 -4.21763326e-04  2.49995619e-01 -4.21998739e-04 
 2.88616176e+00  1.00000000e+00  0.00000000e+00  2.49998747e-01 -2.59157677e-07  2.49997219e-01 -2.13575301e-04  2.49996855e-01 -4.26650518e-04  2.49995605e-01 -4.26888658e-04 
 2.91960537e+00  1.00000000e+00  0.00000000e+00  2.49998747e-01 -2.62160686e-07  2.49997212e-01 -2.16050111e-04  2.49996840e-01 -4.31594339e-04  2.49995590e-01 -4.31835239e-04 
 2.95343651e+00  1.00000000e+00  0.00000000e+00  2.49998747e-01 -2.65198492e-07  2.49997206e-01 -2.18553597e-04  2.49996825e-01 -4.36595447e-04  2.49995574e-01 -4.36839139e-04 
 2.98765967e+00  1.00000000e+00  0.00000000e+00  2.49998747e-01 -2.68271499e-07  2.49997199e-01 -2.21086093e-04  2.49996809e-01 -4.41654505e-04  2.49995559e-01 -4.41901020e-04 
 3.02227939e+00  1.00000000e+00  0.00000000e+00  2.49998747e-01 -2.71380114e-07  2.49997192e-01 -2.23647934e-04  2.49996793e-01 -4.46772184e-04  2.49995543e-01 -4.47021555e-04 
 3.05730027e+00  1.00000000e+00  0.00000000e+00  2.49998747e-01 -2.74524751e-07  2.49997185e-01 -2.26239460e-04  2.49996777e-01 -4.51949163e-04  2.49995526e-01 -4.52201425e-04 
 3.09272696e+00  1.00000000e+00  0.00000000e+00  2.49998747e-01 -2.77705827e-07  2.49997177e-01 -2.28861014e-04  2.49996760e-01 -4.57186130e-04  2.49995509e-01 -4.57441315e-04 
 3.12856416e+00  1.00000000e+00  0.00000000e+00  2.49998747e-01 -2.80923763e-07  2.49997170e-01 -2.31512947e-04  2.49996743e-01 -4.62483780e-04  2.49995492e-01 -4.62741922e-04 
 3.16481663e+00  1.00000000e+00  0.00000000e+00  2.49998747e-01 -2.84178988e-07  2.49997162e-01 -2.34195608e-04  2.49996725e-01 -4.67842817e-04  2.49995475e-01 -4.68103949e-04 
 3.20148917e+00  1.00000000e+00  0.00000000e+00  2.49998747e-01 -2.87471933e-07  2.49997154e-01 -2.36909354e-04  2.49996707e-01 -4.73263950e-04  2.49995457e-01 -4.73528108e-04 
 3.23858666e+00  1.00000000e+00  0.00000000e+00  2.49998747e-01 -2.90803035e-07  2.49997146e-01 -2.39654545e-04  2.49996689e-01 -4.78747900e-04  2.49995438e-01 -4.79015119e-04 
 3.27611402e+00  1.00000000e+00  0.00000000e+00  2.49998747e-01 -2.94172736e-07  2.49997138e-01 -2.42431546e-04  2.49996670e-01 -4.84295394e-04  2.49995419e-01 -4.84565710e-04 
 3.31407623e+00  1.00000000e+00  0.00000000e+00  2.49998747e-01 -2.97581484e-07  2.49997130e-01 -2.45240726e-04  2.49996650e-01 -4.89907170e-04  2.49995400e-01 -4.90180618e-04 
 3.35247833e+00  1.00000000e+00  0.00000000e+00  2.49998747e-01 -3.01029731e-07  2.49997121e-01 -2.48082456e-04  2.49996631e-01 -4.95583971e-04  2.49995380e-01 -4.95860588e-04 
 3.39132542e+00  1.00000000e+00  0.00000000e+00  2.49998747e-01 -3.04517935e-07  2.49997113e-01 -2.50957115e-04  2.49996611e-01 -5.01326551e-04  2.49995360e-01 -5.01606373e-04 
 3.43062265e+00  1.00000000e+00  0.00000000e+00  2.49998747e-01 -3.08046559e-07  2.49997104e-01 -2.53865083e-04  2.49996590e-01 -5.07135673e-04  2.49995339e-01 -5.07418737e-04 
 3.47037524e+00  1.00000000e+00  0.00000000e+00  2.49998747e-01 -3.11616071e-07  2.49997094e-01 -2.56806748e-04  2.49996569e-01 -5.13012107e-04  2.49995318e-01 -5.13298451e-04 
 3.51058846e+00  1.00000000e+00  0.00000000e+00  2.49998747e-01 -3.15226945e-07  2.49997085e-01 -2.59782498e-04  2.49996547e-01 -5.18956633e-04  2.49995296e-01 -5.19246296e-04 
 3.55126766e+00  1.00000000e+00  0.00000000e+00  2.49998747e-01 -3.18879660e-07  2.49997075e-01 -2.62792730e-04  2.49996525e-01 -5.24970041e-04  2.49995274e-01 -5.25263060e-04 
 3.59241824e+00  1.00000000e+00  0.00000000e+00  2.49998747e-01 -3.22574701e-07  2.49997066e-01 -2.65837842e-04  2.49996502e-01 -5.31053128e-04  2.49995252e-01 -5.31349542e-04 
 3.63404565e+00  1.00000000e+00  0.00000000e+00  2.49998747e-01 -3.26312559e-07  2.49997056e-01 -2.68918239e-04  2.49996479e-01 -5.37206701e-04  2.49995228e-01 -5.37506550e-04 
 3.67615541e+00  1.00000000e+00  0.00000000e+00  2.49998747e-01 -3.30093730e-07  2.49997045e-01 -2.72034330e-04  2.49996455e-01 -5.43431578e-04  2.49995205e-01 -5.43734902e-04 
 3.71875313e+00  1.00000000e+00  0.00000000e+00  2.49998747e-01 -3.33918715e-07  2.49997035e-01 -2.75186528e-04  2.49996431e-01 -5.49728585e-04  2.49995180e-01 -5.50035423e-04 
 3.76184446e+00  1.00000000e+00  0.00000000e+00  2.49998747e-01 -3.37788023e-07  2.49997024e-01 -2.78375251e-04  2.49996406e-01 -5.56098557e-04  2.49995156e-01 -5.56408951e-04 
 3.80543510e+00  1.00000000e+00  0.00000000e+00  2.49998747e-01 -3.41702166e-07  2.49997013e-01 -2.81600924e-04  2.49996381e-01 -5.62542340e-04  2.49995130e-01 -5.62856331e-04 
 3.84953086e+00  1.00000000e+00  0.00000000e+00  2.49998747e-01 -3.45661665e-07  2.49997002e-01 -2.84863973e-04  2.49996355e-01 -5.69060790e-04  2.49995104e-01 -5.69378418e-04 
 3.89413758e+00  1.00000000e+00  0.00000000e+00  2.49998747e-01 -3.49667044e-07  2.49996990e-01 -2.88164833e-04  2.49996328e-01 -5.75654770e-04  2.49995077e-01 -5.75976079e-04 
 3.93926118e+00  1.00000000e+00  0.00000000e+00  2.49998747e-01 -3.53718837e-07  2.49996978e-01 -2.91503941e-04  2.49996301e-01 -5.82325156e-04  2.49995050e-01 -5.82650189e-04 
 3.98490766e+00  1.00000000e+00  0.00000000e+00  2.49998747e-01 -3.57817580e-07  2.49996966e-01 -2.94881740e-04  2.49996273e-01 -5.89072835e-04  2.49995022e-01 -5.89401633e-04 
 4.03108307e+00  1.00000000e+00  0.00000000e+00  2.49998747e-01 -3.61963817e-07  2.49996954e-01 -2.98298679e-04  2.49996244e-01 -5.95898700e-04  2.49994994e-01 -5.96231309e-04 
 4.07779354e+00  1.00000000e+00  0.00000000e+00  2.49998747e-01 -3.66158099e-07  2.49996941e-01 -3.01755210e-04  2.49996215e-01 -6.02803659e-04  2.49994964e-01 -6.03140122e-04 
 4.12504527e+00  1.00000000e+00  0.00000000e+00  2.49998747e-01 -3.70400983e-07  2.49996928e-01 -3.05251794e-04  2.49996185e-01 -6.09788627e-04  2.49994935e-01 -6.10128989e-04 
 4.17284453e+00  1.00000000e+00  0.00000000e+00  2.49998747e-01 -3.74693031e-07  2.49996915e-01 -3.08788894e-04  2.49996155e-01 -6.16854532e-04  2.49994904e-01 -6.17198837e-04 
 4.22119767e+00  1.00000000e+00  0.00000000e+00  2.49998747e-01 -3.79034814e-07  2.49996901e-01 -3.12366979e-04  2.49996124e-01 -6.24002311e-04  2.49994873e-01 -6.24350606e-04 
 4.27011111e+00  1.00000000e+00  0.00000000e+00  2.49998747e-01 -3.83426907e-07  2.49996887e-01 -3.15986525e-04  2.49996091e-01 -6.31232913e-04  2.49994841e-01 -6.31585244e-04 
 4.31959133e+00  1.00000000e+00  0.00000000e+00  2.49998747e-01 -3.87869895e-07  2.49996873e-01 -3.19648011e-04  2.49996059e-01 -6.38547298e-04  2.49994808e-01 -6.38903712e-04 
 4.36964491e+00  1.00000000e+00  0.00000000e+00  2.49998747e-01 -3.92364365e-07  2.49996859e-01 -3.23351924e-04  2.49996025e-01 -6.45946437e-04  2.49994774e-01 -6.46306980e-04 
 4.42027849e+00  1.00000000e+00  0.00000000e+00  2.49998747e-01 -3.96910916e-07  2.49996844e-01 -3.27098755e-04  2.49995991e-01 -6.53431310e-04  2.49994740e-01 -6.53796032e-04 
 4.47149879e+00  1.00000000e+00  0.00000000e+00  2.49998747e-01 -4.01510150e-07  2.49996829e-01 -3.30889001e-04  2.49995956e-01 -6.61002913e-04  2.49994705e-01 -6.61371860e-04 
 4.52331261e+00  1.00000000e+00  0.00000000e+00  2.49998747e-01 -4.06162678e-07  2.49996813e-01 -3.34723167e-04  2.49995920e-01 -6.68662249e-04  2.49994669e-01 -6.69035472e-04 
 4.57572682e+00  1.00000000e+00  0.00000000e+00  2.49998747e-01 -4.10869118e-07  2.49996797e-01 -3.38601759e-04  2.49995883e-01 -6.76410336e-04  2.49994632e-01 -6.76787883e-04 
 4.62874839e+00  1.00000000e+00  0.00000000e+00  2.49998747e-01 -4.15630094e-07  2.49996781e-01 -3.42525294e-04  2.49995845e-01 -6.84248200e-04  2.49994594e-01 -6.84630122e-04 
 4.68238435e+00  1.00000000e+00  0.00000000e+00  2.49998747e-01 -4.20446238e-07  2.49996764e-01 -3.46494292e-04  2.49995807e-01 -6.92176884e-04  2.49994556e-01 -6.92563232e-04 
 4.73664182e+00  1.00000000e+00  0.00000000e+00  2.49998747e-01 -4.25318189e-07  2.49996747e-01 -3.50509279e-04  2.49995768e-01 -7.00197439e-04  2.49994516e-01 -7.00588263e-04 
 4.79152800e+00  1.00000000e+00  0.00000000e+00  2.49998747e-01 -4.30246595e-07  2.49996729e-01 -3.54570789e-04  2.49995727e-01 -7.08310928e-04  2.49994476e-01 -7.08706281e-04 
 4.84705018e+00  1.00000000e+00  0.00000000e+00  2.49998747e-01 -4.35232109e-07  2.49996712e-01 -3.58679360e-04  2.49995686e-01 -7.16518431e-04  2.49994435e-01 -7.16918365e-04 
 4.90321573e+00  1.00000000e+00  0.00000000e+00  2.49998747e-01 -4.40275393e-07  2.49996693e-01 -3.62835539e-04  2.49995644e-01 -7.24821034e-04  2.49994393e-01 -7.25225602e-04 
 4.96003210e+00  1.00000000e+00  0.00000000e+00  2.49998747e-01 -4.45377116e-07  2.49996675e-01 -3.67039876e-04  2.49995601e-01 -7.33219841e-04  2.49994349e-01 -7.33629097e-04 
 5.01750683e+00  1.00000000e+00  0.00000000e+00  2.49998747e-01 -4.50537956e-07  2.49996655e-01 -3.71292929e-04  2.49995556e-01 -7.41715966e-04  2.49994305e-01 -7.42129964e-04 
 5.07564756e+00  1.00000000e+00  0.00000000e+00  2.49998747e-01 -4.55758597e-07  2.49996636e-01 -3.75595263e-04  2.49995511e-01 -7.50310536e-04  2.49994260e-01 -7.50729331e-04 
 5.13446199e+00  1.00000000e+00  0.00000000e+00  2.49998747e-01 -4.61039733e-07  2.49996616e-01 -3.79947449e-04  2.49995465e-01 -7.59004692e-04  2.49994214e-01 -7.59428340e-04 
 5.19395795e+00  1.00000000e+00  0.00000000e+00  2.49998747e-01 -4.66382065e-07  2.49996595e-01 -3.84350064e-04  2.49995417e-01 -7.67799588e-04  2.49994166e-01 -7.68228146e-04 
 5.25414331e+00  1.00000000e+00  0.00000000e+00  2.49998747e-01 -4.71786301e-07  2.49996574e-01 -3.88803693e-04  2.49995369e-01 -7.76696392e-04  2.49994118e-01 -7.77129915e-04 
 5.31502608e+00  1.00000000e+00  0.00000000e+00  2.49998747e-01 -4.77253159e-07  2.49996553e-01 -3.93308927e-04  2.49995319e-01 -7.85696283e-04  2.49994068e-01 -7.86134829e-04 
 5.37661433e+00  1.00000000e+00  0.00000000e+00  2.49998747e-01 -4.82783365e-07  2.49996531e-01 -3.97866364e-04  2.49995269e-01 -7.94800456e-04  2.49994017e-01 -7.95244084e-04 
 5.43891624e+00  1.00000000e+00  0.00000000e+00  2.49998747e-01 -4.88377652e-07  2.49996508e-01 -4.02476608e-04  2.49995217e-01 -8.04010119e-04  2.49993965e-01 -8.04458888e-04 
 5.50194008e+00  1.00000000e+00  0.00000000e+00  2.49998747e-01 -4.94036764e-07  2.49996485e-01 -4.07140272e-04  2.49995163e-01 -8.13326495e-04  2.49993912e-01 -8.13780464e-04 
 5.56569422e+00  1.00000000e+00  0.00000000e+00  2.49998747e-01 -4.99761451e-07  2.49996461e-01 -4.11857974e-04  2.49995109e-01 -8.22750820e-04  2.49993858e-01 -8.23210049e-04 
 5.63018710e+00  1.00000000e+00  0.00000000e+00  2.49998747e-01 -5.05552473e-07  2.49996437e-01 -4.16630340e-04  2.49995053e-01 -8.32284345e-04  2.49993802e-01 -8.32748895e-04 
 5.69542731e+00  1.00000000e+00  0.00000000e+00  2.49998747e-01 -5.11410599e-07  2.49996413e-01 -4.21458004e-04  2.49994996e-01 -8.41928334e-04  2.49993745e-01 -8.42398267e-04 
 5.76142349e+00  1.00000000e+00  0.00000000e+00  2.49998747e-01 -5.17336607e-07  2.49996387e-01 -4.26341607e-04  2.49994938e-01 -8.51684068e-04  2.49993687e-01 -8.52159447e-04 
 5.82818440e+00  1.00000000e+00  0.00000000e+00  2.49998747e-01 -5.23331282e-07  2.49996361e-01 -4.31281796e-04  2.49994879e-01 -8.61552841e-04  2.49993627e-01 -8.62033728e-04 
 5.89571891e+00  1.00000000e+00  0.00000000e+00  2.49998747e-01 -5.29395422e-07  2.49996335e-01 -4.36279227e-04  2.49994817e-01 -8.71535963e-04  2.49993566e-01 -8.72022422e-04 
 5.96403599e+00  1.00000000e+00  0.00000000e+00  2.49998747e-01 -5.35529830e-07  2.49996308e-01 -4.41334563e-04  2.49994755e-01 -8.81634759e-04  2.49993503e-01 -8.82126855e-04 
 6.03314469e+00  1.00000000e+00  0.00000000e+00  2.49998747e-01 -5.41735321e-07  2.49996280e-01 -4.46448476e-04  2.49994691e-01 -8.91850569e-04  2.49993439e-01 -8.92348366e-04 
 6.10305419e+00  1.00000000e+00  0.00000000e+00  2.49998747e-01 -5.48012718e-07  2.49996252e-01 -4.51621644e-04  2.49994626e-01 -9.02184748e-04  2.49993374e-01 -9.02688314e-04 
 6.17377378e+00  1.00000000e+00  0.00000000e+00  2.49998747e-01 -5.54362856e-07  2.49996223e-01 -4.56854753e-04  2.49994559e-01 -9.12638668e-04  2.49993307e-01 -9.13148068e-04 
 6.24531283e+00  1.00000000e+00  0.00000000e+00  2.49998747e-01 -5.60786576e-07  2.49996193e-01 -4.62148498e-04  2.49994490e-01 -9.23213716e-04  2.49993238e-01 -9.23729019e-04 
 6.31768085e+00  1.00000000e+00  0.00000000e+00  2.49998747e-01 -5.67284731e-07  2.49996163e-01 -4.67503581e-04  2.49994420e-01 -9.33911295e-04  2.49993168e-01 -9.34432569e-04 
 6.39088744e+00  1.00000000e+00  0.00000000e+00  2.49998747e-01 -5.73858184e-07  2.49996131e-01 -4.72920714e-04  2.49994348e-01 -9.44732825e-04  2.49993097e-01 -9.45260140e-04 
 6.46494231e+00  1.00000000e+00  0.00000000e+00  2.49998747e-01 -5.80507808e-07  2.49996100e-01 -4.78400614e-04  2.49994275e-01 -9.55679743e-04  2.49993023e-01 -9.56213168e-04 
 6.53985530e+00  1.00000000e+00  0.00000000e+00  2.49998747e-01 -5.87234484e-07  2.49996067e-01 -4.83944009e-04  2.49994200e-01 -9.66753500e-04  2.49992948e-01 -9.67293106e-04 
 6.61563635e+00  1.00000000e+00  0.00000000e+00  2.49998747e-01 -5.94039107e-07  2.49996034e-01 -4.89551635e-04  2.49994123e-01 -9.77955566e-04  2.49992871e-01 -9.78501424e-04 
 6.69229552e+00  1.00000000e+00  0.00000000e+00  2.49998747e-01 -6.00922578e-07  2.49996000e-01 -4.95224237e-04  2.49994044e-01 -9.89287428e-04  2.49992792e-01 -9.89839611e-04 
 6.76984298e+00  1.00000000e+00  0.00000000e+00  2.49998747e-01 -6.07885813e-07  2.49995965e-01 -5.00962565e-04  2.49993964e-01 -1.00075059e-03  2.49992712e-01 -1.00130917e-03 
 6.84828903e+00  1.00000000e+00  0.00000000e+00  2.49998747e-01 -6.14929734e-07  2.49995929e-01 -5.06767383e-04  2.49993882e-01 -1.01234657e-03  2.49992629e-01 -1.01291162e-03 
 6.92764408e+00  1.00000000e+00  0.00000000e+00  2.49998747e-01 -6.22055277e-07  2.49995892e-01 -5.12639461e-04  2.49993797e-01 -1.02407691e-03  2.49992545e-01 -1.02464851e-03 
 7.00791866e+00  1.00000000e+00  0.00000000e+00  2.49998747e-01 -6.29263388e-07  2.49995855e-01 -5.18579577e-04  2.49993711e-01 -1.03594317e-03  2.49992459e-01 -1.03652139e-03 
 7.08912343e+00  1.00000000e+00  0.00000000e+00  2.49998747e-01 -6.36555023e-07  2.49995817e-01 -5.24588520e-04  2.49993623e-01 -1.04794691e-03  2.49992370e-01 -1.04853184e-03 
 7.17126916e+00  1.00000000e+00  0.00000000e+00  2.49998747e-01 -6.43931151e-07  2.49995778e-01 -5.30667087e-04  2.49993533e-01 -1.06008974e-03  2.49992280e-01 -1.06068145e-03 
 7.25436677e+00  1.00000000e+00  0.00000000e+00  2.49998747e-01 -6.51392750e-07  2.49995737e-01 -5.36816085e-04  2.49993440e-01 -1.07237327e-03  2.49992188e-01 -1.07297183e-03 
 7.33842727e+00  1.00000000e+00  0.00000000e+00  2.49998747e-01 -6.58940811e-07  2.49995696e-01 -5.43036330e-04  2.49993346e-01 -1.08479912e-03  2.49992093e-01 -1.08540461e-03 
 7.42346183e+00  1.00000000e+00  0.00000000e+00  2.49998747e-01 -6.66576336e-07  2.49995655e-01 -5.49328647e-04  2.49993249e-01 -1.09736894e-03  2.49991996e-01 -1.09798145e-03 
 7.50948174e+00  1.00000000e+00  0.00000000e+00  2.49998747e-01 -6.74300338e-07  2.49995612e-01 -5.55693872e-04  2.49993150e-01 -1.11008440e-03  2.49991897e-01 -1.11070401e-03 
 7.59649841e+00  1.00000000e+00  0.00000000e+00  2.49998747e-01 -6.82113842e-07  2.49995568e-01 -5.62132848e-04  2.49993048e-01 -1.12294719e-03  2.49991796e-01 -1.12357397e-03 
 7.68452339e+00  1.00000000e+00  0.00000000e+00  2.49998747e-01 -6.90017886e-07  2.49995523e-01 -5.68646430e-04  2.49992945e-01 -1.13595901e-03  2.49991692e-01 -1.13659306e-03 
 7.77356836e+00  1.00000000e+00  0.00000000e+00  2.49998747e-01 -6.98013518e-07  2.49995477e-01 -5.75235483e-04  2.49992839e-01 -1.14912160e-03  2.49991586e-01 -1.14976299e-03 
 7.86364515e+00  1.00000000e+00  0.00000000e+00  2.49998747e-01 -7.06101801e-07  2.49995430e-01 -5.81900881e-04  2.49992730e-01 -1.16243669e-03  2.49991477e-01 -1.16308552e-03 
 7.95476571e+00  1.00000000e+00  0.00000000e+00  2.49998747e-01 -7.14283807e-07  2.49995381e-01 -5.88643508e-04  2.49992619e-01 -1.17590606e-03  2.49991366e-01 -1.17656240e-03 
 8.04694214e+00  1.00000000e+00  0.00000000e+00  2.49998747e-01 -7.22560623e-07  2.49995332e-01 -5.95464259e-04  2.49992505e-01 -1.18953149e-03  2.49991252e-01 -1.19019544e-03 
 8.14018667e+00  1.00000000e+00  0.00000000e+00  2.49998747e-01 -7.30933347e-07  2.49995282e-01 -6.02364039e-04  2.49992389e-01 -1.20331478e-03  2.49991136e-01 -1.20398643e-03 
 8.23451168e+00  1.00000000e+00  0.00000000e+00  2.49998747e-01 -7.39403090e-07  2.49995230e-01 -6.09343764e-04  2.49992270e-01 -1.21725778e-03  2.49991017e-01 -1.21793721e-03 
 8.32992968e+00  1.00000000e+00  0.00000000e+00  2.49998747e-01 -7.47970977e-07  2.49995177e-01 -6.16404359e-04  2.49992148e-01 -1.23136232e-03  2.49990895e-01 -1.23204962e-03 
 8.42645335e+00  1.00000000e+00  0.00000000e+00  2.49998747e-01 -7.56638146e-07  2.49995123e-01 -6.23546762e-04  2.49992023e-01 -1.24563028e-03  2.49990770e-01 -1.24632555e-03 
 8.52409549e+00  1.00000000e+00  0.00000000e+00  2.49998747e-01 -7.65405745e-07  2.49995068e-01 -6.30771919e-04  2.49991896e-01 -1.26006356e-03  2.49990642e-01 -1.26076688e-03 
 8.62286907e+00  1.00000000e+00  0.00000000e+00  2.49998747e-01 -7.74274940e-07  2.49995011e-01 -6.38080791e-04  2.49991765e-01 -1.27466406e-03  2.49990512e-01 -1.27537553e-03 
 8.72278719e+00  1.00000000e+00  0.00000000e+00  2.49998747e-01 -7.83246908e-07  2.49994953e-01 -6.45474345e-04  2.49991632e-01 -1.28943373e-03  2.49990378e-01 -1.29015344e-03 
 8.82386313e+00  1.00000000e+00  0.00000000e+00  2.49998747e-01 -7.92322838e-07  2.49994894e-01 -6.52953565e-04  2.49991495e-01 -1.30437452e-03  2.49990241e-01 -1.30510257e-03 
 8.92611028e+00  1.00000000e+00  0.00000000e+00  2.49998747e-01 -8.01503937e-07  2.49994833e-01 -6.60519441e-04  2.49991355e-01 -1.31948841e-03  2.49990101e-01 -1.32022490e-03 
 9.02954224e+00  1.00000000e+00  0.00000000e+00  2.49998747e-01 -8.10791422e-07  2.49994771e-01 -6.68172978e-04  2.49991212e-01 -1.33477742e-03  2.49989958e-01 -1.33552244e-03 
 9.13417272e+00  1.00000000e+00  0.00000000e+00  2.49998747e-01 -8.20186527e-07  2.49994707e-01 -6.75915190e-04  2.49991065e-01 -1.35024356e-03  2.49989811e-01 -1.35099722e-03 
 9.24001561e+00  1.00000000e+00  0.00000000e+00  2.49998747e-01 -8.29690498e-07  2.49994642e-01 -6.83747106e-04  2.49990915e-01 -1.36588890e-03  2.49989661e-01 -1.36665129e-03 
 9.34708496e+00  1.00000000e+00  0.00000000e+00  2.49998747e-01 -8.39304597e-07  2.49994576e-01 -6.91669765e-04  2.49990762e-01 -1.38171550e-03  2.49989508e-01 -1.38248672e-03 
 9.45539499e+00  1.00000000e+00  0.00000000e+00  2.49998747e-01 -8.49030101e-07  2.49994508e-01 -6.99684217e-04  2.49990605e-01 -1.39772547e-03  2.49989351e-01 -1.39850563e-03 
 9.56496007e+00  1.00000000e+00  0.00000000e+00  2.49998747e-01 -8.58868299e-07  2.49994438e-01 -7.07791525e-04  2.49990444e-01 -1.41392093e-03  2.49989190e-01 -1.41471012e-03 
 9.67579474e+00  1.00000000e+00  0.00000000e+00  2.49998747e-01 -8.68820498e-07  2.49994367e-01 -7.15992766e-04  2.49990280e-01 -1.43030403e-03  2.49989025e-01 -1.43110237e-03 
 9.78791372e+00  1.00000000e+00  0.00000000e+00  2.49998747e-01 -8.78888019e-07  2.49994294e-01 -7.24289027e-04  2.49990112e-01 -1.44687693e-03  2.49988857e-01 -1.44768453e-03 
 9.90133188e+00  1.00000000e+00  0.00000000e+00  2.49998747e-01 -8.89072198e-07  2.49994219e-01 -7.32681409e-04  2.49989939e-01 -1.46364185e-03  2.49988685e-01 -1.46445880e-03 
 1.00160643e+01  1.00000000e+00  0.00000000e+00  2.49998747e-01 -8.99374387e-07  2.49994143e-01 -7.41171026e-04  2.49989763e-01 -1.48060101e-03  2.49988508e-01 -1.48142742e-03 
 1.01321262e+01  1.00000000e+00  0.00000000e+00  2.49998747e-01 -9.09795953e-07  2.49994065e-01 -7.49759003e-04  2.49989583e-01 -1.49775664e-03  2.49988328e-01 -1.49859263e-03 
 1.02495329e+01  1.00000000e+00  0.00000000e+00  2.49998747e-01 -9.20338280e-07  2.49993985e-01 -7.58446480e-04  2.49989399e-01 -1.51511104e-03  2.49988143e-01 -1.51595671e-03 
 1.03683001e+01  1.00000000e+00  0.00000000e+00  2.49998747e-01 -9.31002767e-07  2.49993903e-01 -7.67234609e-04  2.49989210e-01 -1.53266650e-03  2.49987955e-01 -1.53352197e-03 
 1.04884436e+01  1.00000000e+00  0.00000000e+00  2.49998747e-01 -9.41790829e-07  2.49993819e-01 -7.76124556e-04  2.49989017e-01 -1.55042534e-03  2.49987761e-01 -1.55129073e-03 
 1.06099792e+01  1.00000000e+00  0.00000000e+00  2.49998747e-01 -9.52703899e-07  2.49993733e-01 -7.85117501e-04  2.49988819e-01 -1.56838993e-03  2.49987563e-01 -1.56926535e-03 
 1.07329231e+01  1.00000000e+00  0.00000000e+00  2.49998747e-01 -9.63743425e-07  2.49993645e-01 -7.94214637e-04  2.49988617e-01 -1.58656266e-03  2.49987361e-01 -1.58744821e-03 
 1.08572916e+01  1.00000000e+00  0.00000000e+00  2.49998747e-01 -9.74910872e-07  2.49993556e-01 -8.03417169e-04  2.49988410e-01 -1.60494591e-03  2.49987154e-01 -1.60584173e-03 
 1.09831013e+01  1.00000000e+00  0.00000000e+00  2.49998747e-01 -9.86207723e-07  2.49993464e-01 -8.12726319e-04  2.49988198e-01 -1.62354215e-03  2.49986942e-01 -1.62444835e-03 
 1.11103687e+01  1.00000000e+00  0.00000000e+00  2.49998747e-01 -9.97635477e-07  2.49993370e-01 -8.22143322e-04  2.49987981e-01 -1.64235383e-03  2.49986725e-01 -1.64327053e-03 
 1.12391110e+01  1.00000000e+00  0.00000000e+00  2.49998747e-01 -1.00919565e-06  2.49993273e-01 -8.31669427e-04  2.49987759e-01 -1.66138345e-03  2.49986503e-01 -1.66231077e-03 
 1.13693450e+01  1.00000000e+00  0.00000000e+00  2.49998747e-01 -1.02088978e-06  2.49993175e-01 -8.41305898e-04  2.49987532e-01 -1.68063353e-03  2.49986276e-01 -1.68157159e-03 
 1.15010881e+01  1.00000000e+00  0.00000000e+00  2.49998747e-01 -1.03271941e-06  2.49993074e-01 -8.51054012e-04  2.49987300e-01 -1.70010662e-03  2.49986044e-01 -1.70105556e-03 
 1.16343578e+01  1.00000000e+00  0.00000000e+00  2.49998747e-01 -1.04468613e-06  2.49992971e-01 -8.60915062e-04  2.49987062e-01 -1.71980532e-03  2.49985806e-01 -1.72076524e-03 
 1.17691718e+01  1.00000000e+00  0.00000000e+00  2.49998747e-01 -1.05679150e-06  2.49992866e-01 -8.70890357e-04  2.49986819e-01 -1.73973222e-03  2.49985562e-01 -1.74070327e-03 
 1.19055479e+01  1.00000000e+00  0.00000000e+00  2.49998747e-01 -1.06903715e-06  2.49992758e-01 -8.80981220e-04  2.49986570e-01 -1.75988998e-03  2.49985313e-01 -1.76087228e-03 
 1.20435043e+01  1.00000000e+00  0.00000000e+00  2.49998747e-01 -1.08142470e-06  2.49992647e-01 -8.91188989e-04  2.49986316e-01 -1.78028126e-03  2.49985059e-01 -1.78127494e-03 
 1.21830593e+01  1.00000000e+00  0.00000000e+00  2.49998747e-01 -1.09395578e-06  2.49992534e-01 -9.01515017e-04  2.49986055e-01 -1.80090877e-03  2.49984798e-01 -1.80191397e-03 
 1.23242314e+01  1.00000000e+00  0.00000000e+00  2.49998747e-01 -1.10663208e-06  2.49992419e-01 -9.11960675e-04  2.49985788e-01 -1.82177525e-03  2.49984531e-01 -1.82279209e-03 
 1.24670393e+01  1.00000000e+00  0.00000000e+00  2.49998747e-01 -1.11945526e-06  2.49992300e-01 -9.22527348e-04  2.49985515e-01 -1.84288346e-03  2.49984258e-01 -1.84391208e-03 
 1.26115020e+01  1.00000000e+00  0.00000000e+00  2.49998747e-01 -1.13242703e-06  2.49992179e-01 -9.33216436e-04  2.49985236e-01 -1.86423620e-03  2.49983978e-01 -1.86527674e-03 
 1.27576387e+01  1.00000000e+00  0.00000000e+00  2.49998747e-01 -1.14554911e-06  2.49992055e-01 -9.44029359e-04  2.49984950e-01 -1.88583631e-03  2.49983692e-01 -1.88688890e-03 
 1.29054688e+01  1.00000000e+00  0.00000000e+00  2.49998747e-01 -1.15882324e-06  2.49991928e-01 -9.54967549e-04  2.49984658e-01 -1.90768664e-03  2.49983400e-01 -1.90875143e-03 
 1.30550119e+01  1.00000000e+00  0.00000000e+00  2.49998747e-01 -1.17225119e-06  2.49991798e-01 -9.66032458e-04  2.49984359e-01 -1.92979009e-03  2.49983100e-01 -1.93086723e-03 
 1.32062878e+01  1.00000000e+00  0.00000000e+00  2.49998747e-01 -1.18583474e-06  2.49991666e-01 -9.77225552e-04  2.49984052e-01 -1.95214961e-03  2.49982794e-01 -1.95323922e-03 
 1.33593166e+01  1.00000000e+00  0.00000000e+00  2.49998747e-01 -1.19957568e-06  2.49991530e-01 -9.88548316e-04  2.49983739e-01 -1.97476814e-03  2.49982480e-01 -1.97587037e-03 
 1.35141186e+01  1.00000000e+00  0.00000000e+00  2.49998747e-01 -1.21347585e-06  2.49991391e-01 -1.00000225e-03  2.49983418e-01 -1.99764869e-03  2.49982159e-01 -1.99876369e-03 
 1.36707145e+01  1.00000000e+00  0.00000000e+00  2.49998747e-01 -1.22753709e-06  2.49991248e-01 -1.01158888e-03  2.49983090e-01 -2.02079429e-03  2.49981831e-01 -2.02192221e-03 
 1.38291249e+01  1.00000000e+00  0.00000000e+00  2.49998747e-01 -1.24176127e-06  2.49991103e-01 -1.02330973e-03  2.49982754e-01 -2.04420801e-03  2.49981495e-01 -2.04534901e-03 
 1.39893709e+01  1.00000000e+00  0.00000000e+00  2.49998747e-01 -1.25615027e-06  2.49990954e-01 -1.03516636e-03  2.49982411e-01 -2.06789296e-03  2.49981151e-01 -2.06904717e-03 
 1.41514737e+01  1.00000000e+00  0.00000000e+00  2.49998747e-01 -1.27070600e-06  2.49990801e-01 -1.04716035e-03  2.49982059e-01 -2.09185227e-03  2.49980799e-01 -2.09301986e-03 
 1.43154549e+01  1.00000000e+00  0.00000000e+00  2.49998747e-01 -1.28543040e-06  2.49990645e-01 -1.05929328e-03  2.49981699e-01 -2.11608912e-03  2.49980439e-01 -2.11727024e-03 
 1.44813363e+01  1.00000000e+00  0.00000000e+00  2.49998747e-01 -1.30032542e-06  2.49990485e-01 -1.07156676e-03  2.49981331e-01 -2.14060673e-03  2.49980071e-01 -2.14180153e-03 
 1.46491399e+01  1.00000000e+00  0.00000000e+00  2.49998747e-01 -1.31539303e-06  2.49990322e-01 -1.08398242e-03  2.49980954e-01 -2.16540834e-03  2.49979694e-01 -2.16661698e-03 
 1.48188878e+01  1.00000000e+00  0.00000000e+00  2.49998747e-01 -1.33063525e-06  2.49990155e-01 -1.09654191e-03  2.49980569e-01 -2.19049724e-03  2.49979308e-01 -2.19171988e-03 
 1.49906028e+01  1.00000000e+00  0.00000000e+00  2.49998747e-01 -1.34605408e-06  2.49989983e-01 -1.10924688e-03  2.49980174e-01 -2.21587675e-03  2.49978913e-01 -2.21711356e-03 
 1.51643075e+01  1.00000000e+00  0.00000000e+00  2.49998747e-01 -1.36165158e-06  2.49989808e-01 -1.12209903e-03  2.49979770e-01 -2.24155025e-03  2.49978509e-01 -2.24280139e-03 
 1.53400250e+01  1.00000000e+00  0.00000000e+00  2.49998747e-01 -1.37742981e-06  2.49989629e-01 -1.13510006e-03  2.49979357e-01 -2.26752113e-03  2.49978096e-01 -2.26878677e-03 
 1.55177787e+01  1.00000000e+00  0.00000000e+00  2.49998747e-01 -1.39339088e-06  2.49989446e-01 -1.14825169e-03  2.49978934e-01 -2.29379284e-03  2.49977673e-01 -2.29507313e-03 
 1.56975921e+01  1.00000000e+00  0.00000000e+00  2.49998747e-01 -1.40953690e-06  2.49989258e-01 -1.16155567e-03  2.49978502e-01 -2.32036885e-03  2.49977240e-01 -2.32166398e-03 
 1.58794891e+01  1.00000000e+00  0.00000000e+00  2.49998747e-01 -1.42587001e-06  2.49989066e-01 -1.17501376e-03  2.49978059e-01 -2.34725269e-03  2.49976797e-01 -2.34856283e-03 
 1.60634938e+01  1.00000000e+00  0.00000000e+00  2.49998747e-01 -1.44239239e-06  2.49988870e-01 -1.18862773e-03  2.49977606e-01 -2.37444792e-03  2.49976343e-01 -2.37577324e-03 
 1.62496307e+01  1.00000000e+00  0.00000000e+00  2.49998747e-01 -1.45910621e-06  2.49988668e-01 -1.20239941e-03  2.49977142e-01 -2.40195815e-03  2.49975879e-01 -2.40329882e-03 
 1.64379245e+01  1.00000000e+00  0.00000000e+00  2.49998747e-01 -1.47601371e-06  2.49988463e-01 -1.21633061e-03  2.49976668e-01 -2.42978702e-03  2.49975405e-01 -2.43114323e-03 
 1.66284001e+01  1.00000000e+00  0.00000000e+00  2.49998747e-01 -1.49311713e-06  2.49988252e-01 -1.23042318e-03  2.49976182e-01 -2.45793822e-03  2.49974919e-01 -2.45931014e-03 
 1.68210829e+01  1.00000000e+00  0.00000000e+00  2.49998747e-01 -1.51041873e-06  2.49988037e-01 -1.24467898e-03  2.49975686e-01 -2.48641548e-03  2.49974422e-01 -2.48780329e-03 
 1.70159984e+01  1.00000000e+00  0.00000000e+00  2.49998747e-01 -1.52792082e-06  2.49987816e-01 -1.25909992e-03  2.49975177e-01 -2.51522257e-03  2.49973913e-01 -2.51662646e-03 
 1.72131726e+01  1.00000000e+00  0.00000000e+00  2.49998747e-01 -1.54562571e-06  2.49987590e-01 -1.27368788e-03  2.49974657e-01 -2.54436331e-03  2.49973392e-01 -2.54578346e-03 
 1.74126315e+01  1.00000000e+00  0.00000000e+00  2.49998747e-01 -1.56353576e-06  2.49987360e-01 -1.28844482e-03  2.49974125e-01 -2.57384155e-03  2.49972860e-01 -2.57527816e-03 
 1.76144016e+01  1.00000000e+00  0.00000000e+00  2.49998747e-01 -1.58165335e-06  2.49987123e-01 -1.30337269e-03  2.49973580e-01 -2.60366122e-03  2.49972315e-01 -2.60511447e-03 
 1.78185098e+01  1.00000000e+00  0.00000000e+00  2.49998747e-01 -1.59998087e-06  2.49986881e-01 -1.31847346e-03  2.49973022e-01 -2.63382624e-03  2.49971757e-01 -2.63529633e-03 
 1.80249830e+01  1.00000000e+00  0.00000000e+00  2.49998747e-01 -1.61852077e-06  2.49986634e-01 -1.33374914e-03  2.49972452e-01 -2.66434063e-03  2.49971186e-01 -2.66582775e-03 
 1.82338489e+01  1.00000000e+00  0.00000000e+00  2.49998747e-01 -1.63727550e-06  2.49986381e-01 -1.34920175e-03  2.49971868e-01 -2.69520842e-03  2.49970602e-01 -2.69671276e-03 
 1.84451349e+01  1.00000000e+00  0.00000000e+00  2.49998747e-01 -1.65624754e-06  2.49986122e-01 -1.36483333e-03  2.49971271e-01 -2.72643370e-03  2.49970004e-01 -2.72795547e-03 
 1.86588692e+01  1.00000000e+00  0.00000000e+00  2.49998747e-01 -1.67543943e-06  2.49985857e-01 -1.38064596e-03  2.49970660e-01 -2.75802060e-03  2.49969393e-01 -2.75956001e-03 
 1.88750803e+01  1.00000000e+00  0.00000000e+00  2.49998747e-01 -1.69485371e-06  2.49985585e-01 -1.39664173e-03  2.49970034e-01 -2.78997332e-03  2.49968767e-01 -2.79153056e-03 
 1.90937966e+01  1.00000000e+00  0.00000000e+00  2.49998747e-01 -1.71449295e-06  2.49985308e-01 -1.41282277e-03  2.49969394e-01 -2.82229608e-03  2.49968126e-01 -2.82387136e-03 
 1.93150474e+01  1.00000000e+00  0.00000000e+00  2.49998747e-01 -1.73435976e-06  2.49985024e-01 -1.42919121e-03  2.49968739e-01 -2.85499316e-03  2.49967471e-01 -2.85658669e-03 
 1.95388619e+01  1.00000000e+00  0.00000000e+00  2.49998747e-01 -1.75445678e-06  2.49984733e-01 -1.44574923e-03  2.49968069e-01 -2.88806889e-03  2.49966800e-01 -2.88968088e-03 
 1.97652699e+01  1.00000000e+00  0.00000000e+00  2.49998747e-01 -1.77478668e-06  2.49984435e-01 -1.46249901e-03  2.49967383e-01 -2.92152766e-03  2.49966114e-01 -2.92315832e-03 
 1.99943014e+01  1.00000000e+00  0.00000000e+00  2.49998747e-01 -1.79535215e-06  2.49984131e-01 -1.47944278e-03  2.49966681e-01 -2.95537388e-03  2.49965411e-01 -2.95702344e-03 
 2.02259868e+01  1.00000000e+00  0.00000000e+00  2.49998747e-01 -1.81615592e-06  2.49983819e-01 -1.49658278e-03  2.49965963e-01 -2.98961205e-03  2.49964693e-01 -2.99128072e-03 
 2.04603569e+01  1.00000000e+00  0.00000000e+00  2.49998747e-01 -1.83720076e-06  2.49983501e-01 -1.51392128e-03  2.49965228e-01 -3.02424670e-03  2.49963957e-01 -3.02593469e-03 
 2.06974428e+01  1.00000000e+00  0.00000000e+00  2.49998747e-01 -1.85848946e-06  2.49983174e-01 -1.53146058e-03  2.49964476e-01 -3.05928240e-03  2.49963205e-01 -3.06098995e-03 
 2.09372759e+01  1.00000000e+00  0.00000000e+00  2.49998747e-01 -1.88002484e-06  2.49982841e-01 -1.54920299e-03  2.49963706e-01 -3.09472381e-03  2.49962435e-01 -3.09645114e-03 
 2.11798881e+01  1.00000000e+00  0.00000000e+00  2.49998747e-01 -1.90180977e-06  2.49982499e-01 -1.56715088e-03  2.49962918e-01 -3.13057560e-03  2.49961647e-01 -3.13232294e-03 
 2.14253116e+01  1.00000000e+00  0.00000000e+00  2.49998747e-01 -1.92384713e-06  2.49982149e-01 -1.58530661e-03  2.49962112e-01 -3.16684253e-03  2.49960840e-01 -3.16861011e-03 
 2.16735790e+01  1.00000000e+00  0.00000000e+00  2.49998747e-01 -1.94613985e-06  2.49981792e-01 -1.60367258e-03  2.49961288e-01 -3.20352939e-03  2.49960015e-01 -3.20531745e-03 
 2.19247232e+01  1.00000000e+00  0.00000000e+00  2.49998747e-01 -1.96869088e-06  2.49981426e-01 -1.62225124e-03  2.49960444e-01 -3.24064104e-03  2.49959170e-01 -3.24244981e-03 
 2.21787775e+01  1.00000000e+00  0.00000000e+00  2.49998747e-01 -1.99150323e-06  2.49981051e-01 -1.64104504e-03  2.49959580e-01 -3.27818239e-03  2.49958306e-01 -3.28001212e-03 
 2.24357757e+01  1.00000000e+00  0.00000000e+00  2.49998747e-01 -2.01457992e-06  2.49980668e-01 -1.66005647e-03  2.49958697e-01 -3.31615842e-03  2.49957422e-01 -3.31800934e-03 
 2.26957519e+01  1.00000000e+00  0.00000000e+00  2.49998747e-01 -2.03792401e-06  2.49980276e-01 -1.67928804e-03  2.49957792e-01 -3.35457413e-03  2.49956517e-01 -3.35644649e-03 
 2.29587406e+01  1.00000000e+00  0.00000000e+00  2.49998747e-01 -2.06153861e-06  2.49979874e-01 -1.69874231e-03  2.49956867e-01 -3.39343462e-03  2.49955591e-01 -3.39532867e-03 
 2.32247767e+01  1.00000000e+00  0.00000000e+00  2.49998747e-01 -2.08542684e-06  2.49979463e-01 -1.71842184e-03  2.49955920e-01 -3.43274502e-03  2.49954644e-01 -3.43466102e-03 
 2.34938955e+01  1.00000000e+00  0.00000000e+00  2.49998747e-01 -2.10959187e-06  2.49979043e-01 -1.73832924e-03  2.49954951e-01 -3.47251055e-03  2.49953674e-01 -3.47444873e-03 
 2.37661327e+01  1.00000000e+00  0.00000000e+00  2.49998747e-01 -2.13403692e-06  2.49978613e-01 -1.75846714e-03  2.49953959e-01 -3.51273644e-03  2.49952682e-01 -3.51469708e-03 
 2.40415245e+01  1.00000000e+00  0.00000000e+00  2.49998747e-01 -2.15876523e-06  2.49978173e-01 -1.77883821e-03  2.49952945e-01 -3.55342804e-03  2.49951667e-01 -3.55541138e-03 
 2.43201074e+01  1.00000000e+00  0.00000000e+00  2.49998747e-01 -2.18378008e-06  2.49977723e-01 -1.79944515e-03  2.49951906e-01 -3.59459071e-03  2.49950628e-01 -3.59659703e-03 
 2.46019184e+01  1.00000000e+00  0.00000000e+00  2.49998747e-01 -2.20908479e-06  2.49977262e-01 -1.82029068e-03  2.49950844e-01 -3.63622990e-03  2.49949564e-01 -3.63825946e-03 
 2.48869949e+01  1.00000000e+00  0.00000000e+00  2.49998747e-01 -2.23468272e-06  2.49976790e-01 -1.84137756e-03  2.49949757e-01 -3.67835112e-03  2.49948476e-01 -3.68040419e-03 
 2.51753748e+01  1.00000000e+00  0.00000000e+00  2.49998747e-01 -2.26057727e-06  2.49976308e-01 -1.86270858e-03  2.49948644e-01 -3.72095993e-03  2.49947363e-01 -3.72303678e-03 
 2.54670963e+01  1.00000000e+00  0.00000000e+00  2.49998747e-01 -2.28677187e-06  2.49975814e-01 -1.88428657e-03  2.49947505e-01 -3.76406197e-03  2.49946224e-01 -3.76616288e-03 
 2.57621981e+01  1.00000000e+00  0.00000000e+00  2.49998747e-01 -2.31327001e-06  2.49975308e-01 -1.90611436e-03  2.49946340e-01 -3.80766294e-03  2.49945058e-01 -3.80978818e-03 
 2.60607195e+01  1.00000000e+00  0.00000000e+00  2.49998747e-01 -2.34007519e-06  2.49974791e-01 -1.92819486e-03  2.49945148e-01 -3.85176860e-03  2.49943865e-01 -3.85391845e-03 
 2.63627000e+01  1.00000000e+00  0.00000000e+00  2.49998747e-01 -2.36719099e-06  2.49974262e-01 -1.95053098e-03  2.49943928e-01 -3.89638477e-03  2.49942644e-01 -3.89855953e-03 
 2.66681797e+01  1.00000000e+00  0.00000000e+00  2.49998747e-01 -2.39462098e-06  2.49973721e-01 -1.97312568e-03  2.49942680e-01 -3.94151736e-03  2.49941395e-01 -3.94371730e-03 
 2.69771992e+01  1.00000000e+00  0.00000000e+00  2.49998747e-01 -2.42236883e-06  2.49973166e-01 -1.99598194e-03  2.49941402e-01 -3.98717232e-03  2.49940117e-01 -3.98939775e-03 
 2.72897994e+01  1.00000000e+00  0.00000000e+00  2.49998747e-01 -2.45043821e-06  2.49972599e-01 -2.01910279e-03  2.49940095e-01 -4.03335570e-03  2.49938809e-01 -4.03560690e-03 
 2.76060220e+01  1.00000000e+00  0.00000000e+00  2.49998747e-01 -2.47883284e-06  2.49972019e-01 -2.04249127e-03  2.49938757e-01 -4.08007358e-03  2.49937470e-01 -4.08235086e-03 
 2.79259087e+01  1.00000000e+00  0.00000000e+00  2.49998747e-01 -2.50755649e-06  2.49971425e-01 -2.06615050e-03  2.49937388e-01 -4.12733215e-03  2.49936100e-01 -4.12963580e-03 
 2.82495023e+01  1.00000000e+00  0.00000000e+00  2.49998747e-01 -2.53661299e-06  2.49970818e-01 -2.09008358e-03  2.49935987e-01 -4.17513764e-03  2.49934698e-01 -4.17746797e-03 
 2.85768454e+01  1.00000000e+00  0.00000000e+00  2.49998747e-01 -2.56600617e-06  2.49970196e-01 -2.11429369e-03  2.49934554e-01 -4.22349637e-03  2.49933264e-01 -4.22585369e-03 
 2.89079817e+01  1.00000000e+00  0.00000000e+00  2.49998747e-01 -2.59573996e-06  2.49969560e-01 -2.13878402e-03  2.49933087e-01 -4.27241472e-03  2.49931796e-01 -4.27479934e-03 
 2.92429550e+01  1.00000000e+00  0.00000000e+00  2.49998747e-01 -2.62581828e-06  2.49968909e-01 -2.16355782e-03  2.49931586e-01 -4.32189915e-03  2.49930294e-01 -4.32431139e-03 
 2.95818099e+01  1.00000000e+00  0.00000000e+00  2.49998747e-01 -2.65624515e-06  2.49968243e-01 -2.18861834e-03  2.49930050e-01 -4.37195620e-03  2.49928757e-01 -4.37439638e-03 
 2.99245913e+01  1.00000000e+00  0.00000000e+00  2.49998747e-01 -2.68702458e-06  2.49967561e-01 -2.21396891e-03  2.49928478e-01 -4.42259247e-03  2.49927185e-01 -4.42506090e-03 
 3.02713447e+01  1.00000000e+00  0.00000000e+00  2.49998747e-01 -2.71816067e-06  2.49966863e-01 -2.23961288e-03  2.49926870e-01 -4.47381464e-03  2.49925575e-01 -4.47631166e-03 
 3.06221161e+01  1.00000000e+00  0.00000000e+00  2.49998747e-01 -2.74965756e-06  2.49966149e-01 -2.26555362e-03  2.49925224e-01 -4.52562947e-03  2.49923928e-01 -4.52815542e-03 
 3.09769521e+01  1.00000000e+00  0.00000000e+00  2.49998747e-01 -2.78151942e-06  2.49965419e-01 -2.29179457e-03  2.49923540e-01 -4.57804381e-03  2.49922243e-01 -4.58059900e-03 
 3.13358998e+01  1.00000000e+00  0.00000000e+00  2.49998747e-01 -2.81375047e-06  2.49964671e-01 -2.31833919e-03  2.49921816e-01 -4.63106456e-03  2.49920518e-01 -4.63364935e-03 
 3.16990068e+01  1.00000000e+00  0.00000000e+00  2.49998747e-01 -2.84635501e-06  2.49963906e-01 -2.34519099e-03  2.49920053e-01 -4.68469872e-03  2.49918754e-01 -4.68731344e-03 
 3.20663214e+01  1.00000000e+00  0.00000000e+00  2.49998747e-01 -2.87933736e-06  2.49963124e-01 -2.37235350e-03  2.49918248e-01 -4.73895336e-03  2.49916948e-01 -4.74159836e-03 
 3.24378922e+01  1.00000000e+00  0.00000000e+00  2.49998747e-01 -2.91270189e-06  2.49962323e-01 -2.39983033e-03  2.49916401e-01 -4.79383565e-03  2.49915100e-01 -4.79651127e-03 
 3.28137686e+01  1.00000000e+00  0.00000000e+00  2.49998747e-01 -2.94645304e-06  2.49961503e-01 -2.42762508e-03  2.49914512e-01 -4.84935280e-03  2.49913209e-01 -4.85205941e-03 
 3.31940006e+01  1.00000000e+00  0.00000000e+00  2.49998747e-01 -2.98059528e-06  2.49960664e-01 -2.45574144e-03  2.49912578e-01 -4.90551215e-03  2.49911274e-01 -4.90825010e-03 
 3.35786385e+01  1.00000000e+00  0.00000000e+00  2.49998747e-01 -3.01513314e-06  2.49959806e-01 -2.48418311e-03  2.49910599e-01 -4.96232109e-03  2.49909294e-01 -4.96509075e-03 
 3.39677334e+01  1.00000000e+00  0.00000000e+00  2.49998747e-01 -3.05007122e-06  2.49958927e-01 -2.51295384e-03  2.49908574e-01 -5.01978711e-03  2.49907268e-01 -5.02258884e-03 
 3.43613370e+01  1.00000000e+00  0.00000000e+00  2.49998747e-01 -3.08541414e-06  2.49958029e-01 -2.54205743e-03  2.49906502e-01 -5.07791779e-03  2.49905194e-01 -5.08075196e-03 
 3.47595015e+01  1.00000000e+00  0.00000000e+00  2.49998747e-01 -3.12116660e-06  2.49957109e-01 -2.57149771e-03  2.49904381e-01 -5.13672078e-03  2.49903072e-01 -5.13958776e-03 
 3.51622798e+01  1.00000000e+00  0.00000000e+00  2.49998747e-01 -3.15733335e-06  2.49956168e-01 -2.60127858e-03  2.49902212e-01 -5.19620382e-03  2.49900901e-01 -5.19910400e-03 
 3.55697252e+01  1.00000000e+00  0.00000000e+00  2.49998747e-01 -3.19391918e-06  2.49955205e-01 -2.63140395e-03  2.49899991e-01 -5.25637476e-03  2.49898680e-01 -5.25930852e-03 
 3.59818920e+01  1.00000000e+00  0.00000000e+00  2.49998747e-01 -3.23092895e-06  2.49954219e-01 -2.66187780e-03  2.49897719e-01 -5.31724150e-03  2.49896406e-01 -5.32020923e-03 
 3.63988348e+01  1.00000000e+00  0.00000000e+00  2.49998747e-01 -3.26836757e-06  2.49953211e-01 -2.69270414e-03  2.49895394e-01 -5.37881208e-03  2.49894080e-01 -5.38181417e-03 
 3.68206090e+01  1.00000000e+00  0.00000000e+00  2.49998747e-01 -3.30624002e-06  2.49952179e-01 -2.72388704e-03  2.49893015e-01 -5.44109458e-03  2.49891699e-01 -5.44413143e-03 
 3.72472705e+01  1.00000000e+00  0.00000000e+00  2.49998747e-01 -3.34455132e-06  2.49951123e-01 -2.75543061e-03  2.49890581e-01 -5.50409721e-03  2.49889263e-01 -5.50716922e-03 
 3.76788759e+01  1.00000000e+00  0.00000000e+00  2.49998747e-01 -3.38330655e-06  2.49950042e-01 -2.78733900e-03  2.49888090e-01 -5.56782825e-03  2.49886770e-01 -5.57093583e-03 
 3.81154826e+01  1.00000000e+00  0.00000000e+00  2.49998747e-01 -3.42251086e-06  2.49948937e-01 -2.81961641e-03  2.49885540e-01 -5.63229610e-03  2.49884219e-01 -5.63543965e-03 
 3.85571486e+01  1.00000000e+00  0.00000000e+00  2.49998747e-01 -3.46216946e-06  2.49947805e-01 -2.85226710e-03  2.49882932e-01 -5.69750921e-03  2.49881609e-01 -5.70068916e-03 
 3.90039324e+01  1.00000000e+00  0.00000000e+00  2.49998747e-01 -3.50228760e-06  2.49946647e-01 -2.88529537e-03  2.49880262e-01 -5.76347618e-03  2.49878938e-01 -5.76669294e-03 
 3.94558933e+01  1.00000000e+00  0.00000000e+00  2.49998747e-01 -3.54287061e-06  2.49945463e-01 -2.91870556e-03  2.49877531e-01 -5.83020567e-03  2.49876205e-01 -5.83345967e-03 
 3.99130913e+01  1.00000000e+00  0.00000000e+00  2.49998747e-01 -3.58392388e-06  2.49944250e-01 -2.95250207e-03  2.49874735e-01 -5.89770646e-03  2.49873408e-01 -5.90099812e-03 
 4.03755872e+01  1.00000000e+00  0.00000000e+00  2.49998747e-01 -3.62545286e-06  2.49943009e-01 -2.98668935e-03  2.49871875e-01 -5.96598740e-03  2.49870546e-01 -5.96931717e-03 
 4.08434422e+01  1.00000000e+00  0.00000000e+00  2.49998747e-01 -3.66746306e-06  2.49941740e-01 -3.02127189e-03  2.49868948e-01 -6.03505748e-03  2.49867617e-01 -6.03842579e-03 
 4.13167186e+01  1.00000000e+00  0.00000000e+00  2.49998747e-01 -3.70996006e-06  2.49940441e-01 -3.05625425e-03  2.49865953e-01 -6.10492576e-03  2.49864620e-01 -6.10833306e-03 
 4.17954791e+01  1.00000000e+00  0.00000000e+00  2.49998747e-01 -3.75294949e-06  2.49939111e-01 -3.09164103e-03  2.49862888e-01 -6.17560141e-03  2.49861553e-01 -6.17904816e-03 
 4.22797872e+01  1.00000000e+00  0.00000000e+00  2.49998747e-01 -3.79643706e-06  2.49937751e-01 -3.12743688e-03  2.49859752e-01 -6.24709372e-03  2.49858415e-01 -6.25058036e-03 
 4.27697074e+01  1.00000000e+00  0.00000000e+00  2.49998747e-01 -3.84042856e-06  2.49936359e-01 -3.16364651e-03  2.49856543e-01 -6.31941206e-03  2.49855204e-01 -6.32293906e-03 
 4.32653045e+01  1.00000000e+00  0.00000000e+00  2.49998747e-01 -3.88492980e-06  2.49934935e-01 -3.20027467e-03  2.49853259e-01 -6.39256593e-03  2.49851918e-01 -6.39613375e-03 
 4.37666443e+01  1.00000000e+00  0.00000000e+00  2.49998747e-01 -3.92994671e-06  2.49933477e-01 -3.23732617e-03  2.49849899e-01 -6.46656491e-03  2.49848555e-01 -6.47017403e-03 
 4.42737935e+01  1.00000000e+00  0.00000000e+00  2.49998747e-01 -3.97548525e-06  2.49931986e-01 -3.27480590e-03  2.49846460e-01 -6.54141872e-03  2.49845114e-01 -6.54506960e-03 
 4.47868193e+01  1.00000000e+00  0.00000000e+00  2.49998747e-01 -4.02155148e-06  2.49930459e-01 -3.31271876e-03  2.49842941e-01 -6.61713716e-03  2.49841593e-01 -6.62083029e-03 
 4.53057899e+01  1.00000000e+00  0.00000000e+00  2.49998747e-01 -4.06815150e-06  2.49928898e-01 -3.35106974e-03  2.49839341e-01 -6.69373015e-03  2.49837990e-01 -6.69746603e-03 
 4.58307740e+01  1.00000000e+00  0.00000000e+00  2.49998747e-01 -4.11529150e-06  2.49927299e-01 -3.38986387e-03  2.49835656e-01 -6.77120773e-03  2.49834303e-01 -6.77498685e-03 
 4.63618414e+01  1.00000000e+00  0.00000000e+00  2.49998747e-01 -4.16297774e-06  2.49925664e-01 -3.42910624e-03  2.49831886e-01 -6.84958006e-03  2.49830531e-01 -6.85340290e-03 
 4.68990627e+01  1.00000000e+00  0.00000000e+00  2.49998747e-01 -4.21121655e-06  2.49923991e-01 -3.46880201e-03  2.49828028e-01 -6.92885738e-03  2.49826670e-01 -6.93272446e-03 
 4.74425090e+01  1.00000000e+00  0.00000000e+00  2.49998747e-01 -4.26001433e-06  2.49922278e-01 -3.50895637e-03  2.49824080e-01 -7.00905007e-03  2.49822720e-01 -7.01296190e-03 
 4.79922525e+01  1.00000000e+00  0.00000000e+00  2.49998747e-01 -4.30937755e-06  2.49920526e-01 -3.54957460e-03  2.49820040e-01 -7.09016863e-03  2.49818677e-01 -7.09412573e-03 
 4.85483662e+01  1.00000000e+00  0.00000000e+00  2.49998747e-01 -4.35931278e-06  2.49918733e-01 -3.59066201e-03  2.49815906e-01 -7.17222367e-03  2.49814541e-01 -7.17622655e-03 
 4.91109240e+01  1.00000000e+00  0.00000000e+00  2.49998747e-01 -4.40982664e-06  2.49916898e-01 -3.63222400e-03  2.49811676e-01 -7.25522592e-03  2.49810308e-01 -7.25927511e-03 
 4.96800004e+01  1.00000000e+00  0.00000000e+00  2.49998747e-01 -4.46092582e-06  2.49915020e-01 -3.67426600e-03  2.49807347e-01 -7.33918622e-03  2.49805977e-01 -7.34328227e-03 
 5.02556710e+01  1.00000000e+00  0.00000000e+00  2.49998747e-01 -4.51261713e-06  2.49913099e-01 -3.71679354e-03  2.49802918e-01 -7.42411555e-03  2.49801545e-01 -7.42825898e-03 
 5.08380122e+01  1.00000000e+00  0.00000000e+00  2.49998747e-01 -4.56490741e-06  2.49911133e-01 -3.75981216e-03  2.49798386e-01 -7.51002499e-03  2.49797009e-01 -7.51421636e-03 
 5.14271014e+01  1.00000000e+00  0.00000000e+00  2.49998747e-01 -4.61780360e-06  2.49909121e-01 -3.80332752e-03  2.49793748e-01 -7.59692577e-03  2.49792368e-01 -7.60116563e-03 
 5.20230167e+01  1.00000000e+00  0.00000000e+00  2.49998747e-01 -4.67131274e-06  2.49907063e-01 -3.84734529e-03  2.49789002e-01 -7.68482923e-03  2.49787619e-01 -7.68911814e-03 
 5.26258372e+01  1.00000000e+00  0.00000000e+00  2.49998747e-01 -4.72544192e-06  2.49904956e-01 -3.89187123e-03  2.49784145e-01 -7.77374683e-03  2.49782760e-01 -7.77808535e-03 
 5.32356429e+01  1.00000000e+00  0.00000000e+00  2.49998747e-01 -4.78019832e-06  2.49902801e-01 -3.93691118e-03  2.49779176e-01 -7.86369017e-03  2.49777787e-01 -7.86807888e-03 
 5.38525148e+01  1.00000000e+00  0.00000000e+00  2.49998747e-01 -4.83558922e-06  2.49900595e-01 -3.98247102e-03  2.49774091e-01 -7.95467097e-03  2.49772699e-01 -7.95911044e-03 
 5.44765348e+01  1.00000000e+00  0.00000000e+00  2.49998747e-01 -4.89162196e-06  2.49898338e-01 -4.02855669e-03  2.49768887e-01 -8.04670109e-03  2.49767492e-01 -8.05119191e-03 
 5.51077856e+01  1.00000000e+00  0.00000000e+00  2.49998747e-01 -4.94830399e-06  2.49896029e-01 -4.07517423e-03  2.49763563e-01 -8.13979252e-03  2.49762164e-01 -8.14433528e-03 
 5.57463511e+01  1.00000000e+00  0.00000000e+00  2.49998747e-01 -5.00564282e-06  2.49893665e-01 -4.12232971e-03  2.49758114e-01 -8.23395737e-03  2.49756713e-01 -8.23855267e-03 
 5.63923160e+01  1.00000000e+00  0.00000000e+00  2.49998747e-01 -5.06364607e-06  2.49891247e-01 -4.17002930e-03  2.49752539e-01 -8.32920790e-03  2.49751134e-01 -8.33385634e-03 
 5.70457661e+01  1.00000000e+00  0.00000000e+00  2.49998747e-01 -5.12232144e-06  2.49888772e-01 -4.21827921e-03  2.49746834e-01 -8.42555649e-03  2.49745425e-01 -8.43025869e-03 
 5.77067880e+01  1.00000000e+00  0.00000000e+00  2.49998747e-01 -5.18167671e-06  2.49886240e-01 -4.26708575e-03  2.49740996e-01 -8.52301567e-03  2.49739584e-01 -8.52777225e-03 
 5.83754697e+01  1.00000000e+00  0.00000000e+00  2.49998747e-01 -5.24171977e-06  2.49883649e-01 -4.31645526e-03  2.49735023e-01 -8.62159811e-03  2.49733606e-01 -8.62640969e-03 
 5.90518997e+01  1.00000000e+00  0.00000000e+00  2.49998747e-01 -5.30245858e-06  2.49880998e-01 -4.36639419e-03  2.49728910e-01 -8.72131660e-03  2.49727490e-01 -8.72618382e-03 
 5.97361679e+01  1.00000000e+00  0.00000000e+00  2.49998747e-01 -5.36390120e-06  2.49878285e-01 -4.41690904e-03  2.49722656e-01 -8.82218409e-03  2.49721231e-01 -8.82710759e-03 
 6.04283651e+01  1.00000000e+00  0.00000000e+00  2.49998747e-01 -5.42605580e-06  2.49875509e-01 -4.46800639e-03  2.49716255e-01 -8.92421368e-03  2.49714827e-01 -8.92919409e-03 
 6.11285831e+01  1.00000000e+00  0.00000000e+00  2.49998747e-01 -5.48893062e-06  2.49872668e-01 -4.51969289e-03  2.49709706e-01 -9.02741857e-03  2.49708274e-01 -9.03245657e-03 
 6.18369151e+01  1.00000000e+00  0.00000000e+00  2.49998747e-01 -5.55253400e-06  2.49869761e-01 -4.57197525e-03  2.49703005e-01 -9.13181216e-03  2.49701568e-01 -9.13690840e-03 
 6.25534548e+01  1.00000000e+00  0.00000000e+00  2.49998747e-01 -5.61687439e-06  2.49866786e-01 -4.62486029e-03  2.49696147e-01 -9.23740797e-03  2.49694706e-01 -9.24256311e-03 
 6.32782975e+01  1.00000000e+00  0.00000000e+00  2.49998747e-01 -5.68196034e-06  2.49863743e-01 -4.67835487e-03  2.49689130e-01 -9.34421965e-03  2.49687685e-01 -9.34943439e-03 
 6.40115394e+01  1.00000000e+00  0.00000000e+00  2.49998747e-01 -5.74780047e-06  2.49860628e-01 -4.73246593e-03  2.49681950e-01 -9.45226104e-03  2.49680500e-01 -9.45753605e-03 
 6.47532778e+01  1.00000000e+00  0.00000000e+00  2.49998747e-01 -5.81440352e-06  2.49857441e-01 -4.78720051e-03  2.49674603e-01 -9.56154609e-03  2.49673148e-01 -9.56688207e-03 
 6.55036111e+01  1.00000000e+00  0.00000000e+00  2.49998747e-01 -5.88177835e-06  2.49854180e-01 -4.84256571e-03  2.49667085e-01 -9.67208894e-03  2.49665625e-01 -9.67748658e-03 
 6.62626390e+01  1.00000000e+00  0.00000000e+00  2.49998747e-01 -5.94993388e-06  2.49850843e-01 -4.89856870e-03  2.49659392e-01 -9.78390385e-03  2.49657928e-01 -9.78936387e-03 
 6.70304622e+01  1.00000000e+00  0.00000000e+00  2.49998747e-01 -6.01887917e-06  2.49847429e-01 -4.95521675e-03  2.49651520e-01 -9.89700525e-03  2.49650051e-01 -9.90252837e-03 
 6.78071825e+01  1.00000000e+00  0.00000000e+00  2.49998747e-01 -6.08862338e-06  2.49843935e-01 -5.01251719e-03  2.49643465e-01 -1.00114077e-02  2.49641991e-01 -1.00169947e-02 
 6.85929032e+01  1.00000000e+00  0.00000000e+00  2.49998747e-01 -6.15917574e-06  2.49840360e-01 -5.07047744e-03  2.49635223e-01 -1.01271260e-02  2.49633744e-01 -1.01327775e-02 
 6.93877285e+01  1.00000000e+00  0.00000000e+00  2.49998747e-01 -6.23054564e-06  2.49836701e-01 -5.12910501e-03  2.49626789e-01 -1.02441751e-02  2.49625304e-01 -1.02498919e-02 
 7.01917638e+01  1.00000000e+00  0.00000000e+00  2.49998747e-01 -6.30274254e-06  2.49832958e-01 -5.18840747e-03  2.49618160e-01 -1.03625699e-02  2.49616669e-01 -1.03683527e-02 
 7.10051160e+01  1.00000000e+00  0.00000000e+00  2.49998747e-01 -6.37577603e-06  2.49829128e-01 -5.24839249e-03  2.49609329e-01 -1.04823258e-02  2.49607833e-01 -1.04881754e-02 
 7.18278930e+01  1.00000000e+00  0.00000000e+00  2.49998747e-01 -6.44965580e-06  2.49825208e-01 -5.30906782e-03  2.49600293e-01 -1.06034580e-02  2.49598792e-01 -1.06093752e-02 
 7.26602039e+01  1.00000000e+00  0.00000000e+00  2.49998747e-01 -6.52439166e-06  2.49821198e-01 -5.37044128e-03  2.49591047e-01 -1.07259822e-02  2.49589540e-01 -1.07319677e-02 
 7.35021593e+01  1.00000000e+00  0.00000000e+00  2.49998747e-01 -6.59999352e-06  2.49817094e-01 -5.43252080e-03  2.49581587e-01 -1.08499141e-02  2.49580073e-01 -1.08559688e-02 
 7.43538710e+01  1.00000000e+00  0.00000000e+00  2.49998747e-01 -6.67647143e-06  2.49812895e-01 -5.49531437e-03  2.49571906e-01 -1.09752695e-02  2.49570386e-01 -1.09813941e-02 
 7.52154519e+01  1.00000000e+00  0.00000000e+00  2.49998747e-01 -6.75383553e-06  2.49808598e-01 -5.55883008e-03  2.49562000e-01 -1.11020646e-02  2.49560474e-01 -1.11082599e-02 
 7.60870164e+01  1.00000000e+00  0.00000000e+00  2.49998747e-01 -6.83209609e-06  2.49804201e-01 -5.62307612e-03  2.49551865e-01 -1.12303155e-02  2.49550332e-01 -1.12365824e-02 
 7.69686803e+01  1.00000000e+00  0.00000000e+00  2.49998747e-01 -6.91126350e-06  2.49799702e-01 -5.68806074e-03  2.49541493e-01 -1.13600387e-02  2.49539954e-01 -1.13663779e-02 
 7.78605605e+01  1.00000000e+00  0.00000000e+00  2.49998747e-01 -6.99134827e-06  2.49795099e-01 -5.75379229e-03  2.49530881e-01 -1.14912507e-02  2.49529335e-01 -1.14976631e-02 
 7.87627754e+01  1.00000000e+00  0.00000000e+00  2.49998747e-01 -7.07236103e-06  2.49790389e-01 -5.82027922e-03  2.49520022e-01 -1.16239683e-02  2.49518469e-01 -1.16304547e-02 
 7.96754448e+01  1.00000000e+00  0.00000000e+00  2.49998747e-01 -7.15431253e-06  2.49785569e-01 -5.88753007e-03  2.49508911e-01 -1.17582084e-02  2.49507351e-01 -1.17647697e-02 
 8.05986898e+01  1.00000000e+00  0.00000000e+00  2.49998747e-01 -7.23721365e-06  2.49780637e-01 -5.95555345e-03  2.49497541e-01 -1.18939881e-02  2.49495975e-01 -1.19006251e-02 
 8.15326330e+01  1.00000000e+00  0.00000000e+00  2.49998747e-01 -7.32107539e-06  2.49775591e-01 -6.02435808e-03  2.49485908e-01 -1.20313246e-02  2.49484334e-01 -1.20380382e-02 
 8.24773983e+01  1.00000000e+00  0.00000000e+00  2.49998747e-01 -7.40590888e-06  2.49770427e-01 -6.09395277e-03  2.49474004e-01 -1.21702356e-02  2.49472423e-01 -1.21770266e-02 
 8.34331112e+01  1.00000000e+00  0.00000000e+00  2.49998747e-01 -7.49172539e-06  2.49765144e-01 -6.16434641e-03  2.49461824e-01 -1.23107385e-02  2.49460235e-01 -1.23176079e-02 
 8.43998985e+01  1.00000000e+00  0.00000000e+00  2.49998747e-01 -7.57853631e-06  2.49759738e-01 -6.23554802e-03  2.49449361e-01 -1.24528512e-02  2.49447764e-01 -1.24597999e-02 
 8.53778885e+01  1.00000000e+00  0.00000000e+00  2.49998747e-01 -7.66635315e-06  2.49754206e-01 -6.30756668e-03  2.49436609e-01 -1.25965918e-02  2.49435003e-01 -1.26036206e-02 
 8.63672110e+01  1.00000000e+00  0.00000000e+00  2.49998747e-01 -7.75518757e-06  2.49748545e-01 -6.38041157e-03  2.49423560e-01 -1.27419784e-02  2.49421947e-01 -1.27490883e-02 
 8.73679973e+01  1.00000000e+00  0.00000000e+00  2.49998747e-01 -7.84505137e-06  2.49742754e-01 -6.45409198e-03  2.49410209e-01 -1.28890295e-02  2.49408587e-01 -1.28962214e-02 
 8.83803804e+01  1.00000000e+00  0.00000000e+00  2.49998747e-01 -7.93595648e-06  2.49736828e-01 -6.52861729e-03  2.49396547e-01 -1.30377635e-02  2.49394917e-01 -1.30450384e-02 
 8.94044945e+01  1.00000000e+00  0.00000000e+00  2.49998747e-01 -8.02791495e-06  2.49730764e-01 -6.60399698e-03  2.49382569e-01 -1.31881994e-02  2.49380929e-01 -1.31955581e-02 
 9.04404756e+01  1.00000000e+00  0.00000000e+00  2.49998747e-01 -8.12093900e-06  2.49724559e-01 -6.68024063e-03  2.49368266e-01 -1.33403560e-02  2.49366617e-01 -1.33477995e-02 
 9.14884612e+01  1.00000000e+00  0.00000000e+00  2.49998747e-01 -8.21504098e-06  2.49718211e-01 -6.75735792e-03  2.49353631e-01 -1.34942524e-02  2.49351973e-01 -1.35017818e-02 
 9.25485904e+01  1.00000000e+00  0.00000000e+00  2.49998747e-01 -8.31023336e-06  2.49711715e-01 -6.83535863e-03  2.49338656e-01 -1.36499081e-02  2.49336989e-01 -1.36575243e-02 
 9.36210039e+01  1.00000000e+00  0.00000000e+00  2.49998747e-01 -8.40652880e-06  2.49705069e-01 -6.91425263e-03  2.49323334e-01 -1.38073426e-02  2.49321657e-01 -1.38150465e-02 
 9.47058441e+01  1.00000000e+00  0.00000000e+00  2.49998747e-01 -8.50394006e-06  2.49698268e-01 -6.99404992e-03  2.49307657e-01 -1.39665756e-02  2.49305970e-01 -1.39743683e-02 
 9.58032550e+01  1.00000000e+00  0.00000000e+00  2.49998747e-01 -8.60248009e-06  2.49691309e-01 -7.07476056e-03  2.49291616e-01 -1.41276271e-02  2.49289918e-01 -1.41355096e-02 
 9.69133822e+01  1.00000000e+00  0.00000000e+00  2.49998747e-01 -8.70216195e-06  2.49684189e-01 -7.15639476e-03  2.49275202e-01 -1.42905171e-02  2.49273494e-01 -1.42984905e-02 
 9.80363731e+01  1.00000000e+00  0.00000000e+00  2.49998747e-01 -8.80299889e-06  2.49676904e-01 -7.23896281e-03  2.49258408e-01 -1.44552661e-02  2.49256690e-01 -1.44633313e-02 
 9.91723767e+01  1.00000000e+00  0.00000000e+00  2.49998747e-01 -8.90500428e-06  2.49669450e-01 -7.32247510e-03  2.49241225e-01 -1.46218946e-02  2.49239495e-01 -1.46300527e-02 
 1.00321544e+02  1.00000000e+00  0.00000000e+00  2.49998747e-01 -9.00819167e-06  2.49661823e-01 -7.40694214e-03  2.49223643e-01 -1.47904233e-02  2.49221902e-01 -1.47986754e-02 
 1.01484027e+02  1.00000000e+00  0.00000000e+00  2.49998747e-01 -9.11257474e-06  2.49654019e-01 -7.49237453e-03  2.49205653e-01 -1.49608732e-02  2.49203901e-01 -1.49692203e-02 
 1.02659981e+02  1.00000000e+00  0.00000000e+00  2.49998747e-01 -9.21816737e-06  2.49646034e-01 -7.57878300e-03  2.49187246e-01 -1.51332654e-02  2.49185483e-01 -1.51417086e-02 
 1.03849561e+02  1.00000000e+00  0.00000000e+00  2.49998747e-01 -9.32498356e-06  2.49637864e-01 -7.66617838e-03  2.49168413e-01 -1.53076213e-02  2.49166638e-01 -1.53161617e-02 
 1.05052925e+02  1.00000000e+00  0.00000000e+00  2.49998747e-01 -9.43303748e-06  2.49629505e-01 -7.75457158e-03  2.49149143e-01 -1.54839625e-02  2.49147356e-01 -1.54926011e-02 
 1.06270233e+02  1.00000000e+00  0.00000000e+00  2.49998747e-01 -9.54234349e-06  2.49620951e-01 -7.84397367e-03  2.49129427e-01 -1.56623107e-02  2.49127627e-01 -1.56710488e-02 
 1.07501648e+02  1.00000000e+00  0.00000000e+00  2.49998747e-01 -9.65291609e-06  2.49612200e-01 -7.93439578e-03  2.49109254e-01 -1.58426880e-02  2.49107441e-01 -1.58515265e-02 
 1.08747331e+02  1.00000000e+00  0.00000000e+00  2.49998747e-01 -9.76476996e-06  2.49603246e-01 -8.02584919e-03  2.49088613e-01 -1.60251164e-02  2.49086787e-01 -1.60340567e-02 
 1.10007448e+02  1.00000000e+00  0.00000000e+00  2.49998747e-01 -9.87791994e-06  2.49594084e-01 -8.11834526e-03  2.49067494e-01 -1.62096185e-02  2.49065655e-01 -1.62186616e-02 
 1.11282168e+02  1.00000000e+00  0.00000000e+00  2.49998747e-01 -9.99238106e-06  2.49584711e-01 -8.21189549e-03  2.49045887e-01 -1.63962169e-02  2.49044033e-01 -1.64053640e-02 
 1.12571658e+02  1.00000000e+00  0.00000000e+00  2.49998747e-01 -1.01081685e-05  2.49575120e-01 -8.30651148e-03  2.49023778e-01 -1.65849344e-02  2.49021911e-01 -1.65941866e-02 
 1.13876090e+02  1.00000000e+00  0.00000000e+00  2.49998747e-01 -1.02252976e-05  2.49565307e-01 -8.40220493e-03  2.49001158e-01 -1.67757939e-02  2.48999277e-01 -1.67851525e-02 
 1.15195638e+02  1.00000000e+00  0.00000000e+00  2.49998747e-01 -1.03437840e-05  2.49555267e-01 -8.49898767e-03  2.48978015e-01 -1.69688189e-02  2.48976119e-01 -1.69782851e-02 
 1.16530476e+02  1.00000000e+00  0.00000000e+00  2.49998747e-01 -1.04636434e-05  2.49544994e-01 -8.59687164e-03  2.48954335e-01 -1.71640328e-02  2.48952424e-01 -1.71736078e-02 
 1.17880781e+02  1.00000000e+00  0.00000000e+00  2.49998747e-01 -1.05848916e-05  2.49534484e-01 -8.69586890e-03  2.48930108e-01 -1.73614593e-02  2.48928181e-01 -1.73711443e-02 
 1.19246733e+02  1.00000000e+00  0.00000000e+00  2.49998747e-01 -1.07075448e-05  2.49523730e-01 -8.79599161e-03  2.48905320e-01 -1.75611223e-02  2.48903378e-01 -1.75709185e-02 
 1.20628513e+02  1.00000000e+00  0.00000000e+00  2.49998747e-01 -1.08316193e-05  2.49512727e-01 -8.89725206e-03  2.48879959e-01 -1.77630459e-02  2.48878000e-01 -1.77729546e-02 
 1.22026305e+02  1.00000000e+00  0.00000000e+00  2.49998747e-01 -1.09571314e-05  2.49501470e-01 -8.99966264e-03  2.48854010e-01 -1.79672544e-02  2.48852036e-01 -1.79772769e-02 
 1.23440294e+02  1.00000000e+00  0.00000000e+00  2.49998747e-01 -1.10840980e-05  2.49489953e-01 -9.10323589e-03  2.48827462e-01 -1.81737726e-02  2.48825471e-01 -1.81839101e-02 
 1.24870667e+02  1.00000000e+00  0.00000000e+00  2.49998747e-01 -1.12125358e-05  2.49478169e-01 -9.20798443e-03  2.48800300e-01 -1.83826250e-02  2.48798291e-01 -1.83928789e-02 
 1.26317615e+02  1.00000000e+00  0.00000000e+00  2.49998747e-01 -1.13424619e-05  2.49466113e-01 -9.31392101e-03  2.48772510e-01 -1.85938367e-02  2.48770484e-01 -1.86042083e-02 
 1.27781330e+02  1.00000000e+00  0.00000000e+00  2.49998747e-01 -1.14738935e-05  2.49453778e-01 -9.42105851e-03  2.48744078e-01 -1.88074330e-02  2.48742034e-01 -1.88179236e-02 
 1.29262005e+02  1.00000000e+00  0.00000000e+00  2.49998747e-01 -1.16068481e-05  2.49441158e-01 -9.52940991e-03  2.48714989e-01 -1.90234393e-02  2.48712926e-01 -1.90340502e-02 
 1.30759838e+02  1.00000000e+00  0.00000000e+00  2.49998747e-01 -1.17413433e-05  2.49428246e-01 -9.63898832e-03  2.48685228e-01 -1.92418813e-02  2.48683146e-01 -1.92526138e-02 
 1.32275027e+02  1.00000000e+00  0.00000000e+00  2.49998747e-01 -1.18773969e-05  2.49415036e-01 -9.74980696e-03  2.48654779e-01 -1.94627848e-02  2.48652678e-01 -1.94736403e-02 
 1.33807774e+02  1.00000000e+00  0.00000000e+00  2.49998747e-01 -1.20150271e-05  2.49401521e-01 -9.86187918e-03  2.48623627e-01 -1.96861758e-02  2.48621506e-01 -1.96971558e-02 
 1.35358281e+02  1.00000000e+00  0.00000000e+00  2.49998747e-01 -1.21542521e-05  2.49387693e-01 -9.97521844e-03  2.48591755e-01 -1.99120809e-02  2.48589614e-01 -1.99231866e-02 
 1.36926755e+02  1.00000000e+00  0.00000000e+00  2.49998747e-01 -1.22950904e-05  2.49373547e-01 -1.00898383e-02  2.48559148e-01 -2.01405264e-02  2.48556987e-01 -2.01517594e-02 
 1.38513404e+02  1.00000000e+00  0.00000000e+00  2.49998747e-01 -1.24375607e-05  2.49359073e-01 -1.02057525e-02  2.48525789e-01 -2.03715391e-02  2.48523606e-01 -2.03829007e-02 
 1.40118438e+02  1.00000000e+00  0.00000000e+00  2.49998747e-01 -1.25816818e-05  2.49344266e-01 -1.03229749e-02  2.48491659e-01 -2.06051461e-02  2.48489455e-01 -2.06166377e-02 
 1.41742071e+02  1.00000000e+00  0.00000000e+00  2.49998747e-01 -1.27274730e-05  2.49329117e-01 -1.04415193e-02  2.48456743e-01 -2.08413744e-02  2.48454516e-01 -2.08529976e-02 
 1.43384517e+02  1.00000000e+00  0.00000000e+00  2.49998747e-01 -1.28749535e-05  2.49313619e-01 -1.05613999e-02  2.48421021e-01 -2.10802515e-02  2.48418772e-01 -2.10920077e-02 
 1.45045996e+02  1.00000000e+00  0.00000000e+00  2.49998747e-01 -1.30241429e-05  2.49297763e-01 -1.06826308e-02  2.48384475e-01 -2.13218050e-02  2.48382203e-01 -2.13336956e-02 
 1.46726727e+02  1.00000000e+00  0.00000000e+00  2.49998747e-01 -1.31750611e-05  2.49281541e-01 -1.08052263e-02  2.48347087e-01 -2.15660627e-02  2.48344791e-01 -2.15780893e-02 
 1.48426933e+02  1.00000000e+00  0.00000000e+00  2.49998746e-01 -1.33277281e-05  2.49264946e-01 -1.09292009e-02  2.48308838e-01 -2.18130527e-02  2.48306518e-01 -2.18252168e-02 
 1.50146841e+02  1.00000000e+00  0.00000000e+00  2.49998746e-01 -1.34821642e-05  2.49247968e-01 -1.10545691e-02  2.48269707e-01 -2.20628032e-02  2.48267362e-01 -2.20751064e-02 
 1.51886679e+02  1.00000000e+00  0.00000000e+00  2.49998746e-01 -1.36383897e-05  2.49230599e-01 -1.11813455e-02  2.48229675e-01 -2.23153427e-02  2.48227304e-01 -2.23277864e-02 
 1.53646677e+02  1.00000000e+00  0.00000000e+00  2.49998746e-01 -1.37964255e-05  2.49212829e-01 -1.13095449e-02  2.48188721e-01 -2.25706999e-02  2.48186325e-01 -2.25832857e-02 
 1.55427069e+02  1.00000000e+00  0.00000000e+00  2.49998746e-01 -1.39562926e-05  2.49194651e-01 -1.14391822e-02  2.48146824e-01 -2.28289037e-02  2.48144401e-01 -2.28416332e-02 
 1.57228091e+02  1.00000000e+00  0.00000000e+00  2.49998746e-01 -1.41180122e-05  2.49176054e-01 -1.15702724e-02  2.48103964e-01 -2.30899831e-02  2.48101513e-01 -2.31028578e-02 
 1.59049983e+02  1.00000000e+00  0.00000000e+00  2.49998746e-01 -1.42816057e-05  2.49157029e-01 -1.17028307e-02  2.48060117e-01 -2.33539674e-02  2.48057639e-01 -2.33669890e-02 
 1.60892987e+02  1.00000000e+00  0.00000000e+00  2.49998746e-01 -1.44470948e-05  2.49137567e-01 -1.18368723e-02  2.48015261e-01 -2.36208861e-02  2.48012755e-01 -2.36340563e-02 
 1.62757346e+02  1.00000000e+00  0.00000000e+00  2.49998746e-01 -1.46145016e-05  2.49117656e-01 -1.19724125e-02  2.47969375e-01 -2.38907690e-02  2.47966839e-01 -2.39040893e-02 
 1.64643308e+02  1.00000000e+00  0.00000000e+00  2.49998746e-01 -1.47838482e-05  2.49097288e-01 -1.21094668e-02  2.47922433e-01 -2.41636458e-02  2.47919868e-01 -2.41771179e-02 
 1.66551125e+02  1.00000000e+00  0.00000000e+00  2.49998746e-01 -1.49551571e-05  2.49076452e-01 -1.22480509e-02  2.47874413e-01 -2.44395467e-02  2.47871818e-01 -2.44531723e-02 
 1.68481048e+02  1.00000000e+00  0.00000000e+00  2.49998746e-01 -1.51284511e-05  2.49055137e-01 -1.23881803e-02  2.47825290e-01 -2.47185020e-02  2.47822664e-01 -2.47322827e-02 
 1.70433334e+02  1.00000000e+00  0.00000000e+00  2.49998746e-01 -1.53037531e-05  2.49033332e-01 -1.25298710e-02  2.47775039e-01 -2.50005420e-02  2.47772381e-01 -2.50144796e-02 
 1.72408243e+02  1.00000000e+00  0.00000000e+00  2.49998746e-01 -1.54810865e-05  2.49011027e-01 -1.26731389e-02  2.47723635e-01 -2.52856975e-02  2.47720944e-01 -2.52997937e-02 
 1.74406036e+02  1.00000000e+00  0.00000000e+00  2.49998746e-01 -1.56604747e-05  2.48988209e-01 -1.28180000e-02  2.47671051e-01 -2.55739993e-02  2.47668327e-01 -2.55882557e-02 
 1.76426979e+02  1.00000000e+00  0.00000000e+00  2.49998746e-01 -1.58419416e-05  2.48964868e-01 -1.29644704e-02  2.47617261e-01 -2.58654783e-02  2.47614503e-01 -2.58798968e-02 
 1.78471339e+02  1.00000000e+00  0.00000000e+00  2.49998746e-01 -1.60255112e-05  2.48940992e-01 -1.31125665e-02  2.47562238e-01 -2.61601657e-02  2.47559445e-01 -2.61747481e-02 
 1.80539389e+02  1.00000000e+00  0.00000000e+00  2.49998746e-01 -1.62112080e-05  2.48916568e-01 -1.32623045e-02  2.47505954e-01 -2.64580930e-02  2.47503125e-01 -2.64728409e-02 
 1.82631402e+02  1.00000000e+00  0.00000000e+00  2.49998746e-01 -1.63990566e-05  2.48891584e-01 -1.34137010e-02  2.47448380e-01 -2.67592915e-02  2.47445514e-01 -2.67742069e-02 
 1.84747657e+02  1.00000000e+00  0.00000000e+00  2.49998746e-01 -1.65890818e-05  2.48866028e-01 -1.35667725e-02  2.47389487e-01 -2.70637929e-02  2.47386585e-01 -2.70788776e-02 
 1.86888434e+02  1.00000000e+00  0.00000000e+00  2.49998746e-01 -1.67813090e-05  2.48839886e-01 -1.37215357e-02  2.47329247e-01 -2.73716292e-02  2.47326306e-01 -2.73868849e-02 
 1.89054017e+02  1.00000000e+00  0.00000000e+00  2.49998746e-01 -1.69757637e-05  2.48813146e-01 -1.38780073e-02  2.47267628e-01 -2.76828321e-02  2.47264648e-01 -2.76982608e-02 
 1.91244695e+02  1.00000000e+00  0.00000000e+00  2.49998746e-01 -1.71724716e-05  2.48785794e-01 -1.40362043e-02  2.47204600e-01 -2.79974339e-02  2.47201579e-01 -2.80130374e-02 
 1.93460756e+02  1.00000000e+00  0.00000000e+00  2.49998746e-01 -1.73714588e-05  2.48757817e-01 -1.41961436e-02  2.47140130e-01 -2.83154668e-02  2.47137069e-01 -2.83312469e-02 
 1.95702497e+02  1.00000000e+00  0.00000000e+00  2.49998746e-01 -1.75727519e-05  2.48729199e-01 -1.43578424e-02  2.47074188e-01 -2.86369632e-02  2.47071085e-01 -2.86529219e-02 
 1.97970214e+02  1.00000000e+00  0.00000000e+00  2.49998746e-01 -1.77763774e-05  2.48699928e-01 -1.45213176e-02  2.47006739e-01 -2.89619556e-02  2.47003593e-01 -2.89780948e-02 
 2.00264208e+02  1.00000000e+00  0.00000000e+00  2.49998746e-01 -1.79823625e-05  2.48669988e-01 -1.46865866e-02  2.46937750e-01 -2.92904765e-02  2.46934561e-01 -2.93067982e-02 
 2.02584784e+02  1.00000000e+00  0.00000000e+00  2.49998746e-01 -1.81907344e-05  2.48639364e-01 -1.48536668e-02  2.46867187e-01 -2.96225589e-02  2.46863953e-01 -2.96390650e-02 
 2.04932250e+02  1.00000000e+00  0.00000000e+00  2.49998746e-01 -1.84015209e-05  2.48608041e-01 -1.50225754e-02  2.46795014e-01 -2.99582354e-02  2.46791735e-01 -2.99749279e-02 
 2.07306918e+02  1.00000000e+00  0.00000000e+00  2.49998746e-01 -1.86147498e-05  2.48576004e-01 -1.51933301e-02  2.46721197e-01 -3.02975391e-02  2.46717870e-01 -3.03144199e-02 
 2.09709102e+02  1.00000000e+00  0.00000000e+00  2.49998746e-01 -1.88304496e-05  2.48543237e-01 -1.53659485e-02  2.46645697e-01 -3.06405029e-02  2.46642323e-01 -3.06575741e-02 
 2.12139121e+02  1.00000000e+00  0.00000000e+00  2.49998746e-01 -1.90486488e-05  2.48509722e-01 -1.55404480e-02  2.46568478e-01 -3.09871599e-02  2.46565055e-01 -3.10044235e-02 
 2.14597299e+02  1.00000000e+00  0.00000000e+00  2.49998746e-01 -1.92693764e-05  2.48475445e-01 -1.57168466e-02  2.46489501e-01 -3.13375434e-02  2.46486028e-01 -3.13550015e-02 
 2.17083961e+02  1.00000000e+00  0.00000000e+00  2.49998746e-01 -1.94926617e-05  2.48440387e-01 -1.58951619e-02  2.46408728e-01 -3.16916866e-02  2.46405204e-01 -3.17093412e-02 
 2.19599437e+02  1.00000000e+00  0.00000000e+00  2.49998746e-01 -1.97185344e-05  2.48404532e-01 -1.60754119e-02  2.46326119e-01 -3.20496227e-02  2.46322542e-01 -3.20674759e-02 
 2.22144061e+02  1.00000000e+00  0.00000000e+00  2.49998746e-01 -1.99470243e-05  2.48367861e-01 -1.62576144e-02  2.46241632e-01 -3.24113852e-02  2.46238002e-01 -3.24294390e-02 
 2.24718172e+02  1.00000000e+00  0.00000000e+00  2.49998746e-01 -2.01781619e-05  2.48330357e-01 -1.64417875e-02  2.46155227e-01 -3.27770072e-02  2.46151542e-01 -3.27952638e-02 
 2.27322110e+02  1.00000000e+00  0.00000000e+00  2.49998746e-01 -2.04119778e-05  2.48292001e-01 -1.66279491e-02  2.46066861e-01 -3.31465223e-02  2.46063120e-01 -3.31649839e-02 
 2.29956222e+02  1.00000000e+00  0.00000000e+00  2.49998746e-01 -2.06485031e-05  2.48252775e-01 -1.68161173e-02  2.45976491e-01 -3.35199639e-02  2.45972692e-01 -3.35386324e-02 
 2.32620856e+02  1.00000000e+00  0.00000000e+00  2.49998746e-01 -2.08877691e-05  2.48212658e-01 -1.70063103e-02  2.45884072e-01 -3.38973652e-02  2.45880215e-01 -3.39162430e-02 
 2.35316367e+02  1.00000000e+00  0.00000000e+00  2.49998745e-01 -2.11298077e-05  2.48171633e-01 -1.71985462e-02  2.45789560e-01 -3.42787596e-02  2.45785644e-01 -3.42978488e-02 
 2.38043113e+02  1.00000000e+00  0.00000000e+00  2.49998745e-01 -2.13746509e-05  2.48129678e-01 -1.73928431e-02  2.45692909e-01 -3.46641806e-02  2.45688931e-01 -3.46834834e-02 
 2.40801455e+02  1.00000000e+00  0.00000000e+00  2.49998745e-01 -2.16223312e-05  2.48086773e-01 -1.75892194e-02  2.45594071e-01 -3.50536613e-02  2.45590031e-01 -3.50731799e-02 
 2.43591759e+02  1.00000000e+00  0.00000000e+00  2.49998745e-01 -2.18728815e-05  2.48042897e-01 -1.77876933e-02  2.45493000e-01 -3.54472350e-02  2.45488895e-01 -3.54669717e-02 
 2.46414396e+02  1.00000000e+00  0.00000000e+00  2.49998745e-01 -2.21263351e-05  2.47998029e-01 -1.79882829e-02  2.45389645e-01 -3.58449349e-02  2.45385475e-01 -3.58648919e-02 
 2.49269741e+02  1.00000000e+00  0.00000000e+00  2.49998745e-01 -2.23827256e-05  2.47952148e-01 -1.81910067e-02  2.45283957e-01 -3.62467941e-02  2.45279720e-01 -3.62669736e-02 
 2.52158173e+02  1.00000000e+00  0.00000000e+00  2.49998745e-01 -2.26420871e-05  2.47905231e-01 -1.83958828e-02  2.45175886e-01 -3.66528454e-02  2.45171580e-01 -3.66732497e-02 
 2.55080074e+02  1.00000000e+00  0.00000000e+00  2.49998745e-01 -2.29044539e-05  2.47857255e-01 -1.86029295e-02  2.45065379e-01 -3.70631218e-02  2.45061003e-01 -3.70837532e-02 
 2.58035833e+02  1.00000000e+00  0.00000000e+00  2.49998745e-01 -2.31698610e-05  2.47808198e-01 -1.88121651e-02  2.44952383e-01 -3.74776559e-02  2.44947936e-01 -3.74985168e-02 
 2.61025842e+02  1.00000000e+00  0.00000000e+00  2.49998745e-01 -2.34383434e-05  2.47758036e-01 -1.90236079e-02  2.44836844e-01 -3.78964804e-02  2.44832324e-01 -3.79175730e-02 
 2.64050498e+02  1.00000000e+00  0.00000000e+00  2.49998745e-01 -2.37099369e-05  2.47706745e-01 -1.92372761e-02  2.44718708e-01 -3.83196275e-02  2.44714113e-01 -3.83409542e-02 
 2.67110202e+02  1.00000000e+00  0.00000000e+00  2.49998745e-01 -2.39846775e-05  2.47654301e-01 -1.94531879e-02  2.44597918e-01 -3.87471294e-02  2.44593247e-01 -3.87686926e-02 
 2.70205361e+02  1.00000000e+00  0.00000000e+00  2.49998745e-01 -2.42626017e-05  2.47600678e-01 -1.96713614e-02  2.44474417e-01 -3.91790182e-02  2.44469667e-01 -3.92008202e-02 
 2.73336385e+02  1.00000000e+00  0.00000000e+00  2.49998745e-01 -2.45437464e-05  2.47545851e-01 -1.98918147e-02  2.44348146e-01 -3.96153255e-02  2.44343317e-01 -3.96373688e-02 
 2.76503691e+02  1.00000000e+00  0.00000000e+00  2.49998745e-01 -2.48281488e-05  2.47489795e-01 -2.01145660e-02  2.44219047e-01 -4.00560828e-02  2.44214135e-01 -4.00783698e-02 
 2.79707697e+02  1.00000000e+00  0.00000000e+00  2.49998745e-01 -2.51158468e-05  2.47432482e-01 -2.03396332e-02  2.44087057e-01 -4.05013214e-02  2.44082062e-01 -4.05238544e-02 
 2.82948831e+02  1.00000000e+00  0.00000000e+00  2.49998745e-01 -2.54068785e-05  2.47373886e-01 -2.05670342e-02  2.43952115e-01 -4.09510721e-02  2.43947035e-01 -4.09738536e-02 
 2.86227521e+02  1.00000000e+00  0.00000000e+00  2.49998745e-01 -2.57012826e-05  2.47313979e-01 -2.07967869e-02  2.43814159e-01 -4.14053655e-02  2.43808991e-01 -4.14283979e-02 
 2.89544203e+02  1.00000000e+00  0.00000000e+00  2.49998745e-01 -2.59990981e-05  2.47252734e-01 -2.10289090e-02  2.43673124e-01 -4.18642317e-02  2.43667866e-01 -4.18875175e-02 
 2.92899318e+02  1.00000000e+00  0.00000000e+00  2.49998745e-01 -2.63003645e-05  2.47190121e-01 -2.12634182e-02  2.43528944e-01 -4.23277007e-02  2.43523595e-01 -4.23512424e-02 
 2.96293310e+02  1.00000000e+00  0.00000000e+00  2.49998745e-01 -2.66051219e-05  2.47126112e-01 -2.15003320e-02  2.43381552e-01 -4.27958020e-02  2.43376110e-01 -4.28196020e-02 
 2.99726630e+02  1.00000000e+00  0.00000000e+00  2.49998744e-01 -2.69134107e-05  2.47060676e-01 -2.17396679e-02  2.43230881e-01 -4.32685644e-02  2.43225343e-01 -4.32926253e-02 
 3.03199734e+02  1.00000000e+00  0.00000000e+00  2.49998744e-01 -2.72252718e-05  2.46993784e-01 -2.19814430e-02  2.43076861e-01 -4.37460166e-02  2.43071226e-01 -4.37703409e-02 
 3.06713084e+02  1.00000000e+00  0.00000000e+00  2.49998744e-01 -2.75407466e-05  2.46925405e-01 -2.22256746e-02  2.42919421e-01 -4.42281866e-02  2.42913687e-01 -4.42527768e-02 
 3.10267144e+02  1.00000000e+00  0.00000000e+00  2.49998744e-01 -2.78598770e-05  2.46855507e-01 -2.24723796e-02  2.42758490e-01 -4.47151020e-02  2.42752654e-01 -4.47399607e-02 
 3.13862387e+02  1.00000000e+00  0.00000000e+00  2.49998744e-01 -2.81827053e-05  2.46784058e-01 -2.27215749e-02  2.42593994e-01 -4.52067899e-02  2.42588054e-01 -4.52319195e-02 
 3.17499290e+02  1.00000000e+00  0.00000000e+00  2.49998744e-01 -2.85092745e-05  2.46711027e-01 -2.29732770e-02  2.42425859e-01 -4.57032766e-02  2.42419812e-01 -4.57286798e-02 
 3.21178336e+02  1.00000000e+00  0.00000000e+00  2.49998744e-01 -2.88396278e-05  2.46636379e-01 -2.32275023e-02  2.42254008e-01 -4.62045879e-02  2.42247852e-01 -4.62302672e-02 
 3.24900014e+02  1.00000000e+00  0.00000000e+00  2.49998744e-01 -2.91738091e-05  2.46560081e-01 -2.34842671e-02  2.42078365e-01 -4.67107491e-02  2.42072098e-01 -4.67367071e-02 
 3.28664816e+02  1.00000000e+00  0.00000000e+00  2.49998744e-01 -2.95118627e-05  2.46482098e-01 -2.37435874e-02  2.41898850e-01 -4.72217846e-02  2.41892469e-01 -4.72480239e-02 
 3.32473244e+02  1.00000000e+00  0.00000000e+00  2.49998744e-01 -2.98538335e-05  2.46402396e-01 -2.40054789e-02  2.41715383e-01 -4.77377182e-02  2.41708886e-01 -4.77642414e-02 
 3.36325802e+02  1.00000000e+00  0.00000000e+00  2.49998744e-01 -3.01997670e-05  2.46320938e-01 -2.42699571e-02  2.41527883e-01 -4.82585729e-02  2.41521268e-01 -4.82853826e-02 
 3.40223002e+02  1.00000000e+00  0.00000000e+00  2.49998744e-01 -3.05497090e-05  2.46237689e-01 -2.45370373e-02  2.41336267e-01 -4.87843710e-02  2.41329530e-01 -4.88114698e-02 
 3.44165360e+02  1.00000000e+00  0.00000000e+00  2.49998744e-01 -3.09037060e-05  2.46152612e-01 -2.48067344e-02  2.41140450e-01 -4.93151338e-02  2.41133589e-01 -4.93425244e-02 
 3.48153402e+02  1.00000000e+00  0.00000000e+00  2.49998744e-01 -3.12618049e-05  2.46065668e-01 -2.50790629e-02  2.40940346e-01 -4.98508819e-02  2.40933358e-01 -4.98785670e-02 
 3.52187655e+02  1.00000000e+00  0.00000000e+00  2.49998743e-01 -3.16240533e-05  2.45976821e-01 -2.53540374e-02  2.40735867e-01 -5.03916350e-02  2.40728750e-01 -5.04196170e-02 
 3.56268655e+02  1.00000000e+00  0.00000000e+00  2.49998743e-01 -3.19904994e-05  2.45886030e-01 -2.56316717e-02  2.40526926e-01 -5.09374116e-02  2.40519676e-01 -5.09656933e-02 
 3.60396944e+02  1.00000000e+00  0.00000000e+00  2.49998743e-01 -3.23611916e-05  2.45793257e-01 -2.59119794e-02  2.40313430e-01 -5.14882294e-02  2.40306046e-01 -5.15168134e-02 
 3.64573070e+02  1.00000000e+00  0.00000000e+00  2.49998743e-01 -3.27361792e-05  2.45698460e-01 -2.61949739e-02  2.40095290e-01 -5.20441051e-02  2.40087767e-01 -5.20729940e-02 
 3.68797587e+02  1.00000000e+00  0.00000000e+00  2.49998743e-01 -3.31155121e-05  2.45601600e-01 -2.64806679e-02  2.39872410e-01 -5.26050541e-02  2.39864746e-01 -5.26342506e-02 
 3.73071056e+02  1.00000000e+00  0.00000000e+00  2.49998743e-01 -3.34992405e-05  2.45502635e-01 -2.67690740e-02  2.39644696e-01 -5.31710908e-02  2.39636888e-01 -5.32005976e-02 
 3.77394044e+02  1.00000000e+00  0.00000000e+00  2.49998743e-01 -3.38874154e-05  2.45401522e-01 -2.70602042e-02  2.39412051e-01 -5.37422285e-02  2.39404096e-01 -5.37720482e-02 
 3.81767125e+02  1.00000000e+00  0.00000000e+00  2.49998743e-01 -3.42800883e-05  2.45298218e-01 -2.73540701e-02  2.39174378e-01 -5.43184791e-02  2.39166272e-01 -5.43486143e-02 
 3.86190879e+02  1.00000000e+00  0.00000000e+00  2.49998743e-01 -3.46773113e-05  2.45192680e-01 -2.76506827e-02  2.38931576e-01 -5.48998532e-02  2.38923317e-01 -5.49303067e-02 
 3.90665894e+02  1.00000000e+00  0.00000000e+00  2.49998743e-01 -3.50791371e-05  2.45084863e-01 -2.79500527e-02  2.38683544e-01 -5.54863602e-02  2.38675128e-01 -5.55171345e-02 
 3.95192764e+02  1.00000000e+00  0.00000000e+00  2.49998742e-01 -3.54856192e-05  2.44974723e-01 -2.82521901e-02  2.38430181e-01 -5.60780080e-02  2.38421604e-01 -5.61091059e-02 
 3.99772089e+02  1.00000000e+00  0.00000000e+00  2.49998742e-01 -3.58968114e-05  2.44862213e-01 -2.85571046e-02  2.38171380e-01 -5.66748030e-02  2.38162640e-01 -5.67062271e-02 
 4.04404477e+02  1.00000000e+00  0.00000000e+00  2.49998742e-01 -3.63127683e-05  2.44747288e-01 -2.88648051e-02  2.37907037e-01 -5.72767503e-02  2.37898129e-01 -5.73085032e-02 
 4.09090543e+02  1.00000000e+00  0.00000000e+00  2.49998742e-01 -3.67335451e-05  2.44629899e-01 -2.91753000e-02  2.37637043e-01 -5.78838532e-02  2.37627964e-01 -5.79159375e-02 
 4.13830910e+02  1.00000000e+00  0.00000000e+00  2.49998742e-01 -3.71591977e-05  2.44509999e-01 -2.94885971e-02  2.37361290e-01 -5.84961134e-02  2.37352037e-01 -5.85285318e-02 
 4.18626205e+02  1.00000000e+00  0.00000000e+00  2.49998742e-01 -3.75897826e-05  2.44387540e-01 -2.98047037e-02  2.37079667e-01 -5.91135312e-02  2.37070235e-01 -5.91462863e-02 
 4.23477067e+02  1.00000000e+00  0.00000000e+00  2.49998742e-01 -3.80253569e-05  2.44262472e-01 -3.01236261e-02  2.36792061e-01 -5.97361047e-02  2.36782448e-01 -5.97691991e-02 
 4.28384139e+02  1.00000000e+00  0.00000000e+00  2.49998742e-01 -3.84659785e-05  2.44134746e-01 -3.04453702e-02  2.36498359e-01 -6.03638305e-02  2.36488560e-01 -6.03972669e-02 
 4.33348071e+02  1.00000000e+00  0.00000000e+00  2.49998742e-01 -3.89117058e-05  2.44004309e-01 -3.07699411e-02  2.36198446e-01 -6.09967033e-02  2.36188457e-01 -6.10304842e-02 
 4.38369523e+02  1.00000000e+00  0.00000000e+00  2.49998741e-01 -3.93625981e-05  2.43871112e-01 -3.10973432e-02  2.35892203e-01 -6.16347157e-02  2.35882021e-01 -6.16688437e-02 
 4.43449162e+02  1.00000000e+00  0.00000000e+00  2.49998741e-01 -3.98187150e-05  2.43735101e-01 -3.14275801e-02  2.35579514e-01 -6.22778585e-02  2.35569134e-01 -6.23123361e-02 
 4.48587662e+02  1.00000000e+00  0.00000000e+00  2.49998741e-01 -4.02801172e-05  2.43596225e-01 -3.17606546e-02  2.35260258e-01 -6.29261201e-02  2.35249675e-01 -6.29609499e-02 
 4.53785704e+02  1.00000000e+00  0.00000000e+00  2.49998741e-01 -4.07468660e-05  2.43454429e-01 -3.20965686e-02  2.34934312e-01 -6.35794872e-02  2.34923524e-01 -6.36146717e-02 
 4.59043979e+02  1.00000000e+00  0.00000000e+00  2.49998741e-01 -4.12190233e-05  2.43309659e-01 -3.24353233e-02  2.34601554e-01 -6.42379438e-02  2.34590556e-01 -6.42734856e-02 
 4.64363184e+02  1.00000000e+00  0.00000000e+00  2.49998741e-01 -4.16966517e-05  2.43161861e-01 -3.27769189e-02  2.34261860e-01 -6.49014720e-02  2.34250646e-01 -6.49373735e-02 
 4.69744027e+02  1.00000000e+00  0.00000000e+00  2.49998741e-01 -4.21798147e-05  2.43010979e-01 -3.31213548e-02  2.33915103e-01 -6.55700514e-02  2.33903670e-01 -6.56063151e-02 
 4.75187220e+02  1.00000000e+00  0.00000000e+00  2.49998740e-01 -4.26685763e-05  2.42856955e-01 -3.34686293e-02  2.33561155e-01 -6.62436589e-02  2.33549498e-01 -6.62802873e-02 
 4.80693486e+02  1.00000000e+00  0.00000000e+00  2.49998740e-01 -4.31630015e-05  2.42699735e-01 -3.38187399e-02  2.33199888e-01 -6.69222694e-02  2.33188003e-01 -6.69592649e-02 
 4.86263557e+02  1.00000000e+00  0.00000000e+00  2.49998740e-01 -4.36631559e-05  2.42539260e-01 -3.41716829e-02  2.32831170e-01 -6.76058548e-02  2.32819052e-01 -6.76432197e-02 
 4.91898172e+02  1.00000000e+00  0.00000000e+00  2.49998740e-01 -4.41691059e-05  2.42375471e-01 -3.45274537e-02  2.32454871e-01 -6.82943844e-02  2.32442515e-01 -6.83321211e-02 
 4.97598078e+02  1.00000000e+00  0.00000000e+00  2.49998740e-01 -4.46809186e-05  2.42208310e-01 -3.48860466e-02  2.32070856e-01 -6.89878248e-02  2.32058257e-01 -6.90259357e-02 
 5.03364032e+02  1.00000000e+00  0.00000000e+00  2.49998740e-01 -4.51986620e-05  2.42037717e-01 -3.52474548e-02  2.31678992e-01 -6.96861398e-02  2.31666145e-01 -6.97246271e-02 
 5.09196799e+02  1.00000000e+00  0.00000000e+00  2.49998739e-01 -4.57224048e-05  2.41863632e-01 -3.56116703e-02  2.31279141e-01 -7.03892903e-02  2.31266042e-01 -7.04281563e-02 
 5.15097154e+02  1.00000000e+00  0.00000000e+00  2.49998739e-01 -4.62522164e-05  2.41685995e-01 -3.59786840e-02  2.30871168e-01 -7.10972340e-02  2.30857811e-01 -7.11364810e-02 
 5.21065880e+02  1.00000000e+00  0.00000000e+00  2.49998739e-01 -4.67881673e-05  2.41504744e-01 -3.63484855e-02  2.30454933e-01 -7.18099259e-02  2.30441313e-01 -7.18495560e-02 
 5.27103769e+02  1.00000000e+00  0.00000000e+00  2.49998739e-01 -4.73303286e-05  2.41319817e-01 -3.67210633e-02  2.30030298e-01 -7.25273174e-02  2.30016409e-01 -7.25673328e-02 
 5.33211622e+02  1.00000000e+00  0.00000000e+00  2.49998739e-01 -4.78787722e-05  2.41131152e-01 -3.70964045e-02  2.29597121e-01 -7.32493570e-02  2.29582958e-01 -7.32897598e-02 
 5.39390251e+02  1.00000000e+00  0.00000000e+00  2.49998738e-01 -4.84335709e-05  2.40938686e-01 -3.74744949e-02  2.29155260e-01 -7.39759896e-02  2.29140818e-01 -7.40167819e-02 
 5.45640475e+02  1.00000000e+00  0.00000000e+00  2.49998738e-01 -4.89947984e-05  2.40742356e-01 -3.78553191e-02  2.28704572e-01 -7.47071570e-02  2.28689846e-01 -7.47483407e-02 
 5.51963123e+02  1.00000000e+00  0.00000000e+00  2.49998738e-01 -4.95625292e-05  2.40542096e-01 -3.82388602e-02  2.28244915e-01 -7.54427972e-02  2.28229898e-01 -7.54843743e-02 
 5.58359036e+02  1.00000000e+00  0.00000000e+00  2.49998738e-01 -5.01368386e-05  2.40337844e-01 -3.86250997e-02  2.27776143e-01 -7.61828447e-02  2.27760829e-01 -7.62248172e-02 
 5.64829062e+02  1.00000000e+00  0.00000000e+00  2.49998738e-01 -5.07178028e-05  2.40129534e-01 -3.90140181e-02  2.27298109e-01 -7.69272305e-02  2.27282494e-01 -7.69696001e-02 
 5.71374060e+02  1.00000000e+00  0.00000000e+00  2.49998737e-01 -5.13054990e-05  2.39917100e-01 -3.94055939e-02  2.26810669e-01 -7.76758815e-02  2.26794746e-01 -7.77186501e-02 
 5.77994899e+02  1.00000000e+00  0.00000000e+00  2.49998737e-01 -5.19000052e-05  2.39700478e-01 -3.97998044e-02  2.26313675e-01 -7.84287211e-02  2.26297438e-01 -7.84718904e-02 
 5.84692457e+02  1.00000000e+00  0.00000000e+00  2.49998737e-01 -5.25014002e-05  2.39479601e-01 -4.01966254e-02  2.25806979e-01 -7.91856685e-02  2.25790422e-01 -7.92292401e-02 
 5.91467623e+02  1.00000000e+00  0.00000000e+00  2.49998737e-01 -5.31097640e-05  2.39254402e-01 -4.05960307e-02  2.25290432e-01 -7.99466391e-02  2.25273549e-01 -7.99906146e-02 
 5.98321298e+02  1.00000000e+00  0.00000000e+00  2.49998736e-01 -5.37251772e-05  2.39024816e-01 -4.09979929e-02  2.24763886e-01 -8.07115439e-02  2.24746670e-01 -8.07559250e-02 
 6.05254389e+02  1.00000000e+00  0.00000000e+00  2.49998736e-01 -5.43477215e-05  2.38790775e-01 -4.14024828e-02  2.24227192e-01 -8.14802900e-02  2.24209637e-01 -8.15250781e-02 
 6.12267819e+02  1.00000000e+00  0.00000000e+00  2.49998736e-01 -5.49774797e-05  2.38552212e-01 -4.18094693e-02  2.23680200e-01 -8.22527801e-02  2.23662300e-01 -8.22979765e-02 
 6.19362517e+02  1.00000000e+00  0.00000000e+00  2.49998736e-01 -5.56145352e-05  2.38309060e-01 -4.22189198e-02  2.23122760e-01 -8.30289126e-02  2.23104508e-01 -8.30745186e-02 
 6.26539425e+02  1.00000000e+00  0.00000000e+00  2.49998735e-01 -5.62589726e-05  2.38061252e-01 -4.26307999e-02  2.22554722e-01 -8.38085812e-02  2.22536111e-01 -8.38545982e-02 
 6.33799496e+02  1.00000000e+00  0.00000000e+00  2.49998735e-01 -5.69108775e-05  2.37808719e-01 -4.30450732e-02  2.21975936e-01 -8.45916755e-02  2.21956961e-01 -8.46381045e-02 
 6.41143694e+02  1.00000000e+00  0.00000000e+00  2.49998735e-01 -5.75703364e-05  2.37551394e-01 -4.34617017e-02  2.21386254e-01 -8.53780801e-02  2.21366906e-01 -8.54249222e-02 
 6.48572994e+02  1.00000000e+00  0.00000000e+00  2.49998734e-01 -5.82374368e-05  2.37289210e-01 -4.38806454e-02  2.20785524e-01 -8.61676752e-02  2.20765797e-01 -8.62149314e-02 
 6.56088380e+02  1.00000000e+00  0.00000000e+00  2.49998734e-01 -5.89122673e-05  2.37022099e-01 -4.43018625e-02  2.20173598e-01 -8.69603360e-02  2.20153484e-01 -8.70080072e-02 
 6.63690852e+02  1.00000000e+00  0.00000000e+00  2.49998734e-01 -5.95949174e-05  2.36749993e-01 -4.47253090e-02  2.19550326e-01 -8.77559331e-02  2.19529820e-01 -8.78040200e-02 
 6.71381419e+02  1.00000000e+00  0.00000000e+00  2.49998734e-01 -6.02854778e-05  2.36472826e-01 -4.51509393e-02  2.18915561e-01 -8.85543319e-02  2.18894654e-01 -8.86028352e-02 
 6.79161100e+02  1.00000000e+00  0.00000000e+00  2.49998733e-01 -6.09840401e-05  2.36190529e-01 -4.55787056e-02  2.18269155e-01 -8.93553932e-02  2.18247841e-01 -8.94043135e-02 
 6.87030928e+02  1.00000000e+00  0.00000000e+00  2.49998733e-01 -6.16906970e-05  2.35903036e-01 -4.60085581e-02  2.17610961e-01 -9.01589723e-02  2.17589232e-01 -9.02083101e-02 
 6.94991949e+02  1.00000000e+00  0.00000000e+00  2.49998733e-01 -6.24055424e-05  2.35610281e-01 -4.64404448e-02  2.16940834e-01 -9.09649197e-02  2.16918682e-01 -9.10146754e-02 
 7.03045219e+02  1.00000000e+00  0.00000000e+00  2.49998732e-01 -6.31286711e-05  2.35312196e-01 -4.68743120e-02  2.16258629e-01 -9.17730807e-02  2.16236047e-01 -9.18232544e-02 
 7.11191807e+02  1.00000000e+00  0.00000000e+00  2.49998732e-01 -6.38601791e-05  2.35008716e-01 -4.73101035e-02  2.15564202e-01 -9.25832951e-02  2.15541182e-01 -9.26338872e-02 
 7.19432794e+02  1.00000000e+00  0.00000000e+00  2.49998732e-01 -6.46001635e-05  2.34699777e-01 -4.77477613e-02  2.14857412e-01 -9.33953979e-02  2.14833946e-01 -9.34464081e-02 
 7.27769274e+02  1.00000000e+00  0.00000000e+00  2.49998731e-01 -6.53487225e-05  2.34385311e-01 -4.81872250e-02  2.14138118e-01 -9.42092181e-02  2.14114199e-01 -9.42606466e-02 
 7.36202354e+02  1.00000000e+00  0.00000000e+00  2.49998731e-01 -6.61059555e-05  2.34065257e-01 -4.86284322e-02  2.13406181e-01 -9.50245799e-02  2.13381801e-01 -9.50764263e-02 
 7.44733152e+02  1.00000000e+00  0.00000000e+00  2.49998730e-01 -6.68719630e-05  2.33739549e-01 -4.90713182e-02  2.12661466e-01 -9.58413018e-02  2.12636617e-01 -9.58935657e-02 
 7.53362802e+02  1.00000000e+00  0.00000000e+00  2.49998730e-01 -6.76468466e-05  2.33408126e-01 -4.95158163e-02  2.11903837e-01 -9.66591967e-02  2.11878511e-01 -9.67118777e-02 
 7.62092448e+02  1.00000000e+00  0.00000000e+00  2.49998730e-01 -6.84307093e-05  2.33070925e-01 -4.99618572e-02  2.11133163e-01 -9.74780722e-02  2.11107351e-01 -9.75311696e-02 
 7.70923250e+02  1.00000000e+00  0.00000000e+00  2.49998729e-01 -6.92236550e-05  2.32727885e-01 -5.04093698e-02  2.10349313e-01 -9.82977303e-02  2.10323008e-01 -9.83512434e-02 
 7.79856379e+02  1.00000000e+00  0.00000000e+00  2.49998729e-01 -7.00257890e-05  2.32378946e-01 -5.08582806e-02  2.09552161e-01 -9.91179674e-02  2.09525354e-01 -9.91718952e-02 
 7.88893022e+02  1.00000000e+00  0.00000000e+00  2.49998728e-01 -7.08372179e-05  2.32024049e-01 -5.13085137e-02  2.08741582e-01 -9.99385744e-02  2.08714265e-01 -9.99929158e-02 
 7.98034377e+02  1.00000000e+00  0.00000000e+00  2.49998728e-01 -7.16580492e-05  2.31663136e-01 -5.17599912e-02  2.07917455e-01 -1.00759336e-01  2.07889619e-01 -1.00814090e-01 
 8.07281659e+02  1.00000000e+00  0.00000000e+00  2.49998728e-01 -7.24883919e-05  2.31296150e-01 -5.22126328e-02  2.07079662e-01 -1.01580033e-01  2.07051298e-01 -1.01635198e-01 
 8.16636094e+02  1.00000000e+00  0.00000000e+00  2.49998727e-01 -7.33283563e-05  2.30923036e-01 -5.26663561e-02  2.06228088e-01 -1.02400439e-01  2.06199189e-01 -1.02456013e-01 
 8.26098924e+02  1.00000000e+00  0.00000000e+00  2.49998727e-01 -7.41780539e-05  2.30543740e-01 -5.31210762e-02  2.05362623e-01 -1.03220322e-01  2.05333180e-01 -1.03276304e-01 
 8.35671406e+02  1.00000000e+00  0.00000000e+00  2.49998726e-01 -7.50375974e-05  2.30158210e-01 -5.35767062e-02  2.04483160e-01 -1.04039445e-01  2.04453163e-01 -1.04095833e-01 
 8.45354809e+02  1.00000000e+00  0.00000000e+00  2.49998726e-01 -7.59071008e-05  2.29766394e-01 -5.40331570e-02  2.03589595e-01 -1.04857566e-01  2.03559037e-01 -1.04914358e-01 
 8.55150420e+02  1.00000000e+00  0.00000000e+00  2.49998725e-01 -7.67866798e-05  2.29368242e-01 -5.44903369e-02  2.02681831e-01 -1.05674435e-01  2.02650702e-01 -1.05731629e-01 
 8.65059538e+02  1.00000000e+00  0.00000000e+00  2.49998725e-01 -7.76764509e-05  2.28963709e-01 -5.49481526e-02  2.01759773e-01 -1.06489801e-01  2.01728064e-01 -1.06547394e-01 
 8.75083478e+02  1.00000000e+00  0.00000000e+00  2.49998724e-01 -7.85765323e-05  2.28552746e-01 -5.54065080e-02  2.00823331e-01 -1.07303403e-01  2.00791034e-01 -1.07361393e-01 
 8.85223572e+02  1.00000000e+00  0.00000000e+00  2.49998724e-01 -7.94870434e-05  2.28135312e-01 -5.58653053e-02  1.99872422e-01 -1.08114978e-01  1.99839527e-01 -1.08173361e-01 
 8.95481164e+02  1.00000000e+00  0.00000000e+00  2.49998723e-01 -8.04081051e-05  2.27711363e-01 -5.63244444e-02  1.98906966e-01 -1.08924254e-01  1.98873465e-01 -1.08983029e-01 
 9.05857618e+02  1.00000000e+00  0.00000000e+00  2.49998722e-01 -8.13398398e-05  2.27280860e-01 -5.67838231e-02  1.97926890e-01 -1.09730959e-01  1.97892773e-01 -1.09790121e-01 
 9.16354309e+02  1.00000000e+00  0.00000000e+00  2.49998722e-01 -8.22823709e-05  2.26843766e-01 -5.72433372e-02  1.96932126e-01 -1.10534810e-01  1.96897385e-01 -1.10594356e-01 
 9.26972631e+02  1.00000000e+00  0.00000000e+00  2.49998721e-01 -8.32358237e-05  2.26400045e-01 -5.77028804e-02  1.95922611e-01 -1.11335523e-01  1.95887236e-01 -1.11395451e-01 
 9.37713994e+02  1.00000000e+00  0.00000000e+00  2.49998721e-01 -8.42003247e-05  2.25949664e-01 -5.81623444e-02  1.94898290e-01 -1.12132809e-01  1.94862272e-01 -1.12193113e-01 
 9.48579823e+02  1.00000000e+00  0.00000000e+00  2.49998720e-01 -8.51760019e-05  2.25492593e-01 -5.86216192e-02  1.93859113e-01 -1.12926371e-01  1.93822443e-01 -1.12987048e-01 
 9.59571561e+02  1.00000000e+00  0.00000000e+00  2.49998719e-01 -8.61629848e-05  2.25028804e-01 -5.90805925e-02  1.92805036e-01 -1.13715910e-01  1.92767705e-01 -1.13776956e-01 
 9.70690667e+02  1.00000000e+00  0.00000000e+00  2.49998719e-01 -8.71614045e-05  2.24558272e-01 -5.95391506e-02  1.91736025e-01 -1.14501122e-01  1.91698023e-01 -1.14562533e-01 
 9.81938616e+02  1.00000000e+00  0.00000000e+00  2.49998718e-01 -8.81713934e-05  2.24080975e-01 -5.99971777e-02  1.90652049e-01 -1.15281698e-01  1.90613368e-01 -1.15343469e-01 
 9.93316901e+02  1.00000000e+00  0.00000000e+00  2.49998717e-01 -8.91930856e-05  2.23596892e-01 -6.04545567e-02  1.89553086e-01 -1.16057325e-01  1.89513717e-01 -1.16119451e-01 
 1.00482703e+03  1.00000000e+00  0.00000000e+00  2.49998717e-01 -9.02266168e-05  2.23106008e-01 -6.09111684e-02  1.88439124e-01 -1.16827686e-01  1.88399056e-01 -1.16890162e-01 
 1.01647054e+03  1.00000000e+00  0.00000000e+00  2.49998716e-01 -9.12721240e-05  2.22608308e-01 -6.13668924e-02  1.87310154e-01 -1.17592459e-01  1.87269379e-01 -1.17655281e-01 
 1.02824897e+03  1.00000000e+00  0.00000000e+00  2.49998715e-01 -9.23297462e-05  2.22103782e-01 -6.18216066e-02  1.86166178e-01 -1.18351321e-01  1.86124688e-01 -1.18414482e-01 
 1.04016388e+03  1.00000000e+00  0.00000000e+00  2.49998715e-01 -9.33996236e-05  2.21592423e-01 -6.22751877e-02  1.85007207e-01 -1.19103942e-01  1.84964991e-01 -1.19167437e-01 
 1.05221685e+03  1.00000000e+00  0.00000000e+00  2.49998714e-01 -9.44818983e-05  2.21074227e-01 -6.27275110e-02  1.83833257e-01 -1.19849992e-01  1.83790306e-01 -1.19913814e-01 
 1.06440949e+03  1.00000000e+00  0.00000000e+00  2.49998713e-01 -9.55767139e-05  2.20549193e-01 -6.31784506e-02  1.82644356e-01 -1.20589134e-01  1.82600661e-01 -1.20653278e-01 
 1.07674341e+03  1.00000000e+00  0.00000000e+00  2.49998712e-01 -9.66842157e-05  2.20017325e-01 -6.36278795e-02  1.81440538e-01 -1.21321033e-01  1.81396091e-01 -1.21385491e-01 
 1.08922026e+03  1.00000000e+00  0.00000000e+00  2.49998711e-01 -9.78045508e-05  2.19478627e-01 -6.40756695e-02  1.80221849e-01 -1.22045346e-01  1.80176640e-01 -1.22110113e-01 
 1.10184167e+03  1.00000000e+00  0.00000000e+00  2.49998711e-01 -9.89378679e-05  2.18933111e-01 -6.45216919e-02  1.78988341e-01 -1.22761732e-01  1.78942361e-01 -1.22826800e-01 
 1.11460935e+03  1.00000000e+00  0.00000000e+00  2.49998710e-01 -1.00084317e-04  2.18380790e-01 -6.49658169e-02  1.77740077e-01 -1.23469845e-01  1.77693318e-01 -1.23535208e-01 
 1.12752496e+03  1.00000000e+00  0.00000000e+00  2.49998709e-01 -1.01244051e-04  2.17821681e-01 -6.54079140e-02  1.76477131e-01 -1.24169340e-01  1.76429583e-01 -1.24234990e-01 
 1.14059024e+03  1.00000000e+00  0.00000000e+00  2.49998708e-01 -1.02417224e-04  2.17255805e-01 -6.58478524e-02  1.75199584e-01 -1.24859868e-01  1.75151239e-01 -1.24925797e-01 
 1.15380691e+03  1.00000000e+00  0.00000000e+00  2.49998707e-01 -1.03603991e-04  2.16683188e-01 -6.62855006e-02  1.73907528e-01 -1.25541079e-01  1.73858377e-01 -1.25607280e-01 
 1.16717673e+03  1.00000000e+00  0.00000000e+00  2.49998706e-01 -1.04804509e-04  2.16103859e-01 -6.67207269e-02  1.72601065e-01 -1.26212624e-01  1.72551100e-01 -1.26279088e-01 
 1.18070148e+03  1.00000000e+00  0.00000000e+00  2.49998705e-01 -1.06018938e-04  2.15517850e-01 -6.71533995e-02  1.71280308e-01 -1.26874152e-01  1.71229520e-01 -1.26940870e-01 
 1.19438294e+03  1.00000000e+00  0.00000000e+00  2.49998704e-01 -1.07247440e-04  2.14925198e-01 -6.75833865e-02  1.69945379e-01 -1.27525311e-01  1.69893758e-01 -1.27592276e-01 
 1.20822294e+03  1.00000000e+00  0.00000000e+00  2.49998703e-01 -1.08490177e-04  2.14325945e-01 -6.80105560e-02  1.68596410e-01 -1.28165749e-01  1.68543950e-01 -1.28232952e-01 
 1.22222332e+03  1.00000000e+00  0.00000000e+00  2.49998702e-01 -1.09747315e-04  2.13720135e-01 -6.84347766e-02  1.67233545e-01 -1.28795118e-01  1.67180237e-01 -1.28862549e-01 
 1.23638592e+03  1.00000000e+00  0.00000000e+00  2.49998701e-01 -1.11019019e-04  2.13107818e-01 -6.88559170e-02  1.65856938e-01 -1.29413066e-01  1.65802773e-01 -1.29480716e-01 
 1.25071263e+03  1.00000000e+00  0.00000000e+00  2.49998700e-01 -1.12305460e-04  2.12489047e-01 -6.92738467e-02  1.64466754e-01 -1.30019245e-01  1.64411724e-01 -1.30087104e-01 
 1.26520535e+03  1.00000000e+00  0.00000000e+00  2.49998699e-01 -1.13606807e-04  2.11863880e-01 -6.96884357e-02  1.63063167e-01 -1.30613307e-01  1.63007265e-01 -1.30681366e-01 
 1.27986601e+03  1.00000000e+00  0.00000000e+00  2.49998698e-01 -1.14923234e-04  2.11232378e-01 -7.00995551e-02  1.61646363e-01 -1.31194907e-01  1.61589582e-01 -1.31263156e-01 
 1.29469655e+03  1.00000000e+00  0.00000000e+00  2.49998697e-01 -1.16254915e-04  2.10594608e-01 -7.05070766e-02  1.60216540e-01 -1.31763702e-01  1.60158871e-01 -1.31832130e-01 
 1.30969894e+03  1.00000000e+00  0.00000000e+00  2.49998695e-01 -1.17602027e-04  2.09950639e-01 -7.09108736e-02  1.58773905e-01 -1.32319351e-01  1.58715341e-01 -1.32387948e-01 
 1.32487518e+03  1.00000000e+00  0.00000000e+00  2.49998694e-01 -1.18964748e-04  2.09300545e-01 -7.13108203e-02  1.57318676e-01 -1.32861517e-01  1.57259210e-01 -1.32930271e-01 
 1.34022726e+03  1.00000000e+00  0.00000000e+00  2.49998693e-01 -1.20343260e-04  2.08644406e-01 -7.17067928e-02  1.55851082e-01 -1.33389865e-01  1.55790707e-01 -1.33458767e-01 
 1.35575724e+03  1.00000000e+00  0.00000000e+00  2.49998692e-01 -1.21737746e-04  2.07982304e-01 -7.20986686e-02  1.54371364e-01 -1.33904066e-01  1.54310072e-01 -1.33973103e-01 
 1.37146718e+03  1.00000000e+00  0.00000000e+00  2.49998691e-01 -1.23148390e-04  2.07314325e-01 -7.24863273e-02  1.52879771e-01 -1.34403793e-01  1.52817556e-01 -1.34472954e-01 
 1.38735916e+03  1.00000000e+00  0.00000000e+00  2.49998689e-01 -1.24575381e-04  2.06640561e-01 -7.28696501e-02  1.51376566e-01 -1.34888724e-01  1.51313421e-01 -1.34957998e-01 
 1.40343528e+03  1.00000000e+00  0.00000000e+00  2.49998688e-01 -1.26018906e-04  2.05961106e-01 -7.32485208e-02  1.49862019e-01 -1.35358545e-01  1.49797939e-01 -1.35427919e-01 
 1.41969769e+03  1.00000000e+00  0.00000000e+00  2.49998686e-01 -1.27479159e-04  2.05276059e-01 -7.36228251e-02  1.48336414e-01 -1.35812942e-01  1.48271391e-01 -1.35882405e-01 
 1.43614854e+03  1.00000000e+00  0.00000000e+00  2.49998685e-01 -1.28956332e-04  2.04585523e-01 -7.39924515e-02  1.46800041e-01 -1.36251613e-01  1.46734071e-01 -1.36321151e-01 
 1.45279002e+03  1.00000000e+00  0.00000000e+00  2.49998684e-01 -1.30450623e-04  2.03889605e-01 -7.43572909e-02  1.45253206e-01 -1.36674257e-01  1.45186281e-01 -1.36743858e-01 
 1.46962433e+03  1.00000000e+00  0.00000000e+00  2.49998682e-01 -1.31962228e-04  2.03188415e-01 -7.47172373e-02  1.43696219e-01 -1.37080582e-01  1.43628335e-01 -1.37150234e-01 
 1.48665371e+03  1.00000000e+00  0.00000000e+00  2.49998681e-01 -1.33491349e-04  2.02482066e-01 -7.50721874e-02  1.42129404e-01 -1.37470304e-01  1.42060555e-01 -1.37539993e-01 
 1.50388041e+03  1.00000000e+00  0.00000000e+00  2.49998679e-01 -1.35038189e-04  2.01770678e-01 -7.54220412e-02  1.40553092e-01 -1.37843144e-01  1.40483274e-01 -1.37912858e-01 
 1.52130674e+03  1.00000000e+00  0.00000000e+00  2.49998677e-01 -1.36602953e-04  2.01054371e-01 -7.57667019e-02  1.38967627e-01 -1.38198832e-01  1.38896834e-01 -1.38268557e-01 
 1.53893499e+03  1.00000000e+00  0.00000000e+00  2.49998676e-01 -1.38185849e-04  2.00333270e-01 -7.61060762e-02  1.37373357e-01 -1.38537108e-01  1.37301586e-01 -1.38606830e-01 
 1.55676751e+03  1.00000000e+00  0.00000000e+00  2.49998674e-01 -1.39787087e-04  1.99607503e-01 -7.64400742e-02  1.35770645e-01 -1.38857717e-01  1.35697890e-01 -1.38927423e-01 
 1.57480667e+03  1.00000000e+00  0.00000000e+00  2.49998672e-01 -1.41406879e-04  1.98877202e-01 -7.67686100e-02  1.34159857e-01 -1.39160416e-01  1.34086115e-01 -1.39230091e-01 
 1.59305486e+03  1.00000000e+00  0.00000000e+00  2.49998671e-01 -1.43045440e-04  1.98142499e-01 -7.70916015e-02  1.32541371e-01 -1.39444969e-01  1.32466638e-01 -1.39514600e-01 
 1.61151450e+03  1.00000000e+00  0.00000000e+00  2.49998669e-01 -1.44702989e-04  1.97403534e-01 -7.74089705e-02  1.30915573e-01 -1.39711152e-01  1.30839846e-01 -1.39780724e-01 
 1.63018804e+03  1.00000000e+00  0.00000000e+00  2.49998667e-01 -1.46379744e-04  1.96660445e-01 -7.77206430e-02  1.29282855e-01 -1.39958748e-01  1.29206130e-01 -1.40028247e-01 
 1.64907796e+03  1.00000000e+00  0.00000000e+00  2.49998665e-01 -1.48075929e-04  1.95913376e-01 -7.80265492e-02  1.27643617e-01 -1.40187553e-01  1.27565892e-01 -1.40256963e-01 
 1.66818677e+03  1.00000000e+00  0.00000000e+00  2.49998663e-01 -1.49791769e-04  1.95162471e-01 -7.83266240e-02  1.25998268e-01 -1.40397371e-01  1.25919540e-01 -1.40466680e-01 
 1.68751701e+03  1.00000000e+00  0.00000000e+00  2.49998661e-01 -1.51527491e-04  1.94407878e-01 -7.86208063e-02  1.24347222e-01 -1.40588021e-01  1.24267488e-01 -1.40657211e-01 
 1.70707123e+03  1.00000000e+00  0.00000000e+00  2.49998659e-01 -1.53283326e-04  1.93649747e-01 -7.89090400e-02  1.22690900e-01 -1.40759327e-01  1.22610158e-01 -1.40828386e-01 
 1.72685205e+03  1.00000000e+00  0.00000000e+00  2.49998657e-01 -1.55059506e-04  1.92888229e-01 -7.91912736e-02  1.21029728e-01 -1.40911131e-01  1.20947977e-01 -1.40980041e-01 
 1.74686207e+03  1.00000000e+00  0.00000000e+00  2.49998655e-01 -1.56856268e-04  1.92123478e-01 -7.94674603e-02  1.19364139e-01 -1.41043281e-01  1.19281378e-01 -1.41112029e-01 
 1.76710396e+03  1.00000000e+00  0.00000000e+00  2.49998653e-01 -1.58673850e-04  1.91355649e-01 -7.97375584e-02  1.17694571e-01 -1.41155642e-01  1.17610799e-01 -1.41224211e-01 
 1.78758041e+03  1.00000000e+00  0.00000000e+00  2.49998651e-01 -1.60512494e-04  1.90584898e-01 -8.00015310e-02  1.16021467e-01 -1.41248086e-01  1.15936682e-01 -1.41316461e-01 
 1.80829413e+03  1.00000000e+00  0.00000000e+00  2.49998649e-01 -1.62372443e-04  1.89811383e-01 -8.02593462e-02  1.14345272e-01 -1.41320501e-01  1.14259474e-01 -1.41388667e-01 
 1.82924787e+03  1.00000000e+00  0.00000000e+00  2.49998646e-01 -1.64253944e-04  1.89035262e-01 -8.05109774e-02  1.12666439e-01 -1.41372786e-01  1.12579628e-01 -1.41440727e-01 
 1.85044441e+03  1.00000000e+00  0.00000000e+00  2.49998644e-01 -1.66157247e-04  1.88256697e-01 -8.07564031e-02  1.10985421e-01 -1.41404853e-01  1.10897597e-01 -1.41472553e-01 
 1.87188657e+03  1.00000000e+00  0.00000000e+00  2.49998642e-01 -1.68082605e-04  1.87475846e-01 -8.09956069e-02  1.09302675e-01 -1.41416626e-01  1.09213840e-01 -1.41484071e-01 
 1.89357719e+03  1.00000000e+00  0.00000000e+00  2.49998639e-01 -1.70030273e-04  1.86692871e-01 -8.12285776e-02  1.07618662e-01 -1.41408044e-01  1.07528815e-01 -1.41475216e-01 
 1.91551916e+03  1.00000000e+00  0.00000000e+00  2.49998637e-01 -1.72000509e-04  1.85907932e-01 -8.14553095e-02  1.05933843e-01 -1.41379056e-01  1.05842986e-01 -1.41445940e-01 
 1.93771537e+03  1.00000000e+00  0.00000000e+00  2.49998634e-01 -1.73993576e-04  1.85121192e-01 -8.16758020e-02  1.04248682e-01 -1.41329626e-01  1.04156817e-01 -1.41396206e-01 
 1.96016879e+03  1.00000000e+00  0.00000000e+00  2.49998631e-01 -1.76009738e-04  1.84332810e-01 -8.18900598e-02  1.02563644e-01 -1.41259730e-01  1.02470772e-01 -1.41325991e-01 
 1.98288239e+03  1.00000000e+00  0.00000000e+00  2.49998629e-01 -1.78049261e-04  1.83542948e-01 -8.20980930e-02  1.00879193e-01 -1.41169360e-01  1.00785317e-01 -1.41235284e-01 
 2.00585919e+03  1.00000000e+00  0.00000000e+00  2.49998626e-01 -1.80112418e-04  1.82751765e-01 -8.22999169e-02  9.91957963e-02 -1.41058516e-01  9.91009179e-02 -1.41124089e-01 
 2.02910222e+03  1.00000000e+00  0.00000000e+00  2.49998623e-01 -1.82199482e-04  1.81959421e-01 -8.24955521e-02  9.75139177e-02 -1.40927217e-01  9.74180405e-02 -1.40992421e-01 
 2.05261459e+03  1.00000000e+00  0.00000000e+00  2.49998620e-01 -1.84310730e-04  1.81166073e-01 -8.26850243e-02  9.58340222e-02 -1.40775490e-01  9.57371492e-02 -1.40840310e-01 
 2.07639942e+03  1.00000000e+00  0.00000000e+00  2.49998617e-01 -1.86446442e-04  1.80371880e-01 -8.28683648e-02  9.41565728e-02 -1.40603378e-01  9.40587078e-02 -1.40667798e-01 
 2.10045985e+03  1.00000000e+00  0.00000000e+00  2.49998614e-01 -1.88606902e-04  1.79576995e-01 -8.30456095e-02  9.24820310e-02 -1.40410936e-01  9.23831779e-02 -1.40474940e-01 
 2.12479908e+03  1.00000000e+00  0.00000000e+00  2.49998611e-01 -1.90792396e-04  1.78781574e-01 -8.32167998e-02  9.08108562e-02 -1.40198233e-01  9.07110191e-02 -1.40261805e-01 
 2.14942034e+03  1.00000000e+00  0.00000000e+00  2.49998608e-01 -1.93003214e-04  1.77985768e-01 -8.33819821e-02  8.91435047e-02 -1.39965349e-01  8.90426885e-02 -1.40028473e-01 
 2.17432691e+03  1.00000000e+00  0.00000000e+00  2.49998605e-01 -1.95239651e-04  1.77189727e-01 -8.35412075e-02  8.74804302e-02 -1.39712378e-01  8.73786396e-02 -1.39775039e-01 
 2.19952208e+03  1.00000000e+00  0.00000000e+00  2.49998601e-01 -1.97502002e-04  1.76393600e-01 -8.36945324e-02  8.58220826e-02 -1.39439427e-01  8.57193230e-02 -1.39501609e-01 
 2.22500920e+03  1.00000000e+00  0.00000000e+00  2.49998598e-01 -1.99790568e-04  1.75597531e-01 -8.38420175e-02  8.41689076e-02 -1.39146614e-01  8.40651846e-02 -1.39208300e-01 
 2.25079166e+03  1.00000000e+00  0.00000000e+00  2.49998595e-01 -2.02105653e-04  1.74801664e-01 -8.39837285e-02  8.25213469e-02 -1.38834069e-01  8.24166664e-02 -1.38895245e-01 
 2.27687287e+03  1.00000000e+00  0.00000000e+00  2.49998591e-01 -2.04447565e-04  1.74006138e-01 -8.41197357e-02  8.08798370e-02 -1.38501936e-01  8.07742053e-02 -1.38562585e-01 
 2.30325630e+03  1.00000000e+00  0.00000000e+00  2.49998587e-01 -2.06816613e-04  1.73211091e-01 -8.42501138e-02  7.92448093e-02 -1.38150369e-01  7.91382330e-02 -1.38210475e-01 
 2.32994545e+03  1.00000000e+00  0.00000000e+00  2.49998584e-01 -2.09213113e-04  1.72416657e-01 -8.43749417e-02  7.76166894e-02 -1.37779533e-01  7.75091755e-02 -1.37839082e-01 
 2.35694386e+03  1.00000000e+00  0.00000000e+00  2.49998580e-01 -2.11637382e-04  1.71622965e-01 -8.44943027e-02  7.59958969e-02 -1.37389606e-01  7.58874526e-02 -1.37448583e-01 
 2.38425512e+03  1.00000000e+00  0.00000000e+00  2.49998576e-01 -2.14089742e-04  1.70830145e-01 -8.46082841e-02  7.43828451e-02 -1.36980776e-01  7.42734780e-02 -1.37039165e-01 
 2.41188285e+03  1.00000000e+00  0.00000000e+00  2.49998572e-01 -2.16570520e-04  1.70038318e-01 -8.47169771e-02  7.27779404e-02 -1.36553242e-01  7.26676583e-02 -1.36611028e-01 
 2.43983072e+03  1.00000000e+00  0.00000000e+00  2.49998568e-01 -2.19080043e-04  1.69247605e-01 -8.48204769e-02  7.11815821e-02 -1.36107213e-01  7.10703932e-02 -1.36164381e-01 
 2.46810244e+03  1.00000000e+00  0.00000000e+00  2.49998564e-01 -2.21618646e-04  1.68458121e-01 -8.49188820e-02  6.95941619e-02 -1.35642908e-01  6.94820748e-02 -1.35699443e-01 
 2.49670175e+03  1.00000000e+00  0.00000000e+00  2.49998559e-01 -2.24186664e-04  1.67669979e-01 -8.50122945e-02  6.80160640e-02 -1.35160557e-01  6.79030875e-02 -1.35216445e-01 
 2.52563247e+03  1.00000000e+00  0.00000000e+00  2.49998555e-01 -2.26784440e-04  1.66883286e-01 -8.51008199e-02  6.64476644e-02 -1.34660398e-01  6.63338075e-02 -1.34715624e-01 
 2.55489842e+03  1.00000000e+00  0.00000000e+00  2.49998551e-01 -2.29412317e-04  1.66098145e-01 -8.51845667e-02  6.48893307e-02 -1.34142678e-01  6.47746028e-02 -1.34197228e-01 
 2.58450349e+03  1.00000000e+00  0.00000000e+00  2.49998546e-01 -2.32070645e-04  1.65314656e-01 -8.52636465e-02  6.33414220e-02 -1.33607655e-01  6.32258328e-02 -1.33661514e-01 
 2.61445161e+03  1.00000000e+00  0.00000000e+00  2.49998541e-01 -2.34759777e-04  1.64532912e-01 -8.53381734e-02  6.18042884e-02 -1.33055592e-01  6.16878479e-02 -1.33108747e-01 
 2.64474676e+03  1.00000000e+00  0.00000000e+00  2.49998536e-01 -2.37480068e-04  1.63753003e-01 -8.54082643e-02  6.02782711e-02 -1.32486763e-01  6.01609895e-02 -1.32539199e-01 
 2.67539296e+03  1.00000000e+00  0.00000000e+00  2.49998532e-01 -2.40231882e-04  1.62975015e-01 -8.54740384e-02  5.87637019e-02 -1.31901448e-01  5.86455898e-02 -1.31953152e-01 
 2.70639427e+03  1.00000000e+00  0.00000000e+00  2.49998527e-01 -2.43015582e-04  1.62199028e-01 -8.55356173e-02  5.72609032e-02 -1.31299934e-01  5.71419712e-02 -1.31350892e-01 
 2.73775481e+03  1.00000000e+00  0.00000000e+00  2.49998521e-01 -2.45831538e-04  1.61425117e-01 -8.55931244e-02  5.57701875e-02 -1.30682517e-01  5.56504468e-02 -1.30732716e-01 
 2.76947874e+03  1.00000000e+00  0.00000000e+00  2.49998516e-01 -2.48680124e-04  1.60653353e-01 -8.56466849e-02  5.42918577e-02 -1.30049496e-01  5.41713196e-02 -1.30098923e-01 
 2.80157028e+03  1.00000000e+00  0.00000000e+00  2.49998511e-01 -2.51561718e-04  1.59883802e-01 -8.56964257e-02  5.28262068e-02 -1.29401179e-01  5.27048828e-02 -1.29449821e-01 
 2.83403368e+03  1.00000000e+00  0.00000000e+00  2.49998505e-01 -2.54476702e-04  1.59116523e-01 -8.57424753e-02  5.13735176e-02 -1.28737880e-01  5.12514195e-02 -1.28785724e-01 
 2.86687325e+03  1.00000000e+00  0.00000000e+00  2.49998500e-01 -2.57425464e-04  1.58351572e-01 -8.57849632e-02  4.99340626e-02 -1.28059915e-01  4.98112025e-02 -1.28106948e-01 
 2.90009335e+03  1.00000000e+00  0.00000000e+00  2.49998494e-01 -2.60408395e-04  1.57589001e-01 -8.58240199e-02  4.85081043e-02 -1.27367608e-01  4.83844944e-02 -1.27413819e-01 
 2.93369840e+03  1.00000000e+00  0.00000000e+00  2.49998488e-01 -2.63425890e-04  1.56828853e-01 -8.58597768e-02  4.70958947e-02 -1.26661287e-01  4.69715475e-02 -1.26706663e-01 
 2.96769284e+03  1.00000000e+00  0.00000000e+00  2.49998482e-01 -2.66478351e-04  1.56071170e-01 -8.58923661e-02  4.56976754e-02 -1.25941284e-01  4.55726036e-02 -1.25985813e-01 
 3.00208120e+03  1.00000000e+00  0.00000000e+00  2.49998476e-01 -2.69566182e-04  1.55315985e-01 -8.59219202e-02  4.43136776e-02 -1.25207933e-01  4.41878942e-02 -1.25251604e-01 
 3.03686803e+03  1.00000000e+00  0.00000000e+00  2.49998469e-01 -2.72689794e-04  1.54563330e-01 -8.59485718e-02  4.29441221e-02 -1.24461574e-01  4.28176402e-02 -1.24504375e-01 
 3.07205796e+03  1.00000000e+00  0.00000000e+00  2.49998463e-01 -2.75849600e-04  1.53813228e-01 -8.59724536e-02  4.15892191e-02 -1.23702549e-01  4.14620522e-02 -1.23744469e-01 
 3.10765566e+03  1.00000000e+00  0.00000000e+00  2.49998456e-01 -2.79046020e-04  1.53065700e-01 -8.59936982e-02  4.02491687e-02 -1.22931201e-01  4.01213302e-02 -1.22972230e-01 
 3.14366585e+03  1.00000000e+00  0.00000000e+00  2.49998449e-01 -2.82279479e-04  1.52320760e-01 -8.60124379e-02  3.89241601e-02 -1.22147878e-01  3.87956639e-02 -1.22188004e-01 
 3.18009330e+03  1.00000000e+00  0.00000000e+00  2.49998443e-01 -2.85550406e-04  1.51578417e-01 -8.60288043e-02  3.76143726e-02 -1.21352929e-01  3.74852325e-02 -1.21392142e-01 
 3.21694287e+03  1.00000000e+00  0.00000000e+00  2.49998435e-01 -2.88859235e-04  1.50838676e-01 -8.60429284e-02  3.63199749e-02 -1.20546703e-01  3.61902050e-02 -1.20584993e-01 
 3.25421943e+03  1.00000000e+00  0.00000000e+00  2.49998428e-01 -2.92206404e-04  1.50101536e-01 -8.60549402e-02  3.50411255e-02 -1.19729553e-01  3.49107402e-02 -1.19766909e-01 
 3.29192793e+03  1.00000000e+00  0.00000000e+00  2.49998421e-01 -2.95592359e-04  1.49366993e-01 -8.60649686e-02  3.37779729e-02 -1.18901829e-01  3.36469865e-02 -1.18938242e-01 
 3.33007339e+03  1.00000000e+00  0.00000000e+00  2.49998413e-01 -2.99017549e-04  1.48635035e-01 -8.60731413e-02  3.25306552e-02 -1.18063885e-01  3.23990825e-02 -1.18099346e-01 
 3.36866085e+03  1.00000000e+00  0.00000000e+00  2.49998405e-01 -3.02482427e-04  1.47905648e-01 -8.60795844e-02  3.12993010e-02 -1.17216075e-01  3.11671567e-02 -1.17250573e-01 
 3.40769546e+03  1.00000000e+00  0.00000000e+00  2.49998397e-01 -3.05987456e-04  1.47178812e-01 -8.60844225e-02  3.00840286e-02 -1.16358749e-01  2.99513276e-02 -1.16392277e-01 
 3.44718238e+03  1.00000000e+00  0.00000000e+00  2.49998389e-01 -3.09533098e-04  1.46454502e-01 -8.60877784e-02  2.88849469e-02 -1.15492262e-01  2.87517043e-02 -1.15524810e-01 
 3.48712685e+03  1.00000000e+00  0.00000000e+00  2.49998381e-01 -3.13119826e-04  1.45732690e-01 -8.60897727e-02  2.77021550e-02 -1.14616965e-01  2.75683860e-02 -1.14648524e-01 
 3.52753419e+03  1.00000000e+00  0.00000000e+00  2.49998372e-01 -3.16748115e-04  1.45013342e-01 -8.60905241e-02  2.65357427e-02 -1.13733208e-01  2.64014627e-02 -1.13763771e-01 
 3.56840975e+03  1.00000000e+00  0.00000000e+00  2.49998364e-01 -3.20418446e-04  1.44296421e-01 -8.60901489e-02  2.53857905e-02 -1.12841341e-01  2.52510150e-02 -1.12870900e-01 
 3.60975896e+03  1.00000000e+00  0.00000000e+00  2.49998355e-01 -3.24131307e-04  1.43581884e-01 -8.60887611e-02  2.42523698e-02 -1.11941711e-01  2.41171143e-02 -1.11970258e-01 
 3.65158730e+03  1.00000000e+00  0.00000000e+00  2.49998346e-01 -3.27887191e-04  1.42869685e-01 -8.60864719e-02  2.31355430e-02 -1.11034666e-01  2.29998233e-02 -1.11062193e-01 
 3.69390034e+03  1.00000000e+00  0.00000000e+00  2.49998336e-01 -3.31686597e-04  1.42159773e-01 -8.60833899e-02  2.20353638e-02 -1.10120548e-01  2.18991956e-02 -1.10147049e-01 
 3.73670368e+03  1.00000000e+00  0.00000000e+00  2.49998327e-01 -3.35530027e-04  1.41452095e-01 -8.60796208e-02  2.09518772e-02 -1.09199700e-01  2.08152765e-02 -1.09225167e-01 
 3.78000300e+03  1.00000000e+00  0.00000000e+00  2.49998317e-01 -3.39417994e-04  1.40746593e-01 -8.60752673e-02  1.98851199e-02 -1.08272462e-01  1.97481028e-02 -1.08296888e-01 
 3.82380406e+03  1.00000000e+00  0.00000000e+00  2.49998307e-01 -3.43351011e-04  1.40043204e-01 -8.60704289e-02  1.88351204e-02 -1.07339169e-01  1.86977030e-02 -1.07362548e-01 
 3.86811267e+03  1.00000000e+00  0.00000000e+00  2.49998296e-01 -3.47329603e-04  1.39341863e-01 -8.60652019e-02  1.78018992e-02 -1.06400155e-01  1.76640978e-02 -1.06422481e-01 
 3.91293471e+03  1.00000000e+00  0.00000000e+00  2.49998286e-01 -3.51354296e-04  1.38642502e-01 -8.60596791e-02  1.67854689e-02 -1.05455752e-01  1.66472997e-02 -1.05477019e-01 
 3.95827613e+03  1.00000000e+00  0.00000000e+00  2.49998275e-01 -3.55425626e-04  1.37945048e-01 -8.60539500e-02  1.57858346e-02 -1.04506286e-01  1.56473141e-02 -1.04526488e-01 
 4.00414294e+03  1.00000000e+00  0.00000000e+00  2.49998264e-01 -3.59544131e-04  1.37249426e-01 -8.60481003e-02  1.48029941e-02 -1.03552083e-01  1.46641387e-02 -1.03571214e-01 
 4.05054124e+03  1.00000000e+00  0.00000000e+00  2.49998253e-01 -3.63710360e-04  1.36555558e-01 -8.60422120e-02  1.38369377e-02 -1.02593461e-01  1.36977640e-02 -1.02611517e-01 
 4.09747718e+03  1.00000000e+00  0.00000000e+00  2.49998241e-01 -3.67924865e-04  1.35863363e-01 -8.60363636e-02  1.28876491e-02 -1.01630738e-01  1.27481737e-02 -1.01647715e-01 
 4.14495700e+03  1.00000000e+00  0.00000000e+00  2.49998230e-01 -3.72188205e-04  1.35172755e-01 -8.60306291e-02  1.19551049e-02 -1.00664228e-01  1.18153446e-02 -1.00680120e-01 
 4.19298699e+03  1.00000000e+00  0.00000000e+00  2.49998218e-01 -3.76500946e-04  1.34483650e-01 -8.60250791e-02  1.10392755e-02 -9.96942387e-02  1.08992469e-02 -9.97090411e-02 
 4.24157353e+03  1.00000000e+00  0.00000000e+00  2.49998205e-01 -3.80863660e-04  1.33795957e-01 -8.60197798e-02  1.01401247e-02 -9.87210754e-02  9.99984469e-03 -9.87347846e-02 
 4.29072307e+03  1.00000000e+00  0.00000000e+00  2.49998193e-01 -3.85276928e-04  1.33109585e-01 -8.60147933e-02  9.25761035e-03 -9.77450390e-02  9.11709571e-03 -9.77576510e-02 
 4.34044214e+03  1.00000000e+00  0.00000000e+00  2.49998180e-01 -3.89741333e-04  1.32424442e-01 -8.60101775e-02  8.39168420e-03 -9.67664260e-02  8.25095187e-03 -9.67779374e-02 
 4.39073733e+03  1.00000000e+00  0.00000000e+00  2.49998166e-01 -3.94257470e-04  1.31740430e-01 -8.60059859e-02  7.54229245e-03 -9.57855286e-02  7.40135937e-03 -9.57959360e-02 
 4.44161532e+03  1.00000000e+00  0.00000000e+00  2.49998153e-01 -3.98825937e-04  1.31057453e-01 -8.60022677e-02  6.70937574e-03 -9.48026347e-02  6.56825889e-03 -9.48119349e-02 
 4.49308286e+03  1.00000000e+00  0.00000000e+00  2.49998139e-01 -4.03447341e-04  1.30375413e-01 -8.59990679e-02  5.89286943e-03 -9.38180275e-02  5.75158585e-03 -9.38262179e-02 
 4.54514678e+03  1.00000000e+00  0.00000000e+00  2.49998125e-01 -4.08122295e-04  1.29694207e-01 -8.59964266e-02  5.09270382e-03 -9.28319860e-02  4.95127054e-03 -9.28390639e-02 
 4.59781400e+03  1.00000000e+00  0.00000000e+00  2.49998110e-01 -4.12851420e-04  1.29013734e-01 -8.59943798e-02  4.30880427e-03 -9.18447843e-02  4.16723838e-03 -9.18507474e-02 
 4.65109151e+03  1.00000000e+00  0.00000000e+00  2.49998096e-01 -4.17635343e-04  1.28333892e-01 -8.59929587e-02  3.54109150e-03 -9.08566920e-02  3.39941009e-03 -9.08615384e-02 
 4.70498637e+03  1.00000000e+00  0.00000000e+00  2.49998080e-01 -4.22474699e-04  1.27654576e-01 -8.59921899e-02  2.78948169e-03 -8.98679743e-02  2.64770189e-03 -8.98717021e-02 
 4.75950574e+03  1.00000000e+00  0.00000000e+00  2.49998065e-01 -4.27370130e-04  1.26975680e-01 -8.59920955e-02  2.05388675e-03 -8.88788913e-02  1.91202569e-03 -8.88814991e-02 
 4.81465686e+03  1.00000000e+00  0.00000000e+00  2.49998049e-01 -4.32322287e-04  1.26297100e-01 -8.59926928e-02  1.33421444e-03 -8.78896988e-02  1.19228927e-03 -8.78911853e-02 
 4.87044705e+03  1.00000000e+00  0.00000000e+00  2.49998033e-01 -4.37331827e-04  1.25618728e-01 -8.59939947e-02  6.30368612e-04 -8.69006478e-02  4.88396488e-04 -8.69010119e-02 
 4.92688371e+03  1.00000000e+00  0.00000000e+00  2.49998016e-01 -4.42399414e-04  1.24940458e-01 -8.59960091e-02 -5.77506659e-05 -8.59119844e-02 -1.99752582e-04 -8.59112255e-02 
 4.98397434e+03  1.00000000e+00  0.00000000e+00  2.49997999e-01 -4.47525721e-04  1.24262183e-01 -8.59987394e-02 -7.30246900e-04 -8.49239503e-02 -8.72261447e-04 -8.49220679e-02 
 5.04172650e+03  1.00000000e+00  0.00000000e+00  2.49997982e-01 -4.52711429e-04  1.23583796e-01 -8.60021843e-02 -1.38722702e-03 -8.39367825e-02 -1.52923704e-03 -8.39337762e-02 
 5.10014788e+03  1.00000000e+00  0.00000000e+00  2.49997964e-01 -4.57957225e-04  1.22905191e-01 -8.60063376e-02 -2.02880119e-03 -8.29507131e-02 -2.17078953e-03 -8.29465831e-02 
 5.15924621e+03  1.00000000e+00  0.00000000e+00  2.49997945e-01 -4.63263806e-04  1.22226260e-01 -8.60111886e-02 -2.65508270e-03 -8.19659697e-02 -2.79703221e-03 -8.19607162e-02 
 5.21902935e+03  1.00000000e+00  0.00000000e+00  2.49997927e-01 -4.68631877e-04  1.21546898e-01 -8.60167220e-02 -3.26618775e-03 -8.09827753e-02 -3.40808131e-03 -8.09763989e-02 
 5.27950524e+03  1.00000000e+00  0.00000000e+00  2.49997908e-01 -4.74062149e-04  1.20866999e-01 -8.60229175e-02 -3.86223533e-03 -8.00013483e-02 -4.00405583e-03 -7.99938497e-02 
 5.34068189e+03  1.00000000e+00  0.00000000e+00  2.49997888e-01 -4.79555344e-04  1.20186459e-01 -8.60297506e-02 -4.44334710e-03 -7.90219025e-02 -4.58507745e-03 -7.90132828e-02 
 5.40256743e+03  1.00000000e+00  0.00000000e+00  2.49997868e-01 -4.85112191e-04  1.19505172e-01 -8.60371917e-02 -5.00964720e-03 -7.80446472e-02 -5.15127033e-03 -7.80349077e-02 
 5.46517007e+03  1.00000000e+00  0.00000000e+00  2.49997848e-01 -4.90733426e-04  1.18823038e-01 -8.60452071e-02 -5.56126216e-03 -7.70697872e-02 -5.70276103e-03 -7.70589295e-02 
 5.52849813e+03  1.00000000e+00  0.00000000e+00  2.49997827e-01 -4.96419797e-04  1.18139954e-01 -8.60537582e-02 -6.09832073e-03 -7.60975228e-02 -6.23967835e-03 -7.60855487e-02 
 5.59256001e+03  1.00000000e+00  0.00000000e+00  2.49997805e-01 -5.02172057e-04  1.17455821e-01 -8.60628020e-02 -6.62095379e-03 -7.51280500e-02 -6.76215319e-03 -7.51149616e-02 
 5.65736420e+03  1.00000000e+00  0.00000000e+00  2.49997783e-01 -5.07990971e-04  1.16770539e-01 -8.60722911e-02 -7.12929424e-03 -7.41615604e-02 -7.27031849e-03 -7.41473600e-02 
 5.72291932e+03  1.00000000e+00  0.00000000e+00  2.49997761e-01 -5.13877311e-04  1.16084013e-01 -8.60821736e-02 -7.62347684e-03 -7.31982413e-02 -7.76430906e-03 -7.31829314e-02 
 5.78923407e+03  1.00000000e+00  0.00000000e+00  2.49997738e-01 -5.19831857e-04  1.15396148e-01 -8.60923934e-02 -8.10363813e-03 -7.22382757e-02 -8.24426149e-03 -7.22218592e-02 
 5.85631724e+03  1.00000000e+00  0.00000000e+00  2.49997714e-01 -5.25855401e-04  1.14706851e-01 -8.61028901e-02 -8.56991634e-03 -7.12818424e-02 -8.71031405e-03 -7.12643225e-02 
 5.92417774e+03  1.00000000e+00  0.00000000e+00  2.49997690e-01 -5.31948741e-04  1.14016031e-01 -8.61135989e-02 -9.02245128e-03 -7.03291162e-02 -9.16260662e-03 -7.03104961e-02 
 5.99282458e+03  1.00000000e+00  0.00000000e+00  2.49997665e-01 -5.38112686e-04  1.13323601e-01 -8.61244510e-02 -9.46138421e-03 -6.93802676e-02 -9.60128052e-03 -6.93605510e-02 
 6.06226688e+03  1.00000000e+00  0.00000000e+00  2.49997640e-01 -5.44348055e-04  1.12629475e-01 -8.61353736e-02 -9.88685782e-03 -6.84354632e-02 -1.00264785e-02 -6.84146539e-02 
 6.13251384e+03  1.00000000e+00  0.00000000e+00  2.49997614e-01 -5.50655675e-04  1.11933570e-01 -8.61462898e-02 -1.02990161e-02 -6.74948656e-02 -1.04383446e-02 -6.74729677e-02 
 6.20357479e+03  1.00000000e+00  0.00000000e+00  2.49997588e-01 -5.57036383e-04  1.11235806e-01 -8.61571190e-02 -1.06980043e-02 -6.65586333e-02 -1.08370242e-02 -6.65356512e-02 
 6.27545916e+03  1.00000000e+00  0.00000000e+00  2.49997561e-01 -5.63491027e-04  1.10536106e-01 -8.61677766e-02 -1.10839687e-02 -6.56269212e-02 -1.12226636e-02 -6.56028596e-02 
 6.34817650e+03  1.00000000e+00  0.00000000e+00  2.49997533e-01 -5.70020461e-04  1.09834395e-01 -8.61781744e-02 -1.14570568e-02 -6.46998802e-02 -1.15954104e-02 -6.46747439e-02 
 6.42173646e+03  1.00000000e+00  0.00000000e+00  2.49997505e-01 -5.76625554e-04  1.09130605e-01 -8.61882208e-02 -1.18174172e-02 -6.37776576e-02 -1.19554133e-02 -6.37514516e-02 
 6.49614880e+03  1.00000000e+00  0.00000000e+00  2.49997476e-01 -5.83307182e-04  1.08424666e-01 -8.61978205e-02 -1.21651991e-02 -6.28603967e-02 -1.23028216e-02 -6.28331266e-02 
 6.57142340e+03  1.00000000e+00  0.00000000e+00  2.49997446e-01 -5.90066232e-04  1.07716515e-01 -8.62068748e-02 -1.25005530e-02 -6.19482374e-02 -1.26377859e-02 -6.19199088e-02 
 6.64757025e+03  1.00000000e+00  0.00000000e+00  2.49997416e-01 -5.96903600e-04  1.07006091e-01 -8.62152822e-02 -1.28236301e-02 -6.10413161e-02 -1.29604574e-02 -6.10119348e-02 
 6.72459945e+03  1.00000000e+00  0.00000000e+00  2.49997385e-01 -6.03820194e-04  1.06293340e-01 -8.62229375e-02 -1.31345822e-02 -6.01397652e-02 -1.32709881e-02 -6.01093374e-02 
 6.80252124e+03  1.00000000e+00  0.00000000e+00  2.49997353e-01 -6.10816933e-04  1.05578207e-01 -8.62297330e-02 -1.34335621e-02 -5.92437142e-02 -1.35695309e-02 -5.92122463e-02 
 6.88134595e+03  1.00000000e+00  0.00000000e+00  2.49997321e-01 -6.17894744e-04  1.04860644e-01 -8.62355580e-02 -1.37207231e-02 -5.83532886e-02 -1.38562393e-02 -5.83207872e-02 
 6.96108405e+03  1.00000000e+00  0.00000000e+00  2.49997288e-01 -6.25054567e-04  1.04140608e-01 -8.62402990e-02 -1.39962194e-02 -5.74686109e-02 -1.41312674e-02 -5.74350829e-02 
 7.04174612e+03  1.00000000e+00  0.00000000e+00  2.49997254e-01 -6.32297353e-04  1.03418057e-01 -8.62438403e-02 -1.42602055e-02 -5.65897999e-02 -1.43947701e-02 -5.65552525e-02 
 7.12334286e+03  1.00000000e+00  0.00000000e+00  2.49997219e-01 -6.39624061e-04  1.02692956e-01 -8.62460633e-02 -1.45128368e-02 -5.57169715e-02 -1.46469027e-02 -5.56814120e-02 
 7.20588512e+03  1.00000000e+00  0.00000000e+00  2.49997183e-01 -6.47035666e-04  1.01965273e-01 -8.62468476e-02 -1.47542689e-02 -5.48502379e-02 -1.48878211e-02 -5.48136740e-02 
 7.28938384e+03  1.00000000e+00  0.00000000e+00  2.49997147e-01 -6.54533150e-04  1.01234982e-01 -8.62460706e-02 -1.49846582e-02 -5.39897085e-02 -1.51176817e-02 -5.39521480e-02 
 7.37385010e+03  1.00000000e+00  0.00000000e+00  2.49997109e-01 -6.62117509e-04  1.00502061e-01 -8.62436076e-02 -1.52041614e-02 -5.31354890e-02 -1.53366414e-02 -5.30969401e-02 
 7.45929513e+03  1.00000000e+00  0.00000000e+00  2.49997071e-01 -6.69789749e-04  9.97664904e-02 -8.62393323e-02 -1.54129357e-02 -5.22876825e-02 -1.55448577e-02 -5.22481535e-02 
 7.54573026e+03  1.00000000e+00  0.00000000e+00  2.49997032e-01 -6.77550888e-04  9.90282589e-02 -8.62331169e-02 -1.56111388e-02 -5.14463885e-02 -1.57424882e-02 -5.14058880e-02 
 7.63316696e+03  1.00000000e+00  0.00000000e+00  2.49996992e-01 -6.85401957e-04  9.82873582e-02 -8.62248321e-02 -1.57989286e-02 -5.06117038e-02 -1.59296912e-02 -5.05702406e-02 
 7.72161683e+03  1.00000000e+00  0.00000000e+00  2.49996951e-01 -6.93343997e-04  9.75437851e-02 -8.62143474e-02 -1.59764637e-02 -4.97837218e-02 -1.61066253e-02 -4.97413050e-02 
 7.81109163e+03  1.00000000e+00  0.00000000e+00  2.49996909e-01 -7.01378062e-04  9.67975416e-02 -8.62015312e-02 -1.61439026e-02 -4.89625331e-02 -1.62734493e-02 -4.89191720e-02 
 7.90160323e+03  1.00000000e+00  0.00000000e+00  2.49996867e-01 -7.09505218e-04  9.60486344e-02 -8.61862511e-02 -1.63014046e-02 -4.81482252e-02 -1.64303225e-02 -4.81039293e-02 
 7.99316363e+03  1.00000000e+00  0.00000000e+00  2.49996823e-01 -7.17726544e-04  9.52970755e-02 -8.61683742e-02 -1.64491289e-02 -4.73408826e-02 -1.65774046e-02 -4.72956618e-02 
 8.08578500e+03  1.00000000e+00  0.00000000e+00  2.49996778e-01 -7.26043132e-04  9.45428819e-02 -8.61477667e-02 -1.65872352e-02 -4.65405870e-02 -1.67148552e-02 -4.64944511e-02 
 8.17947962e+03  1.00000000e+00  0.00000000e+00  2.49996732e-01 -7.34456085e-04  9.37860758e-02 -8.61242949e-02 -1.67158835e-02 -4.57474170e-02 -1.68428345e-02 -4.57003763e-02 
 8.27425994e+03  1.00000000e+00  0.00000000e+00  2.49996685e-01 -7.42966518e-04  9.30266844e-02 -8.60978250e-02 -1.68352338e-02 -4.49614482e-02 -1.69615029e-02 -4.49135131e-02 
 8.37013853e+03  1.00000000e+00  0.00000000e+00  2.49996637e-01 -7.51575563e-04  9.22647402e-02 -8.60682230e-02 -1.69454465e-02 -4.41827535e-02 -1.70710210e-02 -4.41339346e-02 
 8.46712812e+03  1.00000000e+00  0.00000000e+00  2.49996588e-01 -7.60284360e-04  9.15002808e-02 -8.60353555e-02 -1.70466822e-02 -4.34114027e-02 -1.71715495e-02 -4.33617110e-02 
 8.56524158e+03  1.00000000e+00  0.00000000e+00  2.49996537e-01 -7.69094067e-04  9.07333489e-02 -8.59990895e-02 -1.71391016e-02 -4.26474630e-02 -1.72632493e-02 -4.25969094e-02 
 8.66449194e+03  1.00000000e+00  0.00000000e+00  2.49996486e-01 -7.78005852e-04  8.99639924e-02 -8.59592928e-02 -1.72228656e-02 -4.18909985e-02 -1.73462816e-02 -4.18395943e-02 
 8.76489238e+03  1.00000000e+00  0.00000000e+00  2.49996433e-01 -7.87020897e-04  8.91922645e-02 -8.59158339e-02 -1.72981352e-02 -4.11420704e-02 -1.74208076e-02 -4.10898271e-02 
 8.86645620e+03  1.00000000e+00  0.00000000e+00  2.49996379e-01 -7.96140399e-04  8.84182233e-02 -8.58685826e-02 -1.73650715e-02 -4.04007372e-02 -1.74869886e-02 -4.03476664e-02 
 8.96919691e+03  1.00000000e+00  0.00000000e+00  2.49996324e-01 -8.05365569e-04  8.76419320e-02 -8.58174099e-02 -1.74238356e-02 -3.96670545e-02 -1.75449862e-02 -3.96131681e-02 
 9.07312814e+03  1.00000000e+00  0.00000000e+00  2.49996268e-01 -8.14697630e-04  8.68634589e-02 -8.57621885e-02 -1.74745889e-02 -3.89410750e-02 -1.75949616e-02 -3.88863849e-02 
 9.17826367e+03  1.00000000e+00  0.00000000e+00  2.49996210e-01 -8.24137821e-04  8.60828773e-02 -8.57027924e-02 -1.75174925e-02 -3.82228486e-02 -1.76370766e-02 -3.81673671e-02 
 9.28461747e+03  1.00000000e+00  0.00000000e+00  2.49996151e-01 -8.33687395e-04  8.53002654e-02 -8.56390980e-02 -1.75527078e-02 -3.75124223e-02 -1.76714925e-02 -3.74561619e-02 
 9.39220365e+03  1.00000000e+00  0.00000000e+00  2.49996090e-01 -8.43347619e-04  8.45157063e-02 -8.55709834e-02 -1.75803959e-02 -3.68098404e-02 -1.76983709e-02 -3.67528135e-02 
 9.50103650e+03  1.00000000e+00  0.00000000e+00  2.49996028e-01 -8.53119775e-04  8.37292877e-02 -8.54983293e-02 -1.76007180e-02 -3.61151443e-02 -1.77178732e-02 -3.60573637e-02 
 9.61113045e+03  1.00000000e+00  0.00000000e+00  2.49995965e-01 -8.63005159e-04  8.29411023e-02 -8.54210186e-02 -1.76138351e-02 -3.54283725e-02 -1.77301607e-02 -3.53698510e-02 
 9.72250012e+03  1.00000000e+00  0.00000000e+00  2.49995900e-01 -8.73005084e-04  8.21512471e-02 -8.53389371e-02 -1.76199083e-02 -3.47495606e-02 -1.77353947e-02 -3.46903114e-02 
 9.83516030e+03  1.00000000e+00  0.00000000e+00  2.49995834e-01 -8.83120876e-04  8.13598239e-02 -8.52519733e-02 -1.76190981e-02 -3.40787417e-02 -1.77337361e-02 -3.40187778e-02 
 9.94912594e+03  1.00000000e+00  0.00000000e+00  2.49995766e-01 -8.93353878e-04  8.05669388e-02 -8.51600188e-02 -1.76115653e-02 -3.34159456e-02 -1.77253459e-02 -3.33552804e-02 
 1.00644122e+04  1.00000000e+00  0.00000000e+00  2.49995696e-01 -9.03705448e-04  7.97727020e-02 -8.50629684e-02 -1.75974701e-02 -3.27611997e-02 -1.77103846e-02 -3.26998466e-02 
 1.01810343e+04  1.00000000e+00  0.00000000e+00  2.49995625e-01 -9.14176959e-04  7.89772280e-02 -8.49607203e-02 -1.75769725e-02 -3.21145282e-02 -1.76890125e-02 -3.20525008e-02 
 1.02990078e+04  1.00000000e+00  0.00000000e+00  2.49995552e-01 -9.24769801e-04  7.81806355e-02 -8.48531763e-02 -1.75502323e-02 -3.14759527e-02 -1.76613897e-02 -3.14132647e-02 
 1.04183483e+04  1.00000000e+00  0.00000000e+00  2.49995478e-01 -9.35485379e-04  7.73830469e-02 -8.47402417e-02 -1.75174087e-02 -3.08454919e-02 -1.76276758e-02 -3.07821571e-02 
 1.05390716e+04  1.00000000e+00  0.00000000e+00  2.49995402e-01 -9.46325116e-04  7.65845883e-02 -8.46218259e-02 -1.74786608e-02 -3.02231616e-02 -1.75880300e-02 -3.01591939e-02 
 1.06611939e+04  1.00000000e+00  0.00000000e+00  2.49995324e-01 -9.57290450e-04  7.57853895e-02 -8.44978421e-02 -1.74341469e-02 -2.96089748e-02 -1.75426112e-02 -2.95443883e-02 
 1.07847312e+04  1.00000000e+00  0.00000000e+00  2.49995244e-01 -9.68382836e-04  7.49855838e-02 -8.43682080e-02 -1.73840250e-02 -2.90029418e-02 -1.74915775e-02 -2.89377504e-02 
 1.09097001e+04  1.00000000e+00  0.00000000e+00  2.49995162e-01 -9.79603745e-04  7.41853077e-02 -8.42328451e-02 -1.73284526e-02 -2.84050699e-02 -1.74350867e-02 -2.83392879e-02 
 1.10361171e+04  1.00000000e+00  0.00000000e+00  2.49995079e-01 -9.90954667e-04  7.33847007e-02 -8.40916797e-02 -1.72675864e-02 -2.78153636e-02 -1.73732959e-02 -2.77490052e-02 
 1.11639989e+04  1.00000000e+00  0.00000000e+00  2.49994993e-01 -1.00243711e-03  7.25839053e-02 -8.39446426e-02 -1.72015825e-02 -2.72338246e-02 -1.73063616e-02 -2.71669042e-02 
 1.12933625e+04  1.00000000e+00  0.00000000e+00  2.49994906e-01 -1.01405259e-03  7.17830669e-02 -8.37916691e-02 -1.71305963e-02 -2.66604520e-02 -1.72344394e-02 -2.65929839e-02 
 1.14242252e+04  1.00000000e+00  0.00000000e+00  2.49994816e-01 -1.02580266e-03  7.09823332e-02 -8.36326993e-02 -1.70547825e-02 -2.60952418e-02 -1.71576844e-02 -2.60272404e-02 
 1.15566042e+04  1.00000000e+00  0.00000000e+00  2.49994724e-01 -1.03768887e-03  7.01818544e-02 -8.34676782e-02 -1.69742950e-02 -2.55381873e-02 -1.70762508e-02 -2.54696672e-02 
 1.16905172e+04  1.00000000e+00  0.00000000e+00  2.49994631e-01 -1.04971280e-03  6.93817829e-02 -8.32965558e-02 -1.68892866e-02 -2.49892792e-02 -1.69902916e-02 -2.49202548e-02 
 1.18259819e+04  1.00000000e+00  0.00000000e+00  2.49994535e-01 -1.06187604e-03  6.85822730e-02 -8.31192870e-02 -1.67999093e-02 -2.44485053e-02 -1.68999594e-02 -2.43789911e-02 
 1.19630164e+04  1.00000000e+00  0.00000000e+00  2.49994436e-01 -1.07418022e-03  6.77834809e-02 -8.29358319e-02 -1.67063142e-02 -2.39158507e-02 -1.68054054e-02 -2.38458612e-02 
 1.21016387e+04  1.00000000e+00  0.00000000e+00  2.49994336e-01 -1.08662695e-03  6.69855641e-02 -8.27461557e-02 -1.66086511e-02 -2.33912977e-02 -1.67067799e-02 -2.33208475e-02 
 1.22418673e+04  1.00000000e+00  0.00000000e+00  2.49994233e-01 -1.09921790e-03  6.61886817e-02 -8.25502289e-02 -1.65070690e-02 -2.28748260e-02 -1.66042321e-02 -2.28039297e-02 
 1.23837208e+04  1.00000000e+00  0.00000000e+00  2.49994128e-01 -1.11195473e-03  6.53929939e-02 -8.23480271e-02 -1.64017154e-02 -2.23664127e-02 -1.64979100e-02 -2.22950847e-02 
 1.25272181e+04  1.00000000e+00  0.00000000e+00  2.49994020e-01 -1.12483914e-03  6.45986619e-02 -8.21395314e-02 -1.62927368e-02 -2.18660320e-02 -1.63879602e-02 -2.17942869e-02 
 1.26723782e+04  1.00000000e+00  0.00000000e+00  2.49993910e-01 -1.13787283e-03  6.38058473e-02 -8.19247279e-02 -1.61802783e-02 -2.13736558e-02 -1.62745283e-02 -2.13015080e-02 
 1.28192203e+04  1.00000000e+00  0.00000000e+00  2.49993797e-01 -1.15105753e-03  6.30147127e-02 -8.17036084e-02 -1.60644837e-02 -2.08892531e-02 -1.61577583e-02 -2.08167171e-02 
 1.29677639e+04  1.00000000e+00  0.00000000e+00  2.49993682e-01 -1.16439500e-03  6.22254207e-02 -8.14761698e-02 -1.59454953e-02 -2.04127905e-02 -1.60377929e-02 -2.03398807e-02 
 1.31180288e+04  1.00000000e+00  0.00000000e+00  2.49993564e-01 -1.17788699e-03  6.14381341e-02 -8.12424144e-02 -1.58234540e-02 -1.99442323e-02 -1.59147735e-02 -1.98709630e-02 
 1.32700349e+04  1.00000000e+00  0.00000000e+00  2.49993443e-01 -1.19153531e-03  6.06530154e-02 -8.10023498e-02 -1.56984991e-02 -1.94835398e-02 -1.57888395e-02 -1.94099253e-02 
 1.34238024e+04  1.00000000e+00  0.00000000e+00  2.49993320e-01 -1.20534175e-03  5.98702271e-02 -8.07559890e-02 -1.55707685e-02 -1.90306724e-02 -1.56601291e-02 -1.89567269e-02 
 1.35793517e+04  1.00000000e+00  0.00000000e+00  2.49993193e-01 -1.21930817e-03  5.90899309e-02 -8.05033502e-02 -1.54403982e-02 -1.85855867e-02 -1.55287788e-02 -1.85113243e-02 
 1.37367035e+04  1.00000000e+00  0.00000000e+00  2.49993064e-01 -1.23343640e-03  5.83122878e-02 -8.02444567e-02 -1.53075227e-02 -1.81482372e-02 -1.53949232e-02 -1.80736720e-02 
 1.38958785e+04  1.00000000e+00  0.00000000e+00  2.49992931e-01 -1.24772832e-03  5.75374582e-02 -7.99793372e-02 -1.51722745e-02 -1.77185759e-02 -1.52586953e-02 -1.76437218e-02 
 1.40568980e+04  1.00000000e+00  0.00000000e+00  2.49992795e-01 -1.26218582e-03  5.67656008e-02 -7.97080255e-02 -1.50347846e-02 -1.72965527e-02 -1.51202264e-02 -1.72214236e-02 
 1.42197833e+04  1.00000000e+00  0.00000000e+00  2.49992657e-01 -1.27681083e-03  5.59968733e-02 -7.94305603e-02 -1.48951819e-02 -1.68821153e-02 -1.49796456e-02 -1.68067248e-02 
 1.43845561e+04  1.00000000e+00  0.00000000e+00  2.49992515e-01 -1.29160529e-03  5.52314320e-02 -7.91469854e-02 -1.47535935e-02 -1.64752091e-02 -1.48370803e-02 -1.63995709e-02 
 1.45512382e+04  1.00000000e+00  0.00000000e+00  2.49992370e-01 -1.30657116e-03  5.44694313e-02 -7.88573495e-02 -1.46101444e-02 -1.60757774e-02 -1.46926560e-02 -1.59999050e-02 
 1.47198517e+04  1.00000000e+00  0.00000000e+00  2.49992221e-01 -1.32171041e-03  5.37110236e-02 -7.85617061e-02 -1.44649579e-02 -1.56837618e-02 -1.45464961e-02 -1.56076684e-02 
 1.48904191e+04  1.00000000e+00  0.00000000e+00  2.49992069e-01 -1.33702507e-03  5.29563595e-02 -7.82601134e-02 -1.43181548e-02 -1.52991014e-02 -1.43987217e-02 -1.52228003e-02 
 1.50629629e+04  1.00000000e+00  0.00000000e+00  2.49991913e-01 -1.35251717e-03  5.22055872e-02 -7.79526342e-02 -1.41698541e-02 -1.49217338e-02 -1.42494522e-02 -1.48452381e-02 
 1.52375061e+04  1.00000000e+00  0.00000000e+00  2.49991754e-01 -1.36818875e-03  5.14588526e-02 -7.76393359e-02 -1.40201726e-02 -1.45515946e-02 -1.40988047e-02 -1.44749171e-02 
 1.54140718e+04  1.00000000e+00  0.00000000e+00  2.49991591e-01 -1.38404190e-03  5.07162989e-02 -7.73202902e-02 -1.38692249e-02 -1.41886175e-02 -1.39468939e-02 -1.41117710e-02 
 1.55926835e+04  1.00000000e+00  0.00000000e+00  2.49991424e-01 -1.40007871e-03  4.99780667e-02 -7.69955732e-02 -1.37171235e-02 -1.38327347e-02 -1.37938327e-02 -1.37557317e-02 
 1.57733649e+04  1.00000000e+00  0.00000000e+00  2.49991253e-01 -1.41630133e-03  4.92442937e-02 -7.66652648e-02 -1.35639784e-02 -1.34838766e-02 -1.36397313e-02 -1.34067295e-02 
 1.59561399e+04  1.00000000e+00  0.00000000e+00  2.49991079e-01 -1.43271190e-03  4.85151147e-02 -7.63294492e-02 -1.34098974e-02 -1.31419720e-02 -1.34846979e-02 -1.30646930e-02 
 1.61410328e+04  1.00000000e+00  0.00000000e+00  2.49990900e-01 -1.44931259e-03  4.77906612e-02 -7.59882144e-02 -1.32549861e-02 -1.28069483e-02 -1.33288382e-02 -1.27295494e-02 
 1.63280682e+04  1.00000000e+00  0.00000000e+00  2.49990717e-01 -1.46610560e-03  4.70710615e-02 -7.56416522e-02 -1.30993478e-02 -1.24787313e-02 -1.31722557e-02 -1.24012243e-02 
 1.65172709e+04  1.00000000e+00  0.00000000e+00  2.49990530e-01 -1.48309318e-03  4.63564406e-02 -7.52898577e-02 -1.29430832e-02 -1.21572455e-02 -1.30150515e-02 -1.20796421e-02 
 1.67086660e+04  1.00000000e+00  0.00000000e+00  2.49990338e-01 -1.50027756e-03  4.56469200e-02 -7.49329296e-02 -1.27862907e-02 -1.18424142e-02 -1.28573242e-02 -1.17647257e-02 
 1.69022788e+04  1.00000000e+00  0.00000000e+00  2.49990142e-01 -1.51766103e-03  4.49426175e-02 -7.45709700e-02 -1.26290663e-02 -1.15341592e-02 -1.26991701e-02 -1.14563969e-02 
 1.70981352e+04  1.00000000e+00  0.00000000e+00  2.49989942e-01 -1.53524589e-03  4.42436473e-02 -7.42040838e-02 -1.24715038e-02 -1.12324015e-02 -1.25406830e-02 -1.11545762e-02 
 1.72962611e+04  1.00000000e+00  0.00000000e+00  2.49989736e-01 -1.55303448e-03  4.35501199e-02 -7.38323791e-02 -1.23136941e-02 -1.09370607e-02 -1.23819542e-02 -1.08591833e-02 
 1.74966828e+04  1.00000000e+00  0.00000000e+00  2.49989526e-01 -1.57102916e-03  4.28621418e-02 -7.34559666e-02 -1.21557260e-02 -1.06480556e-02 -1.22230727e-02 -1.05701366e-02 
 1.76994269e+04  1.00000000e+00  0.00000000e+00  2.49989311e-01 -1.58923230e-03  4.21798157e-02 -7.30749597e-02 -1.19976858e-02 -1.03653040e-02 -1.20641249e-02 -1.02873537e-02 
 1.79045203e+04  1.00000000e+00  0.00000000e+00  2.49989092e-01 -1.60764633e-03  4.15032402e-02 -7.26894743e-02 -1.18396573e-02 -1.00887227e-02 -1.19051948e-02 -1.00107513e-02 
 1.81119902e+04  1.00000000e+00  0.00000000e+00  2.49988866e-01 -1.62627369e-03  4.08325101e-02 -7.22996286e-02 -1.16817217e-02 -9.81822803e-03 -1.17463639e-02 -9.74024521e-03 
 1.83218642e+04  1.00000000e+00  0.00000000e+00  2.49988636e-01 -1.64511685e-03  4.01677157e-02 -7.19055427e-02 -1.15239578e-02 -9.55373533e-03 -1.15877112e-02 -9.47575075e-03 
 1.85341702e+04  1.00000000e+00  0.00000000e+00  2.49988401e-01 -1.66417830e-03  3.95089436e-02 -7.15073390e-02 -1.13664421e-02 -9.29515942e-03 -1.14293132e-02 -9.21718243e-03 
 1.87489362e+04  1.00000000e+00  0.00000000e+00  2.49988159e-01 -1.68346058e-03  3.88562760e-02 -7.11051414e-02 -1.12092484e-02 -9.04241452e-03 -1.12712440e-02 -8.96445425e-03 
 1.89661909e+04  1.00000000e+00  0.00000000e+00  2.49987913e-01 -1.70296624e-03  3.82097910e-02 -7.06990755e-02 -1.10524483e-02 -8.79541438e-03 -1.11135752e-02 -8.71747970e-03 
 1.91859630e+04  1.00000000e+00  0.00000000e+00  2.49987660e-01 -1.72269787e-03  3.75695623e-02 -7.02892684e-02 -1.08961106e-02 -8.55407232e-03 -1.09563760e-02 -8.47617184e-03 
 1.94082818e+04  1.00000000e+00  0.00000000e+00  2.49987402e-01 -1.74265808e-03  3.69356596e-02 -6.98758486e-02 -1.07403020e-02 -8.31830128e-03 -1.07997131e-02 -8.24044338e-03 
 1.96331766e+04  1.00000000e+00  0.00000000e+00  2.49987137e-01 -1.76284953e-03  3.63081483e-02 -6.94589454e-02 -1.05850866e-02 -8.08801397e-03 -1.06436507e-02 -8.01020676e-03 
 1.98606775e+04  1.00000000e+00  0.00000000e+00  2.49986867e-01 -1.78327488e-03  3.56870895e-02 -6.90386894e-02 -1.04305261e-02 -7.86312283e-03 -1.04882508e-02 -7.78537417e-03 
 2.00908146e+04  1.00000000e+00  0.00000000e+00  2.49986590e-01 -1.80393685e-03  3.50725403e-02 -6.86152118e-02 -1.02766799e-02 -7.64354018e-03 -1.03335727e-02 -7.56585768e-03 
 2.03236183e+04  1.00000000e+00  0.00000000e+00  2.49986306e-01 -1.82483818e-03  3.44645533e-02 -6.81886447e-02 -1.01236051e-02 -7.42917825e-03 -1.01796737e-02 -7.35156926e-03 
 2.05591197e+04  1.00000000e+00  0.00000000e+00  2.49986016e-01 -1.84598163e-03  3.38631772e-02 -6.77591203e-02 -9.97135614e-03 -7.21994925e-03 -1.00266085e-02 -7.14242087e-03 
 2.07973500e+04  1.00000000e+00  0.00000000e+00  2.49985720e-01 -1.86737002e-03  3.32684563e-02 -6.73267716e-02 -9.81998549e-03 -7.01576545e-03 -9.87442944e-03 -6.93832450e-03 
 2.10383409e+04  1.00000000e+00  0.00000000e+00  2.49985416e-01 -1.88900617e-03  3.26804310e-02 -6.68917316e-02 -9.66954317e-03 -6.81653920e-03 -9.72318677e-03 -6.73919226e-03 
 2.12821242e+04  1.00000000e+00  0.00000000e+00  2.49985105e-01 -1.91089296e-03  3.20991374e-02 -6.64541332e-02 -9.52007696e-03 -6.62218302e-03 -9.57292833e-03 -6.54493641e-03 
 2.15287323e+04  1.00000000e+00  0.00000000e+00  2.49984787e-01 -1.93303329e-03  3.15246078e-02 -6.60141094e-02 -9.37163243e-03 -6.43260967e-03 -9.42369975e-03 -6.35546945e-03 
 2.17781981e+04  1.00000000e+00  0.00000000e+00  2.49984462e-01 -1.95543009e-03  3.09568703e-02 -6.55717931e-02 -9.22425292e-03 -6.24773216e-03 -9.27554448e-03 -6.17070414e-03 
 2.20305545e+04  1.00000000e+00  0.00000000e+00  2.49984129e-01 -1.97808633e-03  3.03959492e-02 -6.51273166e-02 -9.07797965e-03 -6.06746387e-03 -9.12850377e-03 -5.99055357e-03 
 2.22858352e+04  1.00000000e+00  0.00000000e+00  2.49983788e-01 -2.00100501e-03  2.98418648e-02 -6.46808120e-02 -8.93285167e-03 -5.89171852e-03 -8.98261676e-03 -5.81493125e-03 
 2.25440739e+04  1.00000000e+00  0.00000000e+00  2.49983439e-01 -2.02418918e-03  2.92946337e-02 -6.42324105e-02 -8.78890596e-03 -5.72041031e-03 -8.83792048e-03 -5.64375110e-03 
 2.28053050e+04  1.00000000e+00  0.00000000e+00  2.49983083e-01 -2.04764191e-03  2.87542687e-02 -6.37822427e-02 -8.64617745e-03 -5.55345390e-03 -8.69444989e-03 -5.47692752e-03 
 2.30695632e+04  1.00000000e+00  0.00000000e+00  2.49982718e-01 -2.07136630e-03  2.82207789e-02 -6.33304385e-02 -8.50469905e-03 -5.39076449e-03 -8.55223795e-03 -5.31437546e-03 
 2.33368834e+04  1.00000000e+00  0.00000000e+00  2.49982344e-01 -2.09536549e-03  2.76941697e-02 -6.28771267e-02 -8.36450168e-03 -5.23225785e-03 -8.41131562e-03 -5.15601044e-03 
 2.36073013e+04  1.00000000e+00  0.00000000e+00  2.49981962e-01 -2.11964268e-03  2.71744433e-02 -6.24224351e-02 -8.22561434e-03 -5.07785038e-03 -8.27171194e-03 -5.00174862e-03 
 2.38808526e+04  1.00000000e+00  0.00000000e+00  2.49981570e-01 -2.14420108e-03  2.66615980e-02 -6.19664904e-02 -8.08806414e-03 -4.92745914e-03 -8.13345403e-03 -4.85150680e-03 
 2.41575737e+04  1.00000000e+00  0.00000000e+00  2.49981170e-01 -2.16904393e-03  2.61556289e-02 -6.15094179e-02 -7.95187634e-03 -4.78100189e-03 -7.99656716e-03 -4.70520249e-03 
 2.44375014e+04  1.00000000e+00  0.00000000e+00  2.49980760e-01 -2.19417455e-03  2.56565281e-02 -6.10513417e-02 -7.81707437e-03 -4.63839712e-03 -7.86107479e-03 -4.56275394e-03 
 2.47206727e+04  1.00000000e+00  0.00000000e+00  2.49980341e-01 -2.21959625e-03  2.51642840e-02 -6.05923844e-02 -7.68367994e-03 -4.49956411e-03 -7.72699862e-03 -4.42408019e-03 
 2.50071253e+04  1.00000000e+00  0.00000000e+00  2.49979912e-01 -2.24531240e-03  2.46788822e-02 -6.01326672e-02 -7.55171299e-03 -4.36442293e-03 -7.59435861e-03 -4.28910106e-03 
 2.52968972e+04  1.00000000e+00  0.00000000e+00  2.49979473e-01 -2.27132641e-03  2.42003052e-02 -5.96723095e-02 -7.42119182e-03 -4.23289450e-03 -7.46317305e-03 -4.15773723e-03 
 2.55900268e+04  1.00000000e+00  0.00000000e+00  2.49979024e-01 -2.29764174e-03  2.37285325e-02 -5.92114292e-02 -7.29213310e-03 -4.10490060e-03 -7.33345859e-03 -4.02991026e-03 
 2.58865531e+04  1.00000000e+00  0.00000000e+00  2.49978564e-01 -2.32426186e-03  2.32635409e-02 -5.87501425e-02 -7.16455189e-03 -3.98036391e-03 -7.20523030e-03 -3.90554259e-03 
 2.61865154e+04  1.00000000e+00  0.00000000e+00  2.49978094e-01 -2.35119030e-03  2.28053043e-02 -5.82885636e-02 -7.03846174e-03 -3.85920802e-03 -7.07850169e-03 -3.78455758e-03 
 2.64899536e+04  1.00000000e+00  0.00000000e+00  2.49977612e-01 -2.37843063e-03  2.23537940e-02 -5.78268051e-02 -6.91387470e-03 -3.74135748e-03 -6.95328479e-03 -3.66687955e-03 
 2.67969079e+04  1.00000000e+00  0.00000000e+00  2.49977120e-01 -2.40598646e-03  2.19089788e-02 -5.73649775e-02 -6.79080135e-03 -3.62673781e-03 -6.82959016e-03 -3.55243378e-03 
 2.71074190e+04  1.00000000e+00  0.00000000e+00  2.49976616e-01 -2.43386145e-03  2.14708248e-02 -5.69031893e-02 -6.66925090e-03 -3.51527549e-03 -6.70742697e-03 -3.44114655e-03 
 2.74215282e+04  1.00000000e+00  0.00000000e+00  2.49976100e-01 -2.46205927e-03  2.10392960e-02 -5.64415473e-02 -6.54923118e-03 -3.40689804e-03 -6.58680302e-03 -3.33294515e-03 
 2.77392771e+04  1.00000000e+00  0.00000000e+00  2.49975572e-01 -2.49058368e-03  2.06143540e-02 -5.59801558e-02 -6.43074871e-03 -3.30153397e-03 -6.46772480e-03 -3.22775788e-03 
 2.80607080e+04  1.00000000e+00  0.00000000e+00  2.49975032e-01 -2.51943844e-03  2.01959582e-02 -5.55191175e-02 -6.31380875e-03 -3.19911284e-03 -6.35019751e-03 -3.12551409e-03 
 2.83858635e+04  1.00000000e+00  0.00000000e+00  2.49974479e-01 -2.54862738e-03  1.97840660e-02 -5.50585325e-02 -6.19841534e-03 -3.09956528e-03 -6.23422515e-03 -3.02614418e-03 
 2.87147868e+04  1.00000000e+00  0.00000000e+00  2.49973913e-01 -2.57815436e-03  1.93786326e-02 -5.45984991e-02 -6.08457132e-03 -3.00282295e-03 -6.11981051e-03 -2.92957962e-03 
 2.90475215e+04  1.00000000e+00  0.00000000e+00  2.49973335e-01 -2.60802330e-03  1.89796115e-02 -5.41391133e-02 -5.97227842e-03 -2.90881860e-03 -6.00695527e-03 -2.83575296e-03 
 2.93841118e+04  1.00000000e+00  0.00000000e+00  2.49972742e-01 -2.63823815e-03  1.85869543e-02 -5.36804687e-02 -5.86153727e-03 -2.81748606e-03 -5.89565998e-03 -2.74459781e-03 
 2.97246023e+04  1.00000000e+00  0.00000000e+00  2.49972136e-01 -2.66880292e-03  1.82006108e-02 -5.32226571e-02 -5.75234744e-03 -2.72876024e-03 -5.78592418e-03 -2.65604891e-03 
 3.00690383e+04  1.00000000e+00  0.00000000e+00  2.49971516e-01 -2.69972164e-03  1.78205294e-02 -5.27657677e-02 -5.64470751e-03 -2.64257717e-03 -5.67774636e-03 -2.57004207e-03 
 3.04174655e+04  1.00000000e+00  0.00000000e+00  2.49970881e-01 -2.73099842e-03  1.74466567e-02 -5.23098876e-02 -5.53861508e-03 -2.55887395e-03 -5.57112406e-03 -2.48651422e-03 
 3.07699301e+04  1.00000000e+00  0.00000000e+00  2.49970232e-01 -2.76263739e-03  1.70789380e-02 -5.18551016e-02 -5.43406682e-03 -2.47758880e-03 -5.46605390e-03 -2.40540337e-03 
 3.11264789e+04  1.00000000e+00  0.00000000e+00  2.49969567e-01 -2.79464275e-03  1.67173172e-02 -5.14014922e-02 -5.33105854e-03 -2.39866103e-03 -5.36253160e-03 -2.32664867e-03 
 3.14871592e+04  1.00000000e+00  0.00000000e+00  2.49968887e-01 -2.82701873e-03  1.63617368e-02 -5.09491398e-02 -5.22958518e-03 -2.32203107e-03 -5.26055203e-03 -2.25019036e-03 
 3.18520190e+04  1.00000000e+00  0.00000000e+00  2.49968191e-01 -2.85976962e-03  1.60121383e-02 -5.04981223e-02 -5.12964090e-03 -2.24764045e-03 -5.16010926e-03 -2.17596978e-03 
 3.22211066e+04  1.00000000e+00  0.00000000e+00  2.49967479e-01 -2.89289975e-03  1.56684619e-02 -5.00485156e-02 -5.03121905e-03 -2.17543180e-03 -5.06119658e-03 -2.10392941e-03 
 3.25944710e+04  1.00000000e+00  0.00000000e+00  2.49966750e-01 -2.92641351e-03  1.53306468e-02 -4.96003931e-02 -4.93431230e-03 -2.10534886e-03 -4.96380657e-03 -2.03401279e-03 
 3.29721618e+04  1.00000000e+00  0.00000000e+00  2.49966005e-01 -2.96031533e-03  1.49986315e-02 -4.91538260e-02 -4.83891259e-03 -2.03733645e-03 -4.86793109e-03 -1.96616461e-03 
 3.33542291e+04  1.00000000e+00  0.00000000e+00  2.49965242e-01 -2.99460970e-03  1.46723531e-02 -4.87088834e-02 -4.74501121e-03 -1.97134050e-03 -4.77356134e-03 -1.90033060e-03 
 3.37407237e+04  1.00000000e+00  0.00000000e+00  2.49964461e-01 -3.02930117e-03  1.43517484e-02 -4.82656319e-02 -4.65259882e-03 -1.90730802e-03 -4.68068790e-03 -1.83645763e-03 
 3.41316968e+04  1.00000000e+00  0.00000000e+00  2.49963662e-01 -3.06439431e-03  1.40367531e-02 -4.78241363e-02 -4.56166551e-03 -1.84518711e-03 -4.58930077e-03 -1.77449363e-03 
 3.45272003e+04  1.00000000e+00  0.00000000e+00  2.49962844e-01 -3.09989378e-03  1.37273024e-02 -4.73844588e-02 -4.47220079e-03 -1.78492693e-03 -4.49938936e-03 -1.71438762e-03 
 3.49272868e+04  1.00000000e+00  0.00000000e+00  2.49962007e-01 -3.13580427e-03  1.34233309e-02 -4.69466596e-02 -4.38419365e-03 -1.72647771e-03 -4.41094259e-03 -1.65608966e-03 
 3.53320092e+04  1.00000000e+00  0.00000000e+00  2.49961151e-01 -3.17213053e-03  1.31247726e-02 -4.65107968e-02 -4.29763261e-03 -1.66979074e-03 -4.32394887e-03 -1.59955092e-03 
 3.57414215e+04  1.00000000e+00  0.00000000e+00  2.49960275e-01 -3.20887737e-03  1.28315612e-02 -4.60769262e-02 -4.21250569e-03 -1.61481837e-03 -4.23839613e-03 -1.54472357e-03 
 3.61555778e+04  1.00000000e+00  0.00000000e+00  2.49959378e-01 -3.24604966e-03  1.25436297e-02 -4.56451017e-02 -4.12880051e-03 -1.56151398e-03 -4.15427188e-03 -1.49156086e-03 
 3.65745332e+04  1.00000000e+00  0.00000000e+00  2.49958460e-01 -3.28365229e-03  1.22609110e-02 -4.52153749e-02 -4.04650425e-03 -1.50983196e-03 -4.07156324e-03 -1.44001706e-03 
 3.69983433e+04  1.00000000e+00  0.00000000e+00  2.49957521e-01 -3.32169026e-03  1.19833377e-02 -4.47877954e-02 -3.96560375e-03 -1.45972774e-03 -3.99025692e-03 -1.39004744e-03 
 3.74270643e+04  1.00000000e+00  0.00000000e+00  2.49956561e-01 -3.36016858e-03  1.17108421e-02 -4.43624109e-02 -3.88608549e-03 -1.41115775e-03 -3.91033931e-03 -1.34160832e-03 
 3.78607531e+04  1.00000000e+00  0.00000000e+00  2.49955577e-01 -3.39909236e-03  1.14433562e-02 -4.39392669e-02 -3.80793559e-03 -1.36407942e-03 -3.83179645e-03 -1.29465697e-03 
 3.82994673e+04  1.00000000e+00  0.00000000e+00  2.49954571e-01 -3.43846673e-03  1.11808123e-02 -4.35184071e-02 -3.73113994e-03 -1.31845115e-03 -3.75461410e-03 -1.24915167e-03 
 3.87432652e+04  1.00000000e+00  0.00000000e+00  2.49953542e-01 -3.47829690e-03  1.09231421e-02 -4.30998732e-02 -3.65568409e-03 -1.27423230e-03 -3.67877774e-03 -1.20505168e-03 
 3.91922056e+04  1.00000000e+00  0.00000000e+00  2.49952488e-01 -3.51858813e-03  1.06702776e-02 -4.26837049e-02 -3.58155338e-03 -1.23138322e-03 -3.60427259e-03 -1.16231720e-03 
 3.96463482e+04  1.00000000e+00  0.00000000e+00  2.49951410e-01 -3.55934577e-03  1.04221508e-02 -4.22699401e-02 -3.50873291e-03 -1.18986517e-03 -3.53108365e-03 -1.12090937e-03 
 4.01057531e+04  1.00000000e+00  0.00000000e+00  2.49950307e-01 -3.60057518e-03  1.01786938e-02 -4.18586148e-02 -3.43720757e-03 -1.14964034e-03 -3.45919572e-03 -1.08079029e-03 
 4.05704815e+04  1.00000000e+00  0.00000000e+00  2.49949178e-01 -3.64228182e-03  9.93983863e-03 -4.14497634e-02 -3.36696208e-03 -1.11067185e-03 -3.38859341e-03 -1.04192294e-03 
 4.10405949e+04  1.00000000e+00  0.00000000e+00  2.49948023e-01 -3.68447120e-03  9.70551767e-03 -4.10434182e-02 -3.29798099e-03 -1.07292371e-03 -3.31926115e-03 -1.00427123e-03 
 4.15161558e+04  1.00000000e+00  0.00000000e+00  2.49946841e-01 -3.72714890e-03  9.47566343e-03 -4.06396100e-02 -3.23024869e-03 -1.03636083e-03 -3.25118327e-03 -9.67799947e-04 
 4.19972272e+04  1.00000000e+00  0.00000000e+00  2.49945631e-01 -3.77032055e-03  9.25020862e-03 -4.02383677e-02 -3.16374947e-03 -1.00094896e-03 -3.18434392e-03 -9.32474750e-04 
 4.24838732e+04  1.00000000e+00  0.00000000e+00  2.49944393e-01 -3.81399186e-03  9.02908628e-03 -3.98397188e-02 -3.09846749e-03 -9.66654727e-04 -3.11872718e-03 -8.98262160e-04 
 4.29761581e+04  1.00000000e+00  0.00000000e+00  2.49943127e-01 -3.85816860e-03  8.81222971e-03 -3.94436888e-02 -3.03438684e-03 -9.33445607e-04 -3.05431702e-03 -8.65129539e-04 
 4.34741475e+04  1.00000000e+00  0.00000000e+00  2.49941830e-01 -3.90285660e-03  8.59957257e-03 -3.90503020e-02 -2.97149152e-03 -9.01289887e-04 -2.99109734e-03 -8.33045079e-04 
 4.39779074e+04  1.00000000e+00  0.00000000e+00  2.49940504e-01 -3.94806177e-03  8.39104888e-03 -3.86595808e-02 -2.90976548e-03 -8.70156672e-04 -2.92905200e-03 -8.01977787e-04 
 4.44875046e+04  1.00000000e+00  0.00000000e+00  2.49939147e-01 -3.99379007e-03  8.18659306e-03 -3.82715462e-02 -2.84919262e-03 -8.40015860e-04 -2.86816479e-03 -7.71897464e-04 
 4.50030068e+04  1.00000000e+00  0.00000000e+00  2.49937758e-01 -4.04004754e-03  7.98613995e-03 -3.78862178e-02 -2.78975683e-03 -8.10838133e-04 -2.80841949e-03 -7.42774699e-04 
 4.55244824e+04  1.00000000e+00  0.00000000e+00  2.49936336e-01 -4.08684029e-03  7.78962484e-03 -3.75036136e-02 -2.73144196e-03 -7.82594939e-04 -2.74979986e-03 -7.14580847e-04 
 4.60520007e+04  1.00000000e+00  0.00000000e+00  2.49934882e-01 -4.13417449e-03  7.59698351e-03 -3.71237502e-02 -2.67423188e-03 -7.55258476e-04 -2.69228966e-03 -6.87288014e-04 
 4.65856316e+04  1.00000000e+00  0.00000000e+00  2.49933394e-01 -4.18205640e-03  7.40815222e-03 -3.67466430e-02 -2.61811046e-03 -7.28801679e-04 -2.63587265e-03 -6.60869048e-04 
 4.71254460e+04  1.00000000e+00  0.00000000e+00  2.49931871e-01 -4.23049233e-03  7.22306776e-03 -3.63723057e-02 -2.56306159e-03 -7.03198203e-04 -2.58053264e-03 -6.35297518e-04 
 4.76715155e+04  1.00000000e+00  0.00000000e+00  2.49930312e-01 -4.27948867e-03  7.04166745e-03 -3.60007510e-02 -2.50906921e-03 -6.78422410e-04 -2.52625344e-03 -6.10547699e-04 
 4.82239127e+04  1.00000000e+00  0.00000000e+00  2.49928717e-01 -4.32905189e-03  6.86388919e-03 -3.56319902e-02 -2.45611729e-03 -6.54449354e-04 -2.47301893e-03 -5.86594563e-04 
 4.87827108e+04  1.00000000e+00  0.00000000e+00  2.49927086e-01 -4.37918852e-03  6.68967143e-03 -3.52660334e-02 -2.40418986e-03 -6.31254765e-04 -2.42081305e-03 -5.63413756e-04 
 4.93479840e+04  1.00000000e+00  0.00000000e+00  2.49925416e-01 -4.42990518e-03  6.51895323e-03 -3.49028894e-02 -2.35327101e-03 -6.08815034e-04 -2.36961978e-03 -5.40981592e-04 
 4.99198074e+04  1.00000000e+00  0.00000000e+00  2.49923707e-01 -4.48120856e-03  6.35167427e-03 -3.45425660e-02 -2.30334491e-03 -5.87107201e-04 -2.31942319e-03 -5.19275031e-04 
 5.04982568e+04  1.00000000e+00  0.00000000e+00  2.49921958e-01 -4.53310542e-03  6.18777481e-03 -3.41850696e-02 -2.25439582e-03 -5.66108940e-04 -2.27020743e-03 -4.98271667e-04 
 5.10834090e+04  1.00000000e+00  0.00000000e+00  2.49920169e-01 -4.58560260e-03  6.02719579e-03 -3.38304057e-02 -2.20640807e-03 -5.45798541e-04 -2.22195675e-03 -4.77949718e-04 
 5.16753417e+04  1.00000000e+00  0.00000000e+00  2.49918338e-01 -4.63870702e-03  5.86987878e-03 -3.34785787e-02 -2.15936611e-03 -5.26154901e-04 -2.17465548e-03 -4.58288005e-04 
 5.22741335e+04  1.00000000e+00  0.00000000e+00  2.49916464e-01 -4.69242568e-03  5.71576600e-03 -3.31295920e-02 -2.11325448e-03 -5.07157508e-04 -2.12828806e-03 -4.39265941e-04 
 5.28798639e+04  1.00000000e+00  0.00000000e+00  2.49914547e-01 -4.74676567e-03  5.56480033e-03 -3.27834477e-02 -2.06805783e-03 -4.88786427e-04 -2.08283906e-03 -4.20863521e-04 
 5.34926131e+04  1.00000000e+00  0.00000000e+00  2.49912585e-01 -4.80173413e-03  5.41692536e-03 -3.24401474e-02 -2.02376094e-03 -4.71022285e-04 -2.03829315e-03 -4.03061300e-04 
 5.41124627e+04  1.00000000e+00  0.00000000e+00  2.49910577e-01 -4.85733831e-03  5.27208533e-03 -3.20996913e-02 -1.98034872e-03 -4.53846261e-04 -1.99463514e-03 -3.85840387e-04 
 5.47394948e+04  1.00000000e+00  0.00000000e+00  2.49908522e-01 -4.91358554e-03  5.13022518e-03 -3.17620790e-02 -1.93780617e-03 -4.37240071e-04 -1.95184993e-03 -3.69182429e-04 
 5.53737927e+04  1.00000000e+00  0.00000000e+00  2.49906420e-01 -4.97048321e-03  4.99129055e-03 -3.14273090e-02 -1.89611847e-03 -4.21185953e-04 -1.90992262e-03 -3.53069598e-04 
 5.60154406e+04  1.00000000e+00  0.00000000e+00  2.49904269e-01 -5.02803883e-03  4.85522778e-03 -3.10953792e-02 -1.85527092e-03 -4.05666658e-04 -1.86883838e-03 -3.37484577e-04 
 5.66645236e+04  1.00000000e+00  0.00000000e+00  2.49902067e-01 -5.08625996e-03  4.72198391e-03 -3.07662864e-02 -1.81524896e-03 -3.90665435e-04 -1.82858258e-03 -3.22410548e-04 
 5.73211279e+04  1.00000000e+00  0.00000000e+00  2.49899814e-01 -5.14515427e-03  4.59150669e-03 -3.04400268e-02 -1.77603818e-03 -3.76166019e-04 -1.78914071e-03 -3.07831183e-04 
 5.79853406e+04  1.00000000e+00  0.00000000e+00  2.49897509e-01 -5.20472950e-03  4.46374458e-03 -3.01165958e-02 -1.73762433e-03 -3.62152618e-04 -1.75049841e-03 -2.93730624e-04 
 5.86572500e+04  1.00000000e+00  0.00000000e+00  2.49895150e-01 -5.26499350e-03  4.33864676e-03 -2.97959880e-02 -1.69999329e-03 -3.48609902e-04 -1.71264147e-03 -2.80093480e-04 
 5.93369451e+04  1.00000000e+00  0.00000000e+00  2.49892736e-01 -5.32595419e-03  4.21616313e-03 -2.94781972e-02 -1.66313112e-03 -3.35522993e-04 -1.67555587e-03 -2.66904808e-04 
 6.00245163e+04  1.00000000e+00  0.00000000e+00  2.49890266e-01 -5.38761959e-03  4.09624429e-03 -2.91632167e-02 -1.62702404e-03 -3.22877448e-04 -1.63922771e-03 -2.54150104e-04 
 6.07200548e+04  1.00000000e+00  0.00000000e+00  2.49887739e-01 -5.44999780e-03  3.97884156e-03 -2.88510392e-02 -1.59165841e-03 -3.10659255e-04 -1.60364327e-03 -2.41815293e-04 
 6.14236528e+04  1.00000000e+00  0.00000000e+00  2.49885152e-01 -5.51309702e-03  3.86390699e-03 -2.85416565e-02 -1.55702078e-03 -2.98854813e-04 -1.56878900e-03 -2.29886717e-04 
 6.21354039e+04  1.00000000e+00  0.00000000e+00  2.49882506e-01 -5.57692554e-03  3.75139332e-03 -2.82350599e-02 -1.52309785e-03 -2.87450930e-04 -1.53465151e-03 -2.18351120e-04 
 6.28554024e+04  1.00000000e+00  0.00000000e+00  2.49879797e-01 -5.64149176e-03  3.64125402e-03 -2.79312402e-02 -1.48987649e-03 -2.76434806e-04 -1.50121757e-03 -2.07195644e-04 
 6.35837440e+04  1.00000000e+00  0.00000000e+00  2.49877026e-01 -5.70680414e-03  3.53344327e-03 -2.76301875e-02 -1.45734375e-03 -2.65794025e-04 -1.46847414e-03 -1.96407814e-04 
 6.43205252e+04  1.00000000e+00  0.00000000e+00  2.49874190e-01 -5.77287126e-03  3.42791595e-03 -2.73318916e-02 -1.42548684e-03 -2.55516545e-04 -1.43640833e-03 -1.85975529e-04 
 6.50658440e+04  1.00000000e+00  0.00000000e+00  2.49871288e-01 -5.83970181e-03  3.32462766e-03 -2.70363415e-02 -1.39429314e-03 -2.45590687e-04 -1.40500744e-03 -1.75887051e-04 
 6.58197992e+04  1.00000000e+00  0.00000000e+00  2.49868318e-01 -5.90730454e-03  3.22353470e-03 -2.67435259e-02 -1.36375021e-03 -2.36005125e-04 -1.37425893e-03 -1.66130997e-04 
 6.65824910e+04  1.00000000e+00  0.00000000e+00  2.49865280e-01 -5.97568833e-03  3.12459405e-03 -2.64534329e-02 -1.33384578e-03 -2.26748877e-04 -1.34415043e-03 -1.56696326e-04 
 6.73540204e+04  1.00000000e+00  0.00000000e+00  2.49862170e-01 -6.04486215e-03  3.02776340e-03 -2.61660502e-02 -1.30456775e-03 -2.17811294e-04 -1.31466975e-03 -1.47572332e-04 
 6.81344901e+04  1.00000000e+00  0.00000000e+00  2.49858988e-01 -6.11483507e-03  2.93300114e-03 -2.58813652e-02 -1.27590420e-03 -2.09182053e-04 -1.28580489e-03 -1.38748637e-04 
 6.89240034e+04  1.00000000e+00  0.00000000e+00  2.49855732e-01 -6.18561627e-03  2.84026632e-03 -2.55993647e-02 -1.24784338e-03 -2.00851148e-04 -1.25754399e-03 -1.30215175e-04 
 6.97226653e+04  1.00000000e+00  0.00000000e+00  2.49852401e-01 -6.25721501e-03  2.74951870e-03 -2.53200351e-02 -1.22037371e-03 -1.92808879e-04 -1.22987538e-03 -1.21962191e-04 
 7.05305818e+04  1.00000000e+00  0.00000000e+00  2.49848991e-01 -6.32964069e-03  2.66071870e-03 -2.50433626e-02 -1.19348379e-03 -1.85045844e-04 -1.20278759e-03 -1.13980226e-04 
 7.13478601e+04  1.00000000e+00  0.00000000e+00  2.49845502e-01 -6.40290278e-03  2.57382740e-03 -2.47693330e-02 -1.16716240e-03 -1.77552931e-04 -1.17626927e-03 -1.06260112e-04 
 7.21746086e+04  1.00000000e+00  0.00000000e+00  2.49841932e-01 -6.47701088e-03  2.48880656e-03 -2.44979316e-02 -1.14139847e-03 -1.70321311e-04 -1.15030929e-03 -9.87929632e-05 
 7.30109371e+04  1.00000000e+00  0.00000000e+00  2.49838279e-01 -6.55197470e-03  2.40561860e-03 -2.42291436e-02 -1.11618113e-03 -1.63342428e-04 -1.12489666e-03 -9.15701677e-05 
 7.38569567e+04  1.00000000e+00  0.00000000e+00  2.49834541e-01 -6.62780403e-03  2.32422658e-03 -2.39629537e-02 -1.09149965e-03 -1.56607992e-04 -1.10002059e-03 -8.45833792e-05 
 7.47127796e+04  1.00000000e+00  0.00000000e+00  2.49830716e-01 -6.70450881e-03  2.24459422e-03 -2.36993466e-02 -1.06734351e-03 -1.50109972e-04 -1.07567044e-03 -7.78245099e-05 
 7.55785194e+04  1.00000000e+00  0.00000000e+00  2.49826802e-01 -6.78209905e-03  2.16668587e-03 -2.34383063e-02 -1.04370232e-03 -1.43840586e-04 -1.05183574e-03 -7.12857229e-05 
 7.64542910e+04  1.00000000e+00  0.00000000e+00  2.49822797e-01 -6.86058491e-03  2.09046651e-03 -2.31798170e-02 -1.02056588e-03 -1.37792298e-04 -1.02850620e-03 -6.49594246e-05 
 7.73402106e+04  1.00000000e+00  0.00000000e+00  2.49818698e-01 -6.93997664e-03  2.01590175e-03 -2.29238623e-02 -9.97924167e-04 -1.31957806e-04 -1.00567168e-03 -5.88382580e-05 
 7.82363960e+04  1.00000000e+00  0.00000000e+00  2.49814504e-01 -7.02028461e-03  1.94295782e-03 -2.26704259e-02 -9.75767300e-04 -1.26330040e-04 -9.83322237e-04 -5.29150955e-05 
 7.91429659e+04  1.00000000e+00  0.00000000e+00  2.49810212e-01 -7.10151930e-03  1.87160156e-03 -2.24194910e-02 -9.54085579e-04 -1.20902151e-04 -9.61448063e-04 -4.71830320e-05 
 8.00600408e+04  1.00000000e+00  0.00000000e+00  2.49805821e-01 -7.18369133e-03  1.80180041e-03 -2.21710407e-02 -9.32869464e-04 -1.15667506e-04 -9.40039526e-04 -4.16353789e-05 
 8.09877424e+04  1.00000000e+00  0.00000000e+00  2.49801327e-01 -7.26681140e-03  1.73352242e-03 -2.19250580e-02 -9.12109579e-04 -1.10619684e-04 -9.19087155e-04 -3.62656569e-05 
 8.19261937e+04  1.00000000e+00  0.00000000e+00  2.49796729e-01 -7.35089037e-03  1.66673620e-03 -2.16815257e-02 -8.91796707e-04 -1.05752466e-04 -8.98581642e-04 -3.10675905e-05 
 8.28755195e+04  1.00000000e+00  0.00000000e+00  2.49792023e-01 -7.43593919e-03  1.60141099e-03 -2.14404264e-02 -8.71921794e-04 -1.01059830e-04 -8.78513834e-04 -2.60351013e-05 
 8.38358456e+04  1.00000000e+00  0.00000000e+00  2.49787209e-01 -7.52196895e-03  1.53751656e-03 -2.12017425e-02 -8.52475941e-04 -9.65359474e-05 -8.58874741e-04 -2.11623024e-05 
 8.48072996e+04  1.00000000e+00  0.00000000e+00  2.49782282e-01 -7.60899086e-03  1.47502327e-03 -2.09654564e-02 -8.33450407e-04 -9.21751739e-05 -8.39655524e-04 -1.64434928e-05 
 8.57900103e+04  1.00000000e+00  0.00000000e+00  2.49777240e-01 -7.69701623e-03  1.41390203e-03 -2.07315503e-02 -8.14836605e-04 -8.79720465e-05 -8.20847501e-04 -1.18731513e-05 
 8.67841083e+04  1.00000000e+00  0.00000000e+00  2.49772081e-01 -7.78605654e-03  1.35412430e-03 -2.05000063e-02 -7.96626103e-04 -8.39212766e-05 -8.02442143e-04 -7.44593140e-06 
 8.77897255e+04  1.00000000e+00  0.00000000e+00  2.49766802e-01 -7.87612335e-03  1.29566211e-03 -2.02708063e-02 -7.78810618e-04 -8.00177456e-05 -7.84431072e-04 -3.15665595e-06 
 8.88069954e+04  1.00000000e+00  0.00000000e+00  2.49761401e-01 -7.96722839e-03  1.23848798e-03 -2.00439324e-02 -7.61382019e-04 -7.62564988e-05 -7.66806057e-04  9.99688050e-07 
 8.98360529e+04  1.00000000e+00  0.00000000e+00  2.49755873e-01 -8.05938350e-03  1.18257499e-03 -1.98193663e-02 -7.44332321e-04 -7.26327415e-05 -7.49559017e-04  5.02795450e-06 
 9.08770347e+04  1.00000000e+00  0.00000000e+00  2.49750217e-01 -8.15260063e-03  1.12789675e-03 -1.95970898e-02 -7.27653687e-04 -6.91418330e-05 -7.32682015e-04  8.93284303e-06 
 9.19300790e+04  1.00000000e+00  0.00000000e+00  2.49744430e-01 -8.24689190e-03  1.07442735e-03 -1.93770845e-02 -7.11338423e-04 -6.57792829e-05 -7.16167258e-04  1.27189038e-05 
 9.29953255e+04  1.00000000e+00  0.00000000e+00  2.49738507e-01 -8.34226954e-03  1.02214141e-03 -1.91593321e-02 -6.95378979e-04 -6.25407458e-05 -7.00007095e-04  1.63905419e-05 
 9.40729156e+04  1.00000000e+00  0.00000000e+00  2.49732447e-01 -8.43874592e-03  9.71014041e-04 -1.89438142e-02 -6.79767944e-04 -5.94220171e-05 -6.84194015e-04  1.99520223e-05 
 9.51629924e+04  1.00000000e+00  0.00000000e+00  2.49726246e-01 -8.53633354e-03  9.21020846e-04 -1.87305123e-02 -6.64498046e-04 -5.64190287e-05 -6.68720644e-04  2.34074735e-05 
 9.62657005e+04  1.00000000e+00  0.00000000e+00  2.49719901e-01 -8.63504505e-03  8.72137905e-04 -1.85194080e-02 -6.49562151e-04 -5.35278445e-05 -6.53579744e-04  2.67608926e-05 
 9.73811863e+04  1.00000000e+00  0.00000000e+00  2.49713408e-01 -8.73489322e-03  8.24341780e-04 -1.83104828e-02 -6.34953259e-04 -5.07446567e-05 -6.38764213e-04  3.00161487e-05 
 9.85095979e+04  1.00000000e+00  0.00000000e+00  2.49706764e-01 -8.83589099e-03  7.77609494e-04 -1.81037180e-02 -6.20664504e-04 -4.80657816e-05 -6.24267080e-04  3.31769870e-05 
 9.96510851e+04  1.00000000e+00  0.00000000e+00  2.49699966e-01 -8.93805140e-03  7.31918534e-04 -1.78990953e-02 -6.06689150e-04 -4.54876557e-05 -6.10081502e-04  3.62470333e-05 
 1.00805799e+05  1.00000000e+00  0.00000000e+00  2.49693009e-01 -9.04138766e-03  6.87246838e-04 -1.76965960e-02 -5.93020590e-04 -4.30068320e-05 -5.96200768e-04  3.92297967e-05 
 1.01973894e+05  1.00000000e+00  0.00000000e+00  2.49685891e-01 -9.14591312e-03  6.43572789e-04 -1.74962017e-02 -5.79652346e-04 -4.06199765e-05 -5.82618291e-04  4.21286742e-05 
 1.03155524e+05  1.00000000e+00  0.00000000e+00  2.49678607e-01 -9.25164127e-03  6.00875209e-04 -1.72978939e-02 -5.66578065e-04 -3.83238642e-05 -5.69327608e-04  4.49469538e-05 
 1.04350846e+05  1.00000000e+00  0.00000000e+00  2.49671154e-01 -9.35858575e-03  5.59133347e-04 -1.71016540e-02 -5.53791517e-04 -3.61153764e-05 -5.56322380e-04  4.76878180e-05 
 1.05560019e+05  1.00000000e+00  0.00000000e+00  2.49663527e-01 -9.46676034e-03  5.18326879e-04 -1.69074635e-02 -5.41286593e-04 -3.39914965e-05 -5.43596386e-04  5.03543470e-05 
 1.06783203e+05  1.00000000e+00  0.00000000e+00  2.49655723e-01 -9.57617898e-03  4.78435895e-04 -1.67153041e-02 -5.29057305e-04 -3.19493077e-05 -5.31143526e-04  5.29495223e-05 
 1.08020562e+05  1.00000000e+00  0.00000000e+00  2.49647738e-01 -9.68685575e-03  4.39440894e-04 -1.65251573e-02 -5.17097782e-04 -2.99859890e-05 -5.18957816e-04  5.54762294e-05 
 1.09272258e+05  1.00000000e+00  0.00000000e+00  2.49639567e-01 -9.79880488e-03  4.01322777e-04 -1.63370048e-02 -5.05402269e-04 -2.80988127e-05 -5.07033384e-04  5.79372612e-05 
 1.10538458e+05  1.00000000e+00  0.00000000e+00  2.49631206e-01 -9.91204078e-03  3.64062839e-04 -1.61508282e-02 -4.93965125e-04 -2.62851412e-05 -4.95364474e-04  6.03353207e-05 
 1.11819330e+05  1.00000000e+00  0.00000000e+00  2.49622651e-01 -1.00265780e-02  3.27642765e-04 -1.59666092e-02 -4.82780823e-04 -2.45424243e-05 -4.83945439e-04  6.26730240e-05 
 1.13115045e+05  1.00000000e+00  0.00000000e+00  2.49613897e-01 -1.01424312e-02  2.92044619e-04 -1.57843296e-02 -4.71843943e-04 -2.28681961e-05 -4.72770740e-04  6.49529031e-05 
 1.14425774e+05  1.00000000e+00  0.00000000e+00  2.49604939e-01 -1.02596152e-02  2.57250842e-04 -1.56039713e-02 -4.61149177e-04 -2.12600730e-05 -4.61834947e-04  6.71774085e-05 
 1.15751691e+05  1.00000000e+00  0.00000000e+00  2.49595773e-01 -1.03781451e-02  2.23244240e-04 -1.54255161e-02 -4.50691321e-04 -1.97157500e-05 -4.51132733e-04  6.93489117e-05 
 1.17092972e+05  1.00000000e+00  0.00000000e+00  2.49586394e-01 -1.04980361e-02  1.90007981e-04 -1.52489459e-02 -4.40465277e-04 -1.82329993e-05 -4.40658877e-04  7.14697082e-05 
 1.18449795e+05  1.00000000e+00  0.00000000e+00  2.49576798e-01 -1.06193035e-02  1.57525591e-04 -1.50742429e-02 -4.30466050e-04 -1.68096670e-05 -4.30408255e-04  7.35420192e-05 
 1.19822341e+05  1.00000000e+00  0.00000000e+00  2.49566978e-01 -1.07419627e-02  1.25780939e-04 -1.49013890e-02 -4.20688746e-04 -1.54436713e-05 -4.20375846e-04  7.55679947e-05 
 1.21210791e+05  1.00000000e+00  0.00000000e+00  2.49556930e-01 -1.08660295e-02  9.47582399e-05 -1.47303665e-02 -4.11128572e-04 -1.41329996e-05 -4.10556726e-04  7.75497154e-05 
 1.22615330e+05  1.00000000e+00  0.00000000e+00  2.49546649e-01 -1.09915196e-02  6.44420432e-05 -1.45611576e-02 -4.01780830e-04 -1.28757068e-05 -4.00946065e-04  7.94891948e-05 
 1.24036144e+05  1.00000000e+00  0.00000000e+00  2.49536129e-01 -1.11184491e-02  3.48172281e-05 -1.43937447e-02 -3.92640920e-04 -1.16699130e-05 -3.91539130e-04  8.13883820e-05 
 1.25473422e+05  1.00000000e+00  0.00000000e+00  2.49525364e-01 -1.12468342e-02  5.86899736e-06 -1.42281100e-02 -3.83704337e-04 -1.05138010e-05 -3.82331278e-04  8.32491629e-05 
 1.26927354e+05  1.00000000e+00  0.00000000e+00  2.49514350e-01 -1.13766910e-02 -2.24171286e-05 -1.40642362e-02 -3.74966666e-04 -9.40561494e-06 -3.73317957e-04  8.50733630e-05 
 1.28398134e+05  1.00000000e+00  0.00000000e+00  2.49503079e-01 -1.15080363e-02 -5.00553176e-05 -1.39021058e-02 -3.66423586e-04 -8.34365768e-06 -3.64494704e-04  8.68627488e-05 
 1.29885957e+05  1.00000000e+00  0.00000000e+00  2.49491547e-01 -1.16408866e-02 -7.70594315e-05 -1.37417015e-02 -3.58070863e-04 -7.32628926e-06 -3.55857144e-04  8.86190302e-05 
 1.31391020e+05  1.00000000e+00  0.00000000e+00  2.49479748e-01 -1.17752587e-02 -1.03443032e-04 -1.35830061e-02 -3.49904352e-04 -6.35192496e-06 -3.47400985e-04  9.03438618e-05 
 1.32913523e+05  1.00000000e+00  0.00000000e+00  2.49467674e-01 -1.19111697e-02 -1.29219386e-04 -1.34260023e-02 -3.41919993e-04 -5.41903345e-06 -3.39122022e-04  9.20388450e-05 
 1.34453668e+05  1.00000000e+00  0.00000000e+00  2.49455320e-01 -1.20486369e-02 -1.54401473e-04 -1.32706733e-02 -3.34113812e-04 -4.52613512e-06 -3.31016128e-04  9.37055298e-05 
 1.36011660e+05  1.00000000e+00  0.00000000e+00  2.49442679e-01 -1.21876775e-02 -1.79001985e-04 -1.31170020e-02 -3.26481916e-04 -3.67180034e-06 -3.23079260e-04  9.53454162e-05 
 1.37587705e+05  1.00000000e+00  0.00000000e+00  2.49429744e-01 -1.23283091e-02 -2.03033340e-04 -1.29649716e-02 -3.19020495e-04 -2.85464786e-06 -3.15307452e-04  9.69599558e-05 
 1.39182013e+05  1.00000000e+00  0.00000000e+00  2.49416510e-01 -1.24705495e-02 -2.26507681e-04 -1.28145655e-02 -3.11725818e-04 -2.07334321e-06 -3.07696816e-04  9.85505536e-05 
 1.40794794e+05  1.00000000e+00  0.00000000e+00  2.49402968e-01 -1.26144165e-02 -2.49436883e-04 -1.26657669e-02 -3.04594233e-04 -1.32659717e-06 -3.00243538e-04  1.00118570e-04 
 1.42426264e+05  1.00000000e+00  0.00000000e+00  2.49389112e-01 -1.27599283e-02 -2.71832559e-04 -1.25185593e-02 -2.97622163e-04 -6.13164300e-07 -2.92943881e-04  1.01665319e-04 
 1.44076639e+05  1.00000000e+00  0.00000000e+00  2.49374935e-01 -1.29071031e-02 -2.93706066e-04 -1.23729264e-02 -2.90806109e-04  6.81585240e-08 -2.85794176e-04  1.03192077e-04 
 1.45746137e+05  1.00000000e+00  0.00000000e+00  2.49360428e-01 -1.30559594e-02 -3.15068504e-04 -1.22288517e-02 -2.84142644e-04  7.18533471e-07 -2.78790830e-04  1.04700075e-04 
 1.47434981e+05  1.00000000e+00  0.00000000e+00  2.49345585e-01 -1.32065159e-02 -3.35930729e-04 -1.20863193e-02 -2.77628413e-04  1.33908312e-06 -2.71930316e-04  1.06190505e-04 
 1.49143395e+05  1.00000000e+00  0.00000000e+00  2.49330398e-01 -1.33587914e-02 -3.56303352e-04 -1.19453129e-02 -2.71260135e-04  1.93089177e-06 -2.65209177e-04  1.07664524e-04 
 1.50871605e+05  1.00000000e+00  0.00000000e+00  2.49314859e-01 -1.35128048e-02 -3.76196748e-04 -1.18058166e-02 -2.65034595e-04  2.49500667e-06 -2.58624021e-04  1.09123247e-04 
 1.52619841e+05  1.00000000e+00  0.00000000e+00  2.49298959e-01 -1.36685755e-02 -3.95621055e-04 -1.16678145e-02 -2.58948649e-04  3.03243929e-06 -2.52171521e-04  1.10567755e-04 
 1.54388334e+05  1.00000000e+00  0.00000000e+00  2.49282690e-01 -1.38261228e-02 -4.14586183e-04 -1.15312909e-02 -2.52999219e-04  3.54416647e-06 -2.45848416e-04  1.11999096e-04 
 1.56177320e+05  1.00000000e+00  0.00000000e+00  2.49266045e-01 -1.39854663e-02 -4.33101818e-04 -1.13962302e-02 -2.47183292e-04  4.03113157e-06 -2.39651505e-04  1.13418282e-04 
 1.57987036e+05  1.00000000e+00  0.00000000e+00  2.49249013e-01 -1.41466258e-02 -4.51177425e-04 -1.12626168e-02 -2.41497921e-04  4.49424559e-06 -2.33577649e-04  1.14826292e-04 
 1.59817723e+05  1.00000000e+00  0.00000000e+00  2.49231587e-01 -1.43096213e-02 -4.68822252e-04 -1.11304355e-02 -2.35940221e-04  4.93438823e-06 -2.27623768e-04  1.16224074e-04 
 1.61669622e+05  1.00000000e+00  0.00000000e+00  2.49213757e-01 -1.44744730e-02 -4.86045337e-04 -1.09996708e-02 -2.30507369e-04  5.35240894e-06 -2.21786840e-04  1.17612545e-04 
 1.63542981e+05  1.00000000e+00  0.00000000e+00  2.49195513e-01 -1.46412012e-02 -5.02855507e-04 -1.08703077e-02 -2.25196601e-04  5.74912791e-06 -2.16063901e-04  1.18992593e-04 
 1.65438047e+05  1.00000000e+00  0.00000000e+00  2.49176847e-01 -1.48098264e-02 -5.19261387e-04 -1.07423311e-02 -2.20005217e-04  6.12533708e-06 -2.10452042e-04  1.20365076e-04 
 1.67355072e+05  1.00000000e+00  0.00000000e+00  2.49157749e-01 -1.49803696e-02 -5.35271403e-04 -1.06157261e-02 -2.14930569e-04  6.48180103e-06 -2.04948408e-04  1.21730826e-04 
 1.69294312e+05  1.00000000e+00  0.00000000e+00  2.49138208e-01 -1.51528515e-02 -5.50893784e-04 -1.04904778e-02 -2.09970072e-04  6.81925791e-06 -1.99550198e-04  1.23090644e-04 
 1.71256022e+05  1.00000000e+00  0.00000000e+00  2.49118215e-01 -1.53272935e-02 -5.66136565e-04 -1.03665717e-02 -2.05121192e-04  7.13842036e-06 -1.94254661e-04  1.24445308e-04 
 1.73240463e+05  1.00000000e+00  0.00000000e+00  2.49097758e-01 -1.55037168e-02 -5.81007595e-04 -1.02439931e-02 -2.00381452e-04  7.43997629e-06 -1.89059099e-04  1.25795570e-04 
 1.75247900e+05  1.00000000e+00  0.00000000e+00  2.49076828e-01 -1.56821430e-02 -5.95514539e-04 -1.01227277e-02 -1.95748429e-04  7.72458977e-06 -1.83960863e-04  1.27142156e-04 
 1.77278598e+05  1.00000000e+00  0.00000000e+00  2.49055414e-01 -1.58625938e-02 -6.09664876e-04 -1.00027610e-02 -1.91219752e-04  7.99290180e-06 -1.78957349e-04  1.28485769e-04 
 1.79332826e+05  1.00000000e+00  0.00000000e+00  2.49033504e-01 -1.60450914e-02 -6.23465913e-04 -9.88407892e-03 -1.86793101e-04  8.24553108e-06 -1.74046005e-04  1.29827087e-04 
 1.81410859e+05  1.00000000e+00  0.00000000e+00  2.49011087e-01 -1.62296577e-02 -6.36924779e-04 -9.76666735e-03 -1.82466207e-04  8.48307476e-06 -1.69224321e-04  1.31166768e-04 
 1.83512970e+05  1.00000000e+00  0.00000000e+00  2.48988151e-01 -1.64163152e-02 -6.50048433e-04 -9.65051232e-03 -1.78236849e-04  8.70610917e-06 -1.64489834e-04  1.32505445e-04 
 1.85639440e+05  1.00000000e+00  0.00000000e+00  2.48964685e-01 -1.66050864e-02 -6.62843668e-04 -9.53560001e-03 -1.74102857e-04  8.91519052e-06 -1.59840124e-04  1.33843731e-04 
 1.87790551e+05  1.00000000e+00  0.00000000e+00  2.48940676e-01 -1.67959942e-02 -6.75317109e-04 -9.42191668e-03 -1.70062105e-04  9.11085555e-06 -1.55272813e-04  1.35182218e-04 
 1.89966587e+05  1.00000000e+00  0.00000000e+00  2.48916111e-01 -1.69890615e-02 -6.87475223e-04 -9.30944875e-03 -1.66112517e-04  9.29362224e-06 -1.50785566e-04  1.36521477e-04 
 1.92167839e+05  1.00000000e+00  0.00000000e+00  2.48890979e-01 -1.71843115e-02 -6.99324319e-04 -9.19818273e-03 -1.62252058e-04  9.46399036e-06 -1.46376087e-04  1.37862061e-04 
 1.94394598e+05  1.00000000e+00  0.00000000e+00  2.48865266e-01 -1.73817676e-02 -7.10870549e-04 -9.08810526e-03 -1.58478742e-04  9.62244218e-06 -1.42042120e-04  1.39204501e-04 
 1.96647159e+05  1.00000000e+00  0.00000000e+00  2.48838958e-01 -1.75814534e-02 -7.22119914e-04 -8.97920311e-03 -1.54790624e-04  9.76944298e-06 -1.37781448e-04  1.40549312e-04 
 1.98925823e+05  1.00000000e+00  0.00000000e+00  2.48812043e-01 -1.77833927e-02 -7.33078266e-04 -8.87146315e-03 -1.51185801e-04  9.90544165e-06 -1.33591891e-04  1.41896987e-04 
 2.01230890e+05  1.00000000e+00  0.00000000e+00  2.48784506e-01 -1.79876095e-02 -7.43751310e-04 -8.76487239e-03 -1.47662413e-04  1.00308713e-05 -1.29471304e-04  1.43248006e-04 
 2.03562668e+05  1.00000000e+00  0.00000000e+00  2.48756332e-01 -1.81941281e-02 -7.54144608e-04 -8.65941795e-03 -1.44218642e-04  1.01461496e-05 -1.25417579e-04  1.44602827e-04 
 2.05921465e+05  1.00000000e+00  0.00000000e+00  2.48727509e-01 -1.84029728e-02 -7.64263581e-04 -8.55508706e-03 -1.40852707e-04  1.02516797e-05 -1.21428644e-04  1.45961893e-04 
 2.08307595e+05  1.00000000e+00  0.00000000e+00  2.48698019e-01 -1.86141683e-02 -7.74113513e-04 -8.45186708e-03 -1.37562868e-04  1.03478502e-05 -1.17502456e-04  1.47325631e-04 
 2.10721375e+05  1.00000000e+00  0.00000000e+00  2.48667849e-01 -1.88277394e-02 -7.83699551e-04 -8.34974548e-03 -1.34347422e-04  1.04350360e-05 -1.13637010e-04  1.48694448e-04 
 2.13163124e+05  1.00000000e+00  0.00000000e+00  2.48636983e-01 -1.90437111e-02 -7.93026709e-04 -8.24870987e-03 -1.31204707e-04  1.05135988e-05 -1.09830328e-04  1.50068740e-04 
 2.15633167e+05  1.00000000e+00  0.00000000e+00  2.48605405e-01 -1.92621087e-02 -8.02099873e-04 -8.14874795e-03 -1.28133092e-04  1.05838872e-05 -1.06080466e-04  1.51448884e-04 
 2.18131832e+05  1.00000000e+00  0.00000000e+00  2.48573098e-01 -1.94829577e-02 -8.10923798e-04 -8.04984754e-03 -1.25130988e-04  1.06462376e-05 -1.02385509e-04  1.52835242e-04 
 2.20659451e+05  1.00000000e+00  0.00000000e+00  2.48540046e-01 -1.97062836e-02 -8.19503115e-04 -7.95199660e-03 -1.22196836e-04  1.07009742e-05 -9.87435702e-05  1.54228161e-04 
 2.23216358e+05  1.00000000e+00  0.00000000e+00  2.48506232e-01 -1.99321124e-02 -8.27842332e-04 -7.85518319e-03 -1.19329115e-04  1.07484097e-05 -9.51527925e-05  1.55627974e-04 
 2.25802894e+05  1.00000000e+00  0.00000000e+00  2.48471639e-01 -2.01604700e-02 -8.35945835e-04 -7.75939548e-03 -1.16526336e-04  1.07888455e-05 -9.16113452e-05  1.57034997e-04 
 2.28419401e+05  1.00000000e+00  0.00000000e+00  2.48436248e-01 -2.03913828e-02 -8.43817892e-04 -7.66462177e-03 -1.13787043e-04  1.08225723e-05 -8.81174248e-05  1.58449534e-04 
 2.31066228e+05  1.00000000e+00  0.00000000e+00  2.48400043e-01 -2.06248771e-02 -8.51462654e-04 -7.57085047e-03 -1.11109812e-04  1.08498703e-05 -8.46692530e-05  1.59871873e-04 
 2.33743725e+05  1.00000000e+00  0.00000000e+00  2.48363003e-01 -2.08609796e-02 -8.58884160e-04 -7.47807011e-03 -1.08493253e-04  1.08710095e-05 -8.12650770e-05  1.61302289e-04 
 2.36452247e+05  1.00000000e+00  0.00000000e+00  2.48325111e-01 -2.10997173e-02 -8.66086332e-04 -7.38626931e-03 -1.05936002e-04  1.08862503e-05 -7.79031681e-05  1.62741043e-04 
 2.39192155e+05  1.00000000e+00  0.00000000e+00  2.48286346e-01 -2.13411170e-02 -8.73072986e-04 -7.29543684e-03 -1.03436731e-04  1.08958436e-05 -7.45818209e-05  1.64188381e-04 
 2.41963811e+05  1.00000000e+00  0.00000000e+00  2.48246690e-01 -2.15852061e-02 -8.79847829e-04 -7.20556157e-03 -1.00994137e-04  1.09000312e-05 -7.12993529e-05  1.65644536e-04 
 2.44767585e+05  1.00000000e+00  0.00000000e+00  2.48206121e-01 -2.18320119e-02 -8.86414459e-04 -7.11663247e-03 -9.86069481e-05  1.08990461e-05 -6.80541037e-05  1.67109728e-04 
 2.47603847e+05  1.00000000e+00  0.00000000e+00  2.48164619e-01 -2.20815621e-02 -8.92776373e-04 -7.02863864e-03 -9.62739205e-05  1.08931129e-05 -6.48444340e-05  1.68584163e-04 
 2.50472975e+05  1.00000000e+00  0.00000000e+00  2.48122164e-01 -2.23338844e-02 -8.98936964e-04 -6.94156928e-03 -9.39938378e-05  1.08824479e-05 -6.16687250e-05  1.70068033e-04 
 2.53375348e+05  1.00000000e+00  0.00000000e+00  2.48078732e-01 -2.25890070e-02 -9.04899524e-04 -6.85541371e-03 -9.17655106e-05  1.08672596e-05 -5.85253782e-05  1.71561518e-04 
 2.56311354e+05  1.00000000e+00  0.00000000e+00  2.48034303e-01 -2.28469578e-02 -9.10667247e-04 -6.77016136e-03 -8.95877763e-05  1.08477489e-05 -5.54128139e-05  1.73064783e-04 
 2.59281380e+05  1.00000000e+00  0.00000000e+00  2.47988853e-01 -2.31077653e-02 -9.16243229e-04 -6.68580177e-03 -8.74594981e-05  1.08241091e-05 -5.23294711e-05  1.74577981e-04 
 2.62285822e+05  1.00000000e+00  0.00000000e+00  2.47942360e-01 -2.33714581e-02 -9.21630471e-04 -6.60232460e-03 -8.53795646e-05  1.07965266e-05 -4.92738069e-05  1.76101252e-04 
 2.65325078e+05  1.00000000e+00  0.00000000e+00  2.47894799e-01 -2.36380647e-02 -9.26831880e-04 -6.51971960e-03 -8.33468891e-05  1.07651809e-05 -4.62442955e-05  1.77634720e-04 
 2.68399552e+05  1.00000000e+00  0.00000000e+00  2.47846148e-01 -2.39076141e-02 -9.31850272e-04 -6.43797664e-03 -8.13604093e-05  1.07302448e-05 -4.32394277e-05  1.79178499e-04 
 2.71509651e+05  1.00000000e+00  0.00000000e+00  2.47796380e-01 -2.41801353e-02 -9.36688371e-04 -6.35708572e-03 -7.94190867e-05  1.06918847e-05 -4.02577105e-05  1.80732688e-04 
 2.74655789e+05  1.00000000e+00  0.00000000e+00  2.47745472e-01 -2.44556575e-02 -9.41348812e-04 -6.27703691e-03 -7.75219060e-05  1.06502608e-05 -3.72976664e-05  1.82297373e-04 
 2.77838383e+05  1.00000000e+00  0.00000000e+00  2.47693397e-01 -2.47342100e-02 -9.45834143e-04 -6.19782041e-03 -7.56678746e-05  1.06055275e-05 -3.43578326e-05  1.83872625e-04 
 2.81057856e+05  1.00000000e+00  0.00000000e+00  2.47640130e-01 -2.50158225e-02 -9.50146826e-04 -6.11942653e-03 -7.38560220e-05  1.05578333e-05 -3.14367609e-05  1.85458505e-04 
 2.84314634e+05  1.00000000e+00  0.00000000e+00  2.47585642e-01 -2.53005245e-02 -9.54289239e-04 -6.04184570e-03 -7.20853997e-05  1.05073211e-05 -2.85330167e-05  1.87055056e-04 
 2.87609151e+05  1.00000000e+00  0.00000000e+00  2.47529907e-01 -2.55883458e-02 -9.58263677e-04 -5.96506841e-03 -7.03550803e-05  1.04541285e-05 -2.56451786e-05  1.88662310e-04 
 2.90941843e+05  1.00000000e+00  0.00000000e+00  2.47472898e-01 -2.58793165e-02 -9.62072351e-04 -5.88908532e-03 -6.86641574e-05  1.03983880e-05 -2.27718381e-05  1.90280284e-04 
 2.94313152e+05  1.00000000e+00  0.00000000e+00  2.47414584e-01 -2.61734666e-02 -9.65717394e-04 -5.81388715e-03 -6.70117446e-05  1.03402270e-05 -1.99115989e-05  1.91908981e-04 
 2.97723528e+05  1.00000000e+00  0.00000000e+00  2.47354937e-01 -2.64708264e-02 -9.69200860e-04 -5.73946474e-03 -6.53969757e-05  1.02797682e-05 -1.70630762e-05  1.93548389e-04 
 3.01173421e+05  1.00000000e+00  0.00000000e+00  2.47293928e-01 -2.67714261e-02 -9.72524724e-04 -5.66580905e-03 -6.38190040e-05  1.02171294e-05 -1.42248967e-05  1.95198484e-04 
 3.04663290e+05  1.00000000e+00  0.00000000e+00  2.47231525e-01 -2.70752964e-02 -9.75690885e-04 -5.59291112e-03 -6.22770015e-05  1.01524242e-05 -1.13956977e-05  1.96859225e-04 
 3.08193598e+05  1.00000000e+00  0.00000000e+00  2.47167698e-01 -2.73824676e-02 -9.78701167e-04 -5.52076212e-03 -6.07701593e-05  1.00857617e-05 -8.57412719e-06  1.98530556e-04 
 3.11764813e+05  1.00000000e+00  0.00000000e+00  2.47102415e-01 -2.76929707e-02 -9.81557322e-04 -5.44935330e-03 -5.92976862e-05  1.00172469e-05 -5.75884266e-06  2.00212408e-04 
 3.15377411e+05  1.00000000e+00  0.00000000e+00  2.47035642e-01 -2.80068362e-02 -9.84261025e-04 -5.37867604e-03 -5.78588093e-05  9.94698069e-06 -2.94851131e-06  2.01904694e-04 
 3.19031870e+05  1.00000000e+00  0.00000000e+00  2.46967348e-01 -2.83240952e-02 -9.86813883e-04 -5.30872181e-03 -5.64527728e-05  9.87506022e-06 -1.41809398e-07  2.03607313e-04 
 3.22728675e+05  1.00000000e+00  0.00000000e+00  2.46897498e-01 -2.86447787e-02 -9.89217433e-04 -5.23948219e-03 -5.50788380e-05  9.80157877e-06  2.66257811e-06  2.05320148e-04 
 3.26468317e+05  1.00000000e+00  0.00000000e+00  2.46826058e-01 -2.89689175e-02 -9.91473140e-04 -5.17094885e-03 -5.37362829e-05  9.72662604e-06  5.46595789e-06  2.07043066e-04 
 3.30251292e+05  1.00000000e+00  0.00000000e+00  2.46752992e-01 -2.92965430e-02 -9.93582402e-04 -5.10311359e-03 -5.24244019e-05  9.65028826e-06  8.26962864e-06  2.08775917e-04 
 3.34078103e+05  1.00000000e+00  0.00000000e+00  2.46678264e-01 -2.96276861e-02 -9.95546552e-04 -5.03596829e-03 -5.11425050e-05  9.57264827e-06  1.10748814e-05  2.10518533e-04 
 3.37949258e+05  1.00000000e+00  0.00000000e+00  2.46601837e-01 -2.99623783e-02 -9.97366855e-04 -4.96950494e-03 -4.98899182e-05  9.49378570e-06  1.38829998e-05  2.12270732e-04 
 3.41865269e+05  1.00000000e+00  0.00000000e+00  2.46523675e-01 -3.03006508e-02 -9.99044512e-04 -4.90371564e-03 -4.86659824e-05  9.41377703e-06  1.66952606e-05  2.14032311e-04 
 3.45826658e+05  1.00000000e+00  0.00000000e+00  2.46443737e-01 -3.06425348e-02 -1.00058066e-03 -4.83859258e-03 -4.74700537e-05  9.33269576e-06  1.95129336e-05  2.15803052e-04 
 3.49833950e+05  1.00000000e+00  0.00000000e+00  2.46361986e-01 -3.09880617e-02 -1.00197638e-03 -4.77412806e-03 -4.63015024e-05  9.25061247e-06  2.23372822e-05  2.17582716e-04 
 3.53887676e+05  1.00000000e+00  0.00000000e+00  2.46278381e-01 -3.13372629e-02 -1.00323267e-03 -4.71031449e-03 -4.51597134e-05  9.16759493e-06  2.51695635e-05  2.19371048e-04 
 3.57988375e+05  1.00000000e+00  0.00000000e+00  2.46192882e-01 -3.16901696e-02 -1.00435049e-03 -4.64714437e-03 -4.40440853e-05  9.08370823e-06  2.80110286e-05  2.21167772e-04 
 3.62136592e+05  1.00000000e+00  0.00000000e+00  2.46105446e-01 -3.20468133e-02 -1.00533074e-03 -4.58461032e-03 -4.29540305e-05  8.99901487e-06  3.08629227e-05  2.22972594e-04 
 3.66332876e+05  1.00000000e+00  0.00000000e+00  2.46016032e-01 -3.24072251e-02 -1.00617425e-03 -4.52270503e-03 -4.18889746e-05  8.91357483e-06  3.37264855e-05  2.24785198e-04 
 3.70577785e+05  1.00000000e+00  0.00000000e+00  2.45924596e-01 -3.27714365e-02 -1.00688180e-03 -4.46142132e-03 -4.08483562e-05  8.82744569e-06  3.66029510e-05  2.26605249e-04 
 3.74871882e+05  1.00000000e+00  0.00000000e+00  2.45831093e-01 -3.31394786e-02 -1.00745410e-03 -4.40075211e-03 -3.98316268e-05  8.74068269e-06  3.94935481e-05  2.28432392e-04 
 3.79215737e+05  1.00000000e+00  0.00000000e+00  2.45735479e-01 -3.35113826e-02 -1.00789183e-03 -4.34069042e-03 -3.88382502e-05  8.65333886e-06  4.23995001e-05  2.30266248e-04 
 3.83609927e+05  1.00000000e+00  0.00000000e+00  2.45637706e-01 -3.38871795e-02 -1.00819559e-03 -4.28122936e-03 -3.78677025e-05  8.56546505e-06  4.53220256e-05  2.32106419e-04 
 3.88055035e+05  1.00000000e+00  0.00000000e+00  2.45537730e-01 -3.42669004e-02 -1.00836593e-03 -4.22236215e-03 -3.69194715e-05  8.47711006e-06  4.82623378e-05  2.33952481e-04 
 3.92551651e+05  1.00000000e+00  0.00000000e+00  2.45435500e-01 -3.46505761e-02 -1.00840338e-03 -4.16408212e-03 -3.59930570e-05  8.38832067e-06  5.12216450e-05  2.35803992e-04 
 3.97100372e+05  1.00000000e+00  0.00000000e+00  2.45330969e-01 -3.50382374e-02 -1.00830837e-03 -4.10638270e-03 -3.50879697e-05  8.29914176e-06  5.42011504e-05  2.37660481e-04 
 4.01701802e+05  1.00000000e+00  0.00000000e+00  2.45224087e-01 -3.54299150e-02 -1.00808131e-03 -4.04925741e-03 -3.42037319e-05  8.20961634e-06  5.72020523e-05  2.39521457e-04 
 4.06356551e+05  1.00000000e+00  0.00000000e+00  2.45114802e-01 -3.58256392e-02 -1.00772256e-03 -3.99269989e-03 -3.33398764e-05  8.11978567e-06  6.02255440e-05  2.41386402e-04 
 4.11065237e+05  1.00000000e+00  0.00000000e+00  2.45003063e-01 -3.62254404e-02 -1.00723242e-03 -3.93670387e-03 -3.24959470e-05  8.02968925e-06  6.32728134e-05  2.43254775e-04 
 4.15828485e+05  1.00000000e+00  0.00000000e+00  2.44888816e-01 -3.66293487e-02 -1.00661114e-03 -3.88126320e-03 -3.16714977e-05  7.93936499e-06  6.63450435e-05  2.45126006e-04 
 4.20646928e+05  1.00000000e+00  0.00000000e+00  2.44772008e-01 -3.70373939e-02 -1.00585895e-03 -3.82637180e-03 -3.08660925e-05  7.84884918e-06  6.94434118e-05  2.46999502e-04 
 4.25521205e+05  1.00000000e+00  0.00000000e+00  2.44652584e-01 -3.74496058e-02 -1.00497599e-03 -3.77202373e-03 -3.00793057e-05  7.75817660e-06  7.25690905e-05  2.48874640e-04 
 4.30451963e+05  1.00000000e+00  0.00000000e+00  2.44530487e-01 -3.78660137e-02 -1.00396241e-03 -3.71821313e-03 -2.93107211e-05  7.66738057e-06  7.57232459e-05  2.50750772e-04 
 4.35439856e+05  1.00000000e+00  0.00000000e+00  2.44405661e-01 -3.82866467e-02 -1.00281827e-03 -3.66493425e-03 -2.85599321e-05  7.57649299e-06  7.89070386e-05  2.52627218e-04 
 4.40485548e+05  1.00000000e+00  0.00000000e+00  2.44278047e-01 -3.87115337e-02 -1.00154361e-03 -3.61218146e-03 -2.78265413e-05  7.48554443e-06  8.21216231e-05  2.54503273e-04 
 4.45589706e+05  1.00000000e+00  0.00000000e+00  2.44147585e-01 -3.91407033e-02 -1.00013843e-03 -3.55994921e-03 -2.71101604e-05  7.39456416e-06  8.53681473e-05  2.56378199e-04 
 4.50753009e+05  1.00000000e+00  0.00000000e+00  2.44014216e-01 -3.95741835e-02 -9.98602679e-04 -3.50823207e-03 -2.64104101e-05  7.30358019e-06  8.86477527e-05  2.58251229e-04 
 4.55976143e+05  1.00000000e+00  0.00000000e+00  2.43877877e-01 -4.00120022e-02 -9.96936280e-04 -3.45702471e-03 -2.57269196e-05  7.21261935e-06  9.19615735e-05  2.60121564e-04 
 4.61259799e+05  1.00000000e+00  0.00000000e+00  2.43738505e-01 -4.04541869e-02 -9.95139111e-04 -3.40632190e-03 -2.50593268e-05  7.12170732e-06  9.53107364e-05  2.61988376e-04 
 4.66604681e+05  1.00000000e+00  0.00000000e+00  2.43596037e-01 -4.09007644e-02 -9.93211014e-04 -3.35611853e-03 -2.44072777e-05  7.03086869e-06  9.86963603e-05  2.63850801e-04 
 4.72011497e+05  1.00000000e+00  0.00000000e+00  2.43450406e-01 -4.13517615e-02 -9.91151797e-04 -3.30640959e-03 -2.37704265e-05  6.94012697e-06  1.02119556e-04  2.65707943e-04 
 4.77480964e+05  1.00000000e+00  0.00000000e+00  2.43301548e-01 -4.18072041e-02 -9.88961236e-04 -3.25719016e-03 -2.31484352e-05  6.84950470e-06  1.05581424e-04  2.67558872e-04 
 4.83013810e+05  1.00000000e+00  0.00000000e+00  2.43149393e-01 -4.22671179e-02 -9.86639071e-04 -3.20845546e-03 -2.25409739e-05  6.75902342e-06  1.09083058e-04  2.69402624e-04 
 4.88610768e+05  1.00000000e+00  0.00000000e+00  2.42993873e-01 -4.27315280e-02 -9.84185014e-04 -3.16020080e-03 -2.19477198e-05  6.66870375e-06  1.12625540e-04  2.71238199e-04 
 4.94272580e+05  1.00000000e+00  0.00000000e+00  2.42834918e-01 -4.32004587e-02 -9.81598745e-04 -3.11242159e-03 -2.13683580e-05  6.57856545e-06  1.16209940e-04  2.73064560e-04 
 5.00000000e+05  1.00000000e+00  0.00000000e+00  2.42672457e-01 -4.36739342e-02 -9.78879917e-04 -3.06511335e-03 -2.08025803e-05  6.48862739e-06  1.19837319e-04  2.74880634e-04 
