 time            v(NIN)          v(NDIV)         v(NSKOUT)      
 0.00000000e+00  0.00000000e+00 -1.12499440e-05 -1.01249157e-04 
 5.00000000e-09  2.51327412e-04 -8.26705433e-06 -1.01247581e-04 
 1.00000000e-08  5.02654824e-04 -1.22107386e-06 -1.01242403e-04 
 2.00000000e-08  1.00530965e-03  2.14970904e-05 -1.01221110e-04 
 4.00000000e-08  2.01061928e-03  1.14319524e-04 -1.01086524e-04 
 8.00000000e-08  4.02123843e-03  4.30273331e-04 -1.00431161e-04 
 1.60000000e-07  8.04247584e-03  1.30273746e-03 -9.85622019e-05 
 3.20000000e-07  1.60849435e-02  3.28724455e-03 -9.63593488e-05 
 6.33832519e-07  3.18598131e-02  7.23747754e-03 -9.60680235e-05 
 1.13383252e-06  5.69921565e-02  1.35169928e-02 -9.46577796e-05 
 1.63383252e-06  8.21239374e-02  1.98022205e-02 -9.01485695e-05 
 2.13383252e-06  1.07254908e-01  2.60834756e-02 -8.17089026e-05 
 2.63383252e-06  1.32384819e-01  3.23669060e-02 -6.76331014e-05 
 3.13383252e-06  1.57513425e-01  3.86484558e-02 -4.69860027e-05 
 3.63383252e-06  1.82640475e-01  4.49306185e-02 -1.83696875e-05 
 4.13383252e-06  2.07765723e-01  5.12117098e-02  1.91915999e-05 
 4.63383252e-06  2.32888921e-01  5.74926851e-02  6.68756692e-05 
 5.13383252e-06  2.58009820e-01  6.37728567e-02  1.25637719e-04 
 5.63383252e-06  2.83128172e-01  7.00525349e-02  1.96499583e-04 
 6.13383252e-06  3.08243730e-01  7.63314491e-02  2.80361439e-04 
 6.63383252e-06  3.33356246e-01  8.26096408e-02  3.78127583e-04 
 7.13383252e-06  3.58465472e-01  8.88870117e-02  4.90628632e-04 
 7.63383252e-06  3.83571160e-01  9.51634935e-02  6.18673469e-04 
 8.13383252e-06  4.08673062e-01  1.01439058e-01  7.63019628e-04 
 8.63383252e-06  4.33770931e-01  1.07713592e-01  9.24393911e-04 
 9.13383252e-06  4.58864518e-01  1.13987095e-01  1.10348250e-03 
 9.63383252e-06  4.83953577e-01  1.20259438e-01  1.30093902e-03 
 1.01338325e-05  5.09037859e-01  1.26530629e-01  1.51738220e-03 
 1.06338325e-05  5.34117118e-01  1.32800536e-01  1.75339920e-03 
 1.11338325e-05  5.59191105e-01  1.39069167e-01  2.00954587e-03 
 1.16338325e-05  5.84259573e-01  1.45336390e-01  2.28634849e-03 
 1.21338325e-05  6.09322274e-01  1.51602212e-01  2.58430469e-03 
 1.26338325e-05  6.34378962e-01  1.57866506e-01  2.90388471e-03 
 1.31338325e-05  6.59429388e-01  1.64129271e-01  3.24553245e-03 
 1.36338325e-05  6.84473307e-01  1.70390387e-01  3.60966653e-03 
 1.41338325e-05  7.09510469e-01  1.76649850e-01  3.99668129e-03 
 1.46338325e-05  7.34540630e-01  1.82907540e-01  4.40694778e-03 
 1.51338325e-05  7.59563540e-01  1.89163453e-01  4.84081464e-03 
 1.56338325e-05  7.84578954e-01  1.95417471e-01  5.29860909e-03 
 1.61338325e-05  8.09586625e-01  2.01669586e-01  5.78063768e-03 
 1.66338325e-05  8.34586305e-01  2.07919686e-01  6.28718722e-03 
 1.71338325e-05  8.59577749e-01  2.14167757e-01  6.81852550e-03 
 1.76338325e-05  8.84560708e-01  2.20413691e-01  7.37490210e-03 
 1.81338325e-05  9.09534937e-01  2.26657471e-01  7.95654910e-03 
 1.86338325e-05  9.34500190e-01  2.32898992e-01  8.56368182e-03 
 1.91338325e-05  9.59456219e-01  2.39138236e-01  9.19649944e-03 
 1.96338325e-05  9.84402779e-01  2.45375098e-01  9.85518575e-03 
 2.01338325e-05  1.00933962e+00  2.51609559e-01  1.05399096e-02 
 2.06338325e-05  1.03426651e+00  2.57841516e-01  1.12508258e-02 
 2.11338325e-05  1.05918318e+00  2.64070947e-01  1.19880754e-02 
 2.16338325e-05  1.08408940e+00  2.70297753e-01  1.27517864e-02 
 2.21338325e-05  1.10898492e+00  2.76521909e-01  1.35420742e-02 
 2.26338325e-05  1.13386950e+00  2.82743318e-01  1.43590423e-02 
 2.31338325e-05  1.15874289e+00  2.88961952e-01  1.52027826e-02 
 2.36338325e-05  1.18360483e+00  2.95177719e-01  1.60733758e-02 
 2.41338325e-05  1.20845510e+00  3.01390587e-01  1.69708923e-02 
 2.46338325e-05  1.23329344e+00  3.07600465e-01  1.78953921e-02 
 2.51338325e-05  1.25811961e+00  3.13807321e-01  1.88469255e-02 
 2.56338325e-05  1.28293336e+00  3.20011066e-01  1.98255335e-02 
 2.61338325e-05  1.30773445e+00  3.26211666e-01  2.08312483e-02 
 2.66338325e-05  1.33252263e+00  3.32409033e-01  2.18640932e-02 
 2.71338325e-05  1.35729766e+00  3.38603131e-01  2.29240836e-02 
 2.76338325e-05  1.38205930e+00  3.44793875e-01  2.40112268e-02 
 2.81338325e-05  1.40680729e+00  3.50981228e-01  2.51255229e-02 
 2.86338325e-05  1.43154140e+00  3.57165104e-01  2.62669644e-02 
 2.91338325e-05  1.45626139e+00  3.63345466e-01  2.74355372e-02 
 2.96338325e-05  1.48096699e+00  3.69522231e-01  2.86312205e-02 
 3.01338325e-05  1.50565799e+00  3.75695359e-01  2.98539870e-02 
 3.06338325e-05  1.53033412e+00  3.81864769e-01  3.11038037e-02 
 3.11338325e-05  1.55499515e+00  3.88030419e-01  3.23806315e-02 
 3.16338325e-05  1.57964083e+00  3.94192230e-01  3.36844260e-02 
 3.21338325e-05  1.60427092e+00  4.00350159e-01  3.50151372e-02 
 3.26338325e-05  1.62888517e+00  4.06504127e-01  3.63727105e-02 
 3.31338325e-05  1.65348335e+00  4.12654092e-01  3.77570859e-02 
 3.36338325e-05  1.67806521e+00  4.18799975e-01  3.91681993e-02 
 3.41338325e-05  1.70263051e+00  4.24941733e-01  4.06059819e-02 
 3.46338325e-05  1.72717901e+00  4.31079289e-01  4.20703607e-02 
 3.51338325e-05  1.75171046e+00  4.37212597e-01  4.35612587e-02 
 3.56338325e-05  1.77622462e+00  4.43341582e-01  4.50785952e-02 
 3.61338325e-05  1.80072125e+00  4.49466198e-01  4.66222855e-02 
 3.66338325e-05  1.82520010e+00  4.55586372e-01  4.81922417e-02 
 3.71338325e-05  1.84966095e+00  4.61702055e-01  4.97883723e-02 
 3.76338325e-05  1.87410353e+00  4.67813174e-01  5.14105830e-02 
 3.81338325e-05  1.89852762e+00  4.73919682e-01  5.30587761e-02 
 3.86338325e-05  1.92293298e+00  4.80021507e-01  5.47328512e-02 
 3.91338325e-05  1.94731935e+00  4.86118599e-01  5.64327050e-02 
 3.96338325e-05  1.97168651e+00  4.92210888e-01  5.81582317e-02 
 4.01338325e-05  1.99603420e+00  4.98298324e-01  5.99093229e-02 
 4.06338325e-05  2.02036220e+00  5.04380836e-01  6.16858681e-02 
 4.11338325e-05  2.04467025e+00  5.10458375e-01  6.34877541e-02 
 4.16338325e-05  2.06895813e+00  5.16530870e-01  6.53148660e-02 
 4.21338325e-05  2.09322558e+00  5.22598272e-01  6.71670865e-02 
 4.26338325e-05  2.11747238e+00  5.28660512e-01  6.90442967e-02 
 4.31338325e-05  2.14169828e+00  5.34717538e-01  7.09463756e-02 
 4.36338325e-05  2.16590304e+00  5.40769281e-01  7.28732006e-02 
 4.41338325e-05  2.19008642e+00  5.46815692e-01  7.48246474e-02 
 4.46338325e-05  2.21424819e+00  5.52856701e-01  7.68005902e-02 
 4.51338325e-05  2.23838810e+00  5.58892257e-01  7.88009018e-02 
 4.56338325e-05  2.26250593e+00  5.64922293e-01  8.08254533e-02 
 4.61338325e-05  2.28660142e+00  5.70946757e-01  8.28741149e-02 
 4.66338325e-05  2.31067434e+00  5.76965582e-01  8.49467553e-02 
 4.71338325e-05  2.33472446e+00  5.82978715e-01  8.70432421e-02 
 4.76338325e-05  2.35875154e+00  5.88986092e-01  8.91634418e-02 
 4.81338325e-05  2.38275533e+00  5.94987658e-01  9.13072198e-02 
 4.86338325e-05  2.40673561e+00  6.00983348e-01  9.34744408e-02 
 4.91338325e-05  2.43069214e+00  6.06973109e-01  9.56649683e-02 
 4.96338325e-05  2.45462468e+00  6.12956877e-01  9.78786650e-02 
 5.01338325e-05  2.47853299e+00  6.18934598e-01  1.00115393e-01 
 5.06338325e-05  2.50241683e+00  6.24906207e-01  1.02375014e-01 
 5.11338325e-05  2.52627598e+00  6.30871650e-01  1.04657387e-01 
 5.16338325e-05  2.55011020e+00  6.36830865e-01  1.06962373e-01 
 5.21338325e-05  2.57391925e+00  6.42783796e-01  1.09289832e-01 
 5.26338325e-05  2.59770289e+00  6.48730380e-01  1.11639622e-01 
 5.31338325e-05  2.62146090e+00  6.54670564e-01  1.14011601e-01 
 5.36338325e-05  2.64519303e+00  6.60604284e-01  1.16405627e-01 
 5.41338325e-05  2.66889906e+00  6.66531486e-01  1.18821558e-01 
 5.46338325e-05  2.69257874e+00  6.72452107e-01  1.21259251e-01 
 5.51338325e-05  2.71623185e+00  6.78366093e-01  1.23718561e-01 
 5.56338325e-05  2.73985816e+00  6.84273381e-01  1.26199347e-01 
 5.61338325e-05  2.76345742e+00  6.90173918e-01  1.28701463e-01 
 5.66338325e-05  2.78702941e+00  6.96067640e-01  1.31224766e-01 
 5.71338325e-05  2.81057389e+00  7.01954494e-01  1.33769111e-01 
 5.76338325e-05  2.83409063e+00  7.07834419e-01  1.36334354e-01 
 5.81338325e-05  2.85757940e+00  7.13707358e-01  1.38920350e-01 
 5.86338325e-05  2.88103996e+00  7.19573252e-01  1.41526955e-01 
 5.91338325e-05  2.90447210e+00  7.25432044e-01  1.44154022e-01 
 5.96338325e-05  2.92787556e+00  7.31283676e-01  1.46801409e-01 
 6.01338325e-05  2.95125013e+00  7.37128091e-01  1.49468968e-01 
 6.06338325e-05  2.97459557e+00  7.42965229e-01  1.52156556e-01 
 6.11338325e-05  2.99791166e+00  7.48795035e-01  1.54864027e-01 
 6.16338325e-05  3.02119815e+00  7.54617450e-01  1.57591237e-01 
 6.21338325e-05  3.04445483e+00  7.60432418e-01  1.60338040e-01 
 6.26338325e-05  3.06768146e+00  7.66239879e-01  1.63104291e-01 
 6.31338325e-05  3.09087781e+00  7.72039778e-01  1.65889845e-01 
 6.36338325e-05  3.11404366e+00  7.77832056e-01  1.68694558e-01 
 6.41338325e-05  3.13717877e+00  7.83616659e-01  1.71518286e-01 
 6.46338325e-05  3.16028292e+00  7.89393525e-01  1.74360882e-01 
 6.51338325e-05  3.18335588e+00  7.95162602e-01  1.77222204e-01 
 6.56338325e-05  3.20639742e+00  8.00923829e-01  1.80102106e-01 
 6.61338325e-05  3.22940732e+00  8.06677153e-01  1.83000445e-01 
 6.66338325e-05  3.25238534e+00  8.12422513e-01  1.85917076e-01 
 6.71338325e-05  3.27533126e+00  8.18159856e-01  1.88851857e-01 
 6.76338325e-05  3.29824486e+00  8.23889123e-01  1.91804643e-01 
 6.81338325e-05  3.32112590e+00  8.29610258e-01  1.94775291e-01 
 6.86338325e-05  3.34397417e+00  8.35323205e-01  1.97763659e-01 
 6.91338325e-05  3.36678943e+00  8.41027908e-01  2.00769602e-01 
 6.96338325e-05  3.38957146e+00  8.46724309e-01  2.03792979e-01 
 7.01338325e-05  3.41232004e+00  8.52412354e-01  2.06833648e-01 
 7.06338325e-05  3.43503494e+00  8.58091985e-01  2.09891465e-01 
 7.11338325e-05  3.45771594e+00  8.63763148e-01  2.12966290e-01 
 7.16338325e-05  3.48036281e+00  8.69425784e-01  2.16057981e-01 
 7.21338325e-05  3.50297534e+00  8.75079840e-01  2.19166397e-01 
 7.26338325e-05  3.52555329e+00  8.80725258e-01  2.22291396e-01 
 7.31338325e-05  3.54809644e+00  8.86361985e-01  2.25432839e-01 
 7.36338325e-05  3.57060458e+00  8.91989962e-01  2.28590584e-01 
 7.41338325e-05  3.59307747e+00  8.97609136e-01  2.31764492e-01 
 7.46338325e-05  3.61551490e+00  9.03219450e-01  2.34954423e-01 
 7.51338325e-05  3.63791665e+00  9.08820850e-01  2.38160238e-01 
 7.56338325e-05  3.66028250e+00  9.14413280e-01  2.41381798e-01 
 7.61338325e-05  3.68261222e+00  9.19996685e-01  2.44618963e-01 
 7.66338325e-05  3.70490559e+00  9.25571009e-01  2.47871597e-01 
 7.71338325e-05  3.72716240e+00  9.31136199e-01  2.51139560e-01 
 7.76338325e-05  3.74938242e+00  9.36692197e-01  2.54422715e-01 
 7.81338325e-05  3.77156544e+00  9.42238951e-01  2.57720925e-01 
 7.86338325e-05  3.79371123e+00  9.47776405e-01  2.61034053e-01 
 7.91338325e-05  3.81581958e+00  9.53304505e-01  2.64361962e-01 
 7.96338325e-05  3.83789027e+00  9.58823196e-01  2.67704517e-01 
 8.01338325e-05  3.85992308e+00  9.64332423e-01  2.71061581e-01 
 8.06338325e-05  3.88191780e+00  9.69832132e-01  2.74433018e-01 
 8.11338325e-05  3.90387420e+00  9.75322270e-01  2.77818694e-01 
 8.16338325e-05  3.92579207e+00  9.80802781e-01  2.81218475e-01 
 8.21338325e-05  3.94767120e+00  9.86273612e-01  2.84632225e-01 
 8.26338325e-05  3.96951137e+00  9.91734708e-01  2.88059811e-01 
 8.31338325e-05  3.99131235e+00  9.97186016e-01  2.91501099e-01 
 8.36338325e-05  4.01307395e+00  1.00262748e+00  2.94955956e-01 
 8.41338325e-05  4.03479594e+00  1.00805905e+00  2.98424250e-01 
 8.46338325e-05  4.05647810e+00  1.01348067e+00  3.01905847e-01 
 8.51338325e-05  4.07812023e+00  1.01889229e+00  3.05400616e-01 
 8.56338325e-05  4.09972211e+00  1.02429385e+00  3.08908426e-01 
 8.61338325e-05  4.12128353e+00  1.02968530e+00  3.12429144e-01 
 8.66338325e-05  4.14280427e+00  1.03506659e+00  3.15962641e-01 
 8.71338325e-05  4.16428413e+00  1.04043767e+00  3.19508786e-01 
 8.76338325e-05  4.18572288e+00  1.04579847e+00  3.23067448e-01 
 8.81338325e-05  4.20712033e+00  1.05114895e+00  3.26638498e-01 
 8.86338325e-05  4.22847625e+00  1.05648906e+00  3.30221807e-01 
 8.91338325e-05  4.24979044e+00  1.06181874e+00  3.33817246e-01 
 8.96338325e-05  4.27106268e+00  1.06713794e+00  3.37424686e-01 
 9.01338325e-05  4.29229277e+00  1.07244661e+00  3.41044000e-01 
 9.06338325e-05  4.31348050e+00  1.07774469e+00  3.44675059e-01 
 9.11338325e-05  4.33462565e+00  1.08303214e+00  3.48317737e-01 
 9.16338325e-05  4.35572803e+00  1.08830890e+00  3.51971907e-01 
 9.21338325e-05  4.37678741e+00  1.09357491e+00  3.55637441e-01 
 9.26338325e-05  4.39780360e+00  1.09883014e+00  3.59314215e-01 
 9.31338325e-05  4.41877638e+00  1.10407451e+00  3.63002102e-01 
 9.36338325e-05  4.43970555e+00  1.10930799e+00  3.66700977e-01 
 9.41338325e-05  4.46059090e+00  1.11453052e+00  3.70410715e-01 
 9.46338325e-05  4.48143223e+00  1.11974205e+00  3.74131192e-01 
 9.51338325e-05  4.50222933e+00  1.12494253e+00  3.77862284e-01 
 9.56338325e-05  4.52298200e+00  1.13013191e+00  3.81603866e-01 
 9.61338325e-05  4.54369002e+00  1.13531013e+00  3.85355816e-01 
 9.66338325e-05  4.56435320e+00  1.14047715e+00  3.89118011e-01 
 9.71338325e-05  4.58497133e+00  1.14563291e+00  3.92890327e-01 
 9.76338325e-05  4.60554421e+00  1.15077737e+00  3.96672644e-01 
 9.81338325e-05  4.62607163e+00  1.15591046e+00  4.00464839e-01 
 9.86338325e-05  4.64655340e+00  1.16103215e+00  4.04266791e-01 
 9.91338325e-05  4.66698931e+00  1.16614238e+00  4.08078379e-01 
 9.96338325e-05  4.68737916e+00  1.17124110e+00  4.11899482e-01 
 1.00133833e-04  4.70772274e+00  1.17632826e+00  4.15729981e-01 
 1.00633833e-04  4.72801986e+00  1.18140380e+00  4.19569755e-01 
 1.01133833e-04  4.74827032e+00  1.18646769e+00  4.23418685e-01 
 1.01633833e-04  4.76847391e+00  1.19151987e+00  4.27276653e-01 
 1.02133833e-04  4.78863044e+00  1.19656029e+00  4.31143539e-01 
 1.02633833e-04  4.80873971e+00  1.20158890e+00  4.35019225e-01 
 1.03133833e-04  4.82880152e+00  1.20660565e+00  4.38903593e-01 
 1.03633833e-04  4.84881566e+00  1.21161049e+00  4.42796527e-01 
 1.04133833e-04  4.86878196e+00  1.21660337e+00  4.46697908e-01 
 1.04633833e-04  4.88870020e+00  1.22158425e+00  4.50607620e-01 
 1.05133833e-04  4.90857019e+00  1.22655306e+00  4.54525548e-01 
 1.05633833e-04  4.92839174e+00  1.23150978e+00  4.58451574e-01 
 1.06133833e-04  4.94816464e+00  1.23645433e+00  4.62385583e-01 
 1.06633833e-04  4.96788871e+00  1.24138669e+00  4.66327461e-01 
 1.07133833e-04  4.98756375e+00  1.24630679e+00  4.70277092e-01 
 1.07633833e-04  5.00718956e+00  1.25121459e+00  4.74234362e-01 
 1.08133833e-04  5.02676595e+00  1.25611004e+00  4.78199157e-01 
 1.08633833e-04  5.04629273e+00  1.26099310e+00  4.82171363e-01 
 1.09133833e-04  5.06576971e+00  1.26586371e+00  4.86150866e-01 
 1.09633833e-04  5.08519669e+00  1.27072182e+00  4.90137555e-01 
 1.10133833e-04  5.10457348e+00  1.27556740e+00  4.94131316e-01 
 1.10633833e-04  5.12389989e+00  1.28040038e+00  4.98132037e-01 
 1.11133833e-04  5.14317573e+00  1.28522073e+00  5.02139607e-01 
 1.11633833e-04  5.16240080e+00  1.29002839e+00  5.06153913e-01 
 1.12133833e-04  5.18157493e+00  1.29482332e+00  5.10174845e-01 
 1.12633833e-04  5.20069792e+00  1.29960547e+00  5.14202292e-01 
 1.13133833e-04  5.21976958e+00  1.30437480e+00  5.18236144e-01 
 1.13633833e-04  5.23878972e+00  1.30913125e+00  5.22276290e-01 
 1.14133833e-04  5.25775816e+00  1.31387478e+00  5.26322621e-01 
 1.14633833e-04  5.27667470e+00  1.31860534e+00  5.30375027e-01 
 1.15133833e-04  5.29553917e+00  1.32332289e+00  5.34433401e-01 
 1.15633833e-04  5.31435137e+00  1.32802737e+00  5.38497632e-01 
 1.16133833e-04  5.33311112e+00  1.33271875e+00  5.42567614e-01 
 1.16633833e-04  5.35181823e+00  1.33739698e+00  5.46643237e-01 
 1.17133833e-04  5.37047253e+00  1.34206201e+00  5.50724394e-01 
 1.17633833e-04  5.38907382e+00  1.34671379e+00  5.54810980e-01 
 1.18133833e-04  5.40762192e+00  1.35135228e+00  5.58902885e-01 
 1.18633833e-04  5.42611665e+00  1.35597743e+00  5.63000004e-01 
 1.19133833e-04  5.44455783e+00  1.36058920e+00  5.67102232e-01 
 1.19633833e-04  5.46294527e+00  1.36518754e+00  5.71209461e-01 
 1.20133833e-04  5.48127880e+00  1.36977241e+00  5.75321587e-01 
 1.20633833e-04  5.49955822e+00  1.37434375e+00  5.79438505e-01 
 1.21133833e-04  5.51778337e+00  1.37890154e+00  5.83560110e-01 
 1.21633833e-04  5.53595406e+00  1.38344571e+00  5.87686297e-01 
 1.22133833e-04  5.55407012e+00  1.38797623e+00  5.91816962e-01 
 1.22633833e-04  5.57213135e+00  1.39249305e+00  5.95952002e-01 
 1.23133833e-04  5.59013759e+00  1.39699613e+00  6.00091313e-01 
 1.23633833e-04  5.60808866e+00  1.40148542e+00  6.04234793e-01 
 1.24133833e-04  5.62598438e+00  1.40596088e+00  6.08382338e-01 
 1.24633833e-04  5.64382458e+00  1.41042246e+00  6.12533846e-01 
 1.25133833e-04  5.66160907e+00  1.41487012e+00  6.16689216e-01 
 1.25633833e-04  5.67933768e+00  1.41930382e+00  6.20848345e-01 
 1.26133833e-04  5.69701024e+00  1.42372350e+00  6.25011132e-01 
 1.26633833e-04  5.71462657e+00  1.42812914e+00  6.29177476e-01 
 1.27133833e-04  5.73218651e+00  1.43252068e+00  6.33347276e-01 
 1.27633833e-04  5.74968986e+00  1.43689809e+00  6.37520432e-01 
 1.28133833e-04  5.76713648e+00  1.44126131e+00  6.41696844e-01 
 1.28633833e-04  5.78452617e+00  1.44561031e+00  6.45876413e-01 
 1.29133833e-04  5.80185877e+00  1.44994504e+00  6.50059038e-01 
 1.29633833e-04  5.81913411e+00  1.45426546e+00  6.54244620e-01 
 1.30133833e-04  5.83635201e+00  1.45857152e+00  6.58433062e-01 
 1.30633833e-04  5.85351232e+00  1.46286319e+00  6.62624264e-01 
 1.31133833e-04  5.87061485e+00  1.46714043e+00  6.66818129e-01 
 1.31633833e-04  5.88765944e+00  1.47140318e+00  6.71014558e-01 
 1.32133833e-04  5.90464592e+00  1.47565141e+00  6.75213454e-01 
 1.32633833e-04  5.92157413e+00  1.47988508e+00  6.79414720e-01 
 1.33133833e-04  5.93844389e+00  1.48410414e+00  6.83618260e-01 
 1.33633833e-04  5.95525504e+00  1.48830855e+00  6.87823976e-01 
 1.34133833e-04  5.97200742e+00  1.49249827e+00  6.92031772e-01 
 1.34633833e-04  5.98870085e+00  1.49667327e+00  6.96241553e-01 
 1.35133833e-04  6.00533518e+00  1.50083349e+00  7.00453222e-01 
 1.35633833e-04  6.02191024e+00  1.50497890e+00  7.04666686e-01 
 1.36133833e-04  6.03842587e+00  1.50910946e+00  7.08881848e-01 
 1.36633833e-04  6.05488190e+00  1.51322512e+00  7.13098614e-01 
 1.37133833e-04  6.07127816e+00  1.51732585e+00  7.17316889e-01 
 1.37633833e-04  6.08761451e+00  1.52141160e+00  7.21536581e-01 
 1.38133833e-04  6.10389078e+00  1.52548233e+00  7.25757594e-01 
 1.38633833e-04  6.12010680e+00  1.52953801e+00  7.29979835e-01 
 1.39133833e-04  6.13626242e+00  1.53357860e+00  7.34203212e-01 
 1.39633833e-04  6.15235748e+00  1.53760405e+00  7.38427632e-01 
 1.40133833e-04  6.16839181e+00  1.54161432e+00  7.42653002e-01 
 1.40633833e-04  6.18436527e+00  1.54560938e+00  7.46879229e-01 
 1.41133833e-04  6.20027769e+00  1.54958918e+00  7.51106222e-01 
 1.41633833e-04  6.21612891e+00  1.55355369e+00  7.55333890e-01 
 1.42133833e-04  6.23191879e+00  1.55750287e+00  7.59562140e-01 
 1.42633833e-04  6.24764716e+00  1.56143668e+00  7.63790883e-01 
 1.43133833e-04  6.26331386e+00  1.56535507e+00  7.68020026e-01 
 1.43633833e-04  6.27891875e+00  1.56925802e+00  7.72249481e-01 
 1.44133833e-04  6.29446167e+00  1.57314547e+00  7.76479156e-01 
 1.44633833e-04  6.30994247e+00  1.57701740e+00  7.80708962e-01 
 1.45133833e-04  6.32536099e+00  1.58087377e+00  7.84938809e-01 
 1.45633833e-04  6.34071708e+00  1.58471454e+00  7.89168608e-01 
 1.46133833e-04  6.35601058e+00  1.58853966e+00  7.93398270e-01 
 1.46633833e-04  6.37124136e+00  1.59234911e+00  7.97627707e-01 
 1.47133833e-04  6.38640926e+00  1.59614284e+00  8.01856830e-01 
 1.47633833e-04  6.40151413e+00  1.59992081e+00  8.06085550e-01 
 1.48133833e-04  6.41655581e+00  1.60368300e+00  8.10313781e-01 
 1.48633833e-04  6.43153417e+00  1.60742936e+00  8.14541434e-01 
 1.49133833e-04  6.44644905e+00  1.61115985e+00  8.18768423e-01 
 1.49633833e-04  6.46130030e+00  1.61487445e+00  8.22994660e-01 
 1.50133833e-04  6.47608779e+00  1.61857310e+00  8.27220058e-01 
 1.50633833e-04  6.49081136e+00  1.62225578e+00  8.31444532e-01 
 1.51133833e-04  6.50547087e+00  1.62592245e+00  8.35667996e-01 
 1.51633833e-04  6.52006617e+00  1.62957308e+00  8.39890362e-01 
 1.52133833e-04  6.53459712e+00  1.63320762e+00  8.44111547e-01 
 1.52633833e-04  6.54906357e+00  1.63682604e+00  8.48331465e-01 
 1.53133833e-04  6.56346540e+00  1.64042830e+00  8.52550030e-01 
 1.53633833e-04  6.57780244e+00  1.64401438e+00  8.56767158e-01 
 1.54133833e-04  6.59207456e+00  1.64758423e+00  8.60982764e-01 
 1.54633833e-04  6.60628162e+00  1.65113782e+00  8.65196766e-01 
 1.55133833e-04  6.62042348e+00  1.65467511e+00  8.69409077e-01 
 1.55633833e-04  6.63449999e+00  1.65819608e+00  8.73619616e-01 
 1.56133833e-04  6.64851103e+00  1.66170068e+00  8.77828298e-01 
 1.56633833e-04  6.66245645e+00  1.66518887e+00  8.82035041e-01 
 1.57133833e-04  6.67633612e+00  1.66866064e+00  8.86239762e-01 
 1.57633833e-04  6.69014989e+00  1.67211593e+00  8.90442378e-01 
 1.58133833e-04  6.70389763e+00  1.67555472e+00  8.94642808e-01 
 1.58633833e-04  6.71757921e+00  1.67897698e+00  8.98840968e-01 
 1.59133833e-04  6.73119449e+00  1.68238266e+00  9.03036778e-01 
 1.59633833e-04  6.74474333e+00  1.68577174e+00  9.07230157e-01 
 1.60133833e-04  6.75822561e+00  1.68914418e+00  9.11421022e-01 
 1.60633833e-04  6.77164118e+00  1.69249995e+00  9.15609293e-01 
 1.61133833e-04  6.78498992e+00  1.69583902e+00  9.19794890e-01 
 1.61633833e-04  6.79827170e+00  1.69916135e+00  9.23977732e-01 
 1.62133833e-04  6.81148638e+00  1.70246691e+00  9.28157739e-01 
 1.62633833e-04  6.82463383e+00  1.70575567e+00  9.32334832e-01 
 1.63133833e-04  6.83771393e+00  1.70902759e+00  9.36508930e-01 
 1.63633833e-04  6.85072654e+00  1.71228265e+00  9.40679954e-01 
 1.64133833e-04  6.86367154e+00  1.71552081e+00  9.44847827e-01 
 1.64633833e-04  6.87654879e+00  1.71874203e+00  9.49012468e-01 
 1.65133833e-04  6.88935818e+00  1.72194630e+00  9.53173799e-01 
 1.65633833e-04  6.90209957e+00  1.72513356e+00  9.57331742e-01 
 1.66133833e-04  6.91477285e+00  1.72830381e+00  9.61486219e-01 
 1.66633833e-04  6.92737787e+00  1.73145699e+00  9.65637153e-01 
 1.67133833e-04  6.93991453e+00  1.73459309e+00  9.69784465e-01 
 1.67633833e-04  6.95238269e+00  1.73771206e+00  9.73928079e-01 
 1.68133833e-04  6.96478223e+00  1.74081389e+00  9.78067918e-01 
 1.68633833e-04  6.97711303e+00  1.74389854e+00  9.82203905e-01 
 1.69133833e-04  6.98937498e+00  1.74696597e+00  9.86335964e-01 
 1.69633833e-04  7.00156794e+00  1.75001617e+00  9.90464019e-01 
 1.70133833e-04  7.01369179e+00  1.75304909e+00  9.94587993e-01 
 1.70633833e-04  7.02574643e+00  1.75606471e+00  9.98707811e-01 
 1.71133833e-04  7.03773172e+00  1.75906300e+00  1.00282340e+00 
 1.71633833e-04  7.04964756e+00  1.76204392e+00  1.00693468e+00 
 1.72133833e-04  7.06149381e+00  1.76500746e+00  1.01104158e+00 
 1.72633833e-04  7.07327038e+00  1.76795358e+00  1.01514402e+00 
 1.73133833e-04  7.08497713e+00  1.77088225e+00  1.01924193e+00 
 1.73633833e-04  7.09661396e+00  1.77379344e+00  1.02333524e+00 
 1.74133833e-04  7.10818074e+00  1.77668713e+00  1.02742387e+00 
 1.74633833e-04  7.11967737e+00  1.77956328e+00  1.03150775e+00 
 1.75133833e-04  7.13110374e+00  1.78242187e+00  1.03558680e+00 
 1.75633833e-04  7.14245972e+00  1.78526286e+00  1.03966096e+00 
 1.76133833e-04  7.15374521e+00  1.78808624e+00  1.04373014e+00 
 1.76633833e-04  7.16496009e+00  1.79089197e+00  1.04779428e+00 
 1.77133833e-04  7.17610426e+00  1.79368003e+00  1.05185330e+00 
 1.77633833e-04  7.18717761e+00  1.79645038e+00  1.05590714e+00 
 1.78133833e-04  7.19818001e+00  1.79920300e+00  1.05995571e+00 
 1.78633833e-04  7.20911138e+00  1.80193787e+00  1.06399896e+00 
 1.79133833e-04  7.21997160e+00  1.80465495e+00  1.06803679e+00 
 1.79633833e-04  7.23076055e+00  1.80735422e+00  1.07206916e+00 
 1.80133833e-04  7.24147814e+00  1.81003565e+00  1.07609598e+00 
 1.80633833e-04  7.25212427e+00  1.81269922e+00  1.08011718e+00 
 1.81133833e-04  7.26269881e+00  1.81534490e+00  1.08413270e+00 
 1.81633833e-04  7.27320168e+00  1.81797267e+00  1.08814246e+00 
 1.82133833e-04  7.28363276e+00  1.82058249e+00  1.09214640e+00 
 1.82633833e-04  7.29399196e+00  1.82317434e+00  1.09614444e+00 
 1.83133833e-04  7.30427916e+00  1.82574820e+00  1.10013651e+00 
 1.83633833e-04  7.31449428e+00  1.82830404e+00  1.10412255e+00 
 1.84133833e-04  7.32463721e+00  1.83084184e+00  1.10810249e+00 
 1.84633833e-04  7.33470784e+00  1.83336157e+00  1.11207625e+00 
 1.85133833e-04  7.34470609e+00  1.83586320e+00  1.11604378e+00 
 1.85633833e-04  7.35463184e+00  1.83834672e+00  1.12000499e+00 
 1.86133833e-04  7.36448501e+00  1.84081209e+00  1.12395983e+00 
 1.86633833e-04  7.37426549e+00  1.84325929e+00  1.12790822e+00 
 1.87133833e-04  7.38397319e+00  1.84568830e+00  1.13185010e+00 
 1.87633833e-04  7.39360802e+00  1.84809910e+00  1.13578541e+00 
 1.88133833e-04  7.40316987e+00  1.85049166e+00  1.13971406e+00 
 1.88633833e-04  7.41265866e+00  1.85286595e+00  1.14363601e+00 
 1.89133833e-04  7.42207429e+00  1.85522196e+00  1.14755117e+00 
 1.89633833e-04  7.43141666e+00  1.85755966e+00  1.15145949e+00 
 1.90133833e-04  7.44068569e+00  1.85987902e+00  1.15536089e+00 
 1.90633833e-04  7.44988128e+00  1.86218003e+00  1.15925532e+00 
 1.91133833e-04  7.45900335e+00  1.86446266e+00  1.16314271e+00 
 1.91633833e-04  7.46805179e+00  1.86672689e+00  1.16702298e+00 
 1.92133833e-04  7.47702654e+00  1.86897270e+00  1.17089608e+00 
 1.92633833e-04  7.48592748e+00  1.87120006e+00  1.17476195e+00 
 1.93133833e-04  7.49475454e+00  1.87340896e+00  1.17862051e+00 
 1.93633833e-04  7.50350764e+00  1.87559936e+00  1.18247170e+00 
 1.94133833e-04  7.51218667e+00  1.87777125e+00  1.18631546e+00 
 1.94633833e-04  7.52079157e+00  1.87992462e+00  1.19015173e+00 
 1.95133833e-04  7.52932223e+00  1.88205942e+00  1.19398043e+00 
 1.95633833e-04  7.53777859e+00  1.88417566e+00  1.19780152e+00 
 1.96133833e-04  7.54616055e+00  1.88627330e+00  1.20161491e+00 
 1.96633833e-04  7.55446803e+00  1.88835232e+00  1.20542056e+00 
 1.97133833e-04  7.56270095e+00  1.89041270e+00  1.20921840e+00 
 1.97633833e-04  7.57085924e+00  1.89245443e+00  1.21300836e+00 
 1.98133833e-04  7.57894280e+00  1.89447748e+00  1.21679038e+00 
 1.98633833e-04  7.58695156e+00  1.89648184e+00  1.22056441e+00 
 1.99133833e-04  7.59488544e+00  1.89846747e+00  1.22433037e+00 
 1.99633833e-04  7.60274436e+00  1.90043437e+00  1.22808821e+00 
 2.00133833e-04  7.61052825e+00  1.90238252e+00  1.23183787e+00 
 2.00633833e-04  7.61823702e+00  1.90431189e+00  1.23557929e+00 
 2.01133833e-04  7.62587060e+00  1.90622246e+00  1.23931239e+00 
 2.01633833e-04  7.63342892e+00  1.90811422e+00  1.24303713e+00 
 2.02133833e-04  7.64091190e+00  1.90998716e+00  1.24675345e+00 
 2.02633833e-04  7.64831947e+00  1.91184124e+00  1.25046128e+00 
 2.03133833e-04  7.65565155e+00  1.91367645e+00  1.25416056e+00 
 2.03633833e-04  7.66290808e+00  1.91549277e+00  1.25785123e+00 
 2.04133833e-04  7.67008897e+00  1.91729019e+00  1.26153323e+00 
 2.04633833e-04  7.67719416e+00  1.91906869e+00  1.26520651e+00 
 2.05133833e-04  7.68422359e+00  1.92082825e+00  1.26887101e+00 
 2.05633833e-04  7.69117717e+00  1.92256885e+00  1.27252666e+00 
 2.06133833e-04  7.69805484e+00  1.92429048e+00  1.27617341e+00 
 2.06633833e-04  7.70485654e+00  1.92599311e+00  1.27981119e+00 
 2.07133833e-04  7.71158219e+00  1.92767674e+00  1.28343996e+00 
 2.07633833e-04  7.71823173e+00  1.92934134e+00  1.28705965e+00 
 2.08133833e-04  7.72480510e+00  1.93098691e+00  1.29067021e+00 
 2.08633833e-04  7.73130223e+00  1.93261341e+00  1.29427157e+00 
 2.09133833e-04  7.73772305e+00  1.93422084e+00  1.29786368e+00 
 2.09633833e-04  7.74406750e+00  1.93580918e+00  1.30144649e+00 
 2.10133833e-04  7.75033552e+00  1.93737842e+00  1.30501993e+00 
 2.10633833e-04  7.75652705e+00  1.93892853e+00  1.30858396e+00 
 2.11133833e-04  7.76264203e+00  1.94045951e+00  1.31213850e+00 
 2.11633833e-04  7.76868039e+00  1.94197134e+00  1.31568352e+00 
 2.12133833e-04  7.77464208e+00  1.94346400e+00  1.31921894e+00 
 2.12633833e-04  7.78052704e+00  1.94493749e+00  1.32274472e+00 
 2.13133833e-04  7.78633520e+00  1.94639177e+00  1.32626080e+00 
 2.13633833e-04  7.79206652e+00  1.94782685e+00  1.32976712e+00 
 2.14133833e-04  7.79772093e+00  1.94924270e+00  1.33326364e+00 
 2.14633833e-04  7.80329838e+00  1.95063932e+00  1.33675029e+00 
 2.15133833e-04  7.80879882e+00  1.95201669e+00  1.34022701e+00 
 2.15633833e-04  7.81422219e+00  1.95337479e+00  1.34369377e+00 
 2.16133833e-04  7.81956843e+00  1.95471361e+00  1.34715050e+00 
 2.16633833e-04  7.82483750e+00  1.95603314e+00  1.35059714e+00 
 2.17133833e-04  7.83002934e+00  1.95733336e+00  1.35403365e+00 
 2.17633833e-04  7.83514390e+00  1.95861427e+00  1.35745996e+00 
 2.18133833e-04  7.84018113e+00  1.95987585e+00  1.36087604e+00 
 2.18633833e-04  7.84514098e+00  1.96111808e+00  1.36428182e+00 
 2.19133833e-04  7.85002340e+00  1.96234096e+00  1.36767725e+00 
 2.19633833e-04  7.85482835e+00  1.96354447e+00  1.37106228e+00 
 2.20133833e-04  7.85955577e+00  1.96472861e+00  1.37443685e+00 
 2.20633833e-04  7.86420562e+00  1.96589335e+00  1.37780092e+00 
 2.21133833e-04  7.86877786e+00  1.96703869e+00  1.38115443e+00 
 2.21633833e-04  7.87327243e+00  1.96816462e+00  1.38449733e+00 
 2.22133833e-04  7.87768930e+00  1.96927112e+00  1.38782957e+00 
 2.22633833e-04  7.88202842e+00  1.97035819e+00  1.39115110e+00 
 2.23133833e-04  7.88628974e+00  1.97142581e+00  1.39446186e+00 
 2.23633833e-04  7.89047323e+00  1.97247398e+00  1.39776181e+00 
 2.24133833e-04  7.89457885e+00  1.97350268e+00  1.40105089e+00 
 2.24633833e-04  7.89860655e+00  1.97451190e+00  1.40432906e+00 
 2.25133833e-04  7.90255629e+00  1.97550163e+00  1.40759626e+00 
 2.25633833e-04  7.90642804e+00  1.97647187e+00  1.41085245e+00 
 2.26133833e-04  7.91022175e+00  1.97742260e+00  1.41409757e+00 
 2.26633833e-04  7.91393740e+00  1.97835381e+00  1.41733157e+00 
 2.27133833e-04  7.91757493e+00  1.97926550e+00  1.42055442e+00 
 2.27633833e-04  7.92113433e+00  1.98015766e+00  1.42376604e+00 
 2.28133833e-04  7.92461554e+00  1.98103027e+00  1.42696641e+00 
 2.28633833e-04  7.92801854e+00  1.98188333e+00  1.43015546e+00 
 2.29133833e-04  7.93134330e+00  1.98271683e+00  1.43333315e+00 
 2.29633833e-04  7.93458978e+00  1.98353076e+00  1.43649944e+00 
 2.30133833e-04  7.93775794e+00  1.98432512e+00  1.43965427e+00 
 2.30633833e-04  7.94084776e+00  1.98509989e+00  1.44279759e+00 
 2.31133833e-04  7.94385921e+00  1.98585507e+00  1.44592936e+00 
 2.31633833e-04  7.94679226e+00  1.98659065e+00  1.44904954e+00 
 2.32133833e-04  7.94964688e+00  1.98730663e+00  1.45215806e+00 
 2.32633833e-04  7.95242303e+00  1.98800299e+00  1.45525490e+00 
 2.33133833e-04  7.95512070e+00  1.98867973e+00  1.45833999e+00 
 2.33633833e-04  7.95773986e+00  1.98933684e+00  1.46141330e+00 
 2.34133833e-04  7.96028047e+00  1.98997432e+00  1.46447478e+00 
 2.34633833e-04  7.96274252e+00  1.99059216e+00  1.46752438e+00 
 2.35133833e-04  7.96512598e+00  1.99119036e+00  1.47056205e+00 
 2.35633833e-04  7.96743083e+00  1.99176890e+00  1.47358775e+00 
 2.36133833e-04  7.96965704e+00  1.99232778e+00  1.47660143e+00 
 2.36633833e-04  7.97180460e+00  1.99286700e+00  1.47960306e+00 
 2.37133833e-04  7.97387348e+00  1.99338656e+00  1.48259258e+00 
 2.37633833e-04  7.97586366e+00  1.99388644e+00  1.48556994e+00 
 2.38133833e-04  7.97777512e+00  1.99436664e+00  1.48853512e+00 
 2.38633833e-04  7.97960784e+00  1.99482715e+00  1.49148805e+00 
 2.39133833e-04  7.98136181e+00  1.99526798e+00  1.49442869e+00 
 2.39633833e-04  7.98303700e+00  1.99568912e+00  1.49735701e+00 
 2.40133833e-04  7.98463341e+00  1.99609056e+00  1.50027296e+00 
 2.40633833e-04  7.98615101e+00  1.99647230e+00  1.50317649e+00 
 2.41133833e-04  7.98758979e+00  1.99683433e+00  1.50606756e+00 
 2.41633833e-04  7.98894973e+00  1.99717666e+00  1.50894613e+00 
 2.42133833e-04  7.99023083e+00  1.99749928e+00  1.51181216e+00 
 2.42633833e-04  7.99143307e+00  1.99780218e+00  1.51466560e+00 
 2.43133833e-04  7.99255643e+00  1.99808536e+00  1.51750641e+00 
 2.43633833e-04  7.99360091e+00  1.99834883e+00  1.52033454e+00 
 2.44133833e-04  7.99456650e+00  1.99859257e+00  1.52314996e+00 
 2.44633833e-04  7.99545319e+00  1.99881658e+00  1.52595263e+00 
 2.45133833e-04  7.99626096e+00  1.99902087e+00  1.52874250e+00 
 2.45633833e-04  7.99698981e+00  1.99920543e+00  1.53151953e+00 
 2.46133833e-04  7.99763974e+00  1.99937026e+00  1.53428367e+00 
 2.46633833e-04  7.99821073e+00  1.99951535e+00  1.53703490e+00 
 2.47133833e-04  7.99870279e+00  1.99964071e+00  1.53977316e+00 
 2.47633833e-04  7.99911590e+00  1.99974634e+00  1.54249843e+00 
 2.48133833e-04  7.99945006e+00  1.99983223e+00  1.54521064e+00 
 2.48633833e-04  7.99970527e+00  1.99989838e+00  1.54790978e+00 
 2.49133833e-04  7.99988153e+00  1.99994479e+00  1.55059579e+00 
 2.49633833e-04  7.99997883e+00  1.99997146e+00  1.55326864e+00 
 2.50133833e-04  7.99999717e+00  1.99997840e+00  1.55592829e+00 
 2.50633833e-04  7.99993656e+00  1.99996559e+00  1.55857469e+00 
 2.51133833e-04  7.99979699e+00  1.99993305e+00  1.56120781e+00 
 2.51633833e-04  7.99957847e+00  1.99988077e+00  1.56382762e+00 
 2.52133833e-04  7.99928099e+00  1.99980874e+00  1.56643406e+00 
 2.52633833e-04  7.99890457e+00  1.99971699e+00  1.56902711e+00 
 2.53133833e-04  7.99844919e+00  1.99960549e+00  1.57160673e+00 
 2.53633833e-04  7.99791488e+00  1.99947426e+00  1.57417287e+00 
 2.54133833e-04  7.99730163e+00  1.99932330e+00  1.57672550e+00 
 2.54633833e-04  7.99660945e+00  1.99915260e+00  1.57926458e+00 
 2.55133833e-04  7.99583835e+00  1.99896217e+00  1.58179007e+00 
 2.55633833e-04  7.99498833e+00  1.99875201e+00  1.58430194e+00 
 2.56133833e-04  7.99405941e+00  1.99852213e+00  1.58680015e+00 
 2.56633833e-04  7.99305158e+00  1.99827252e+00  1.58928467e+00 
 2.57133833e-04  7.99196487e+00  1.99800319e+00  1.59175545e+00 
 2.57633833e-04  7.99079928e+00  1.99771414e+00  1.59421246e+00 
 2.58133833e-04  7.98955483e+00  1.99740537e+00  1.59665566e+00 
 2.58633833e-04  7.98823152e+00  1.99707689e+00  1.59908502e+00 
 2.59133833e-04  7.98682937e+00  1.99672869e+00  1.60150051e+00 
 2.59633833e-04  7.98534839e+00  1.99636079e+00  1.60390208e+00 
 2.60133833e-04  7.98378860e+00  1.99597319e+00  1.60628970e+00 
 2.60633833e-04  7.98215002e+00  1.99556589e+00  1.60866334e+00 
 2.61133833e-04  7.98043265e+00  1.99513889e+00  1.61102296e+00 
 2.61633833e-04  7.97863652e+00  1.99469219e+00  1.61336852e+00 
 2.62133833e-04  7.97676165e+00  1.99422582e+00  1.61570000e+00 
 2.62633833e-04  7.97480804e+00  1.99373975e+00  1.61801736e+00 
 2.63133833e-04  7.97277573e+00  1.99323402e+00  1.62032056e+00 
 2.63633833e-04  7.97066473e+00  1.99270860e+00  1.62260957e+00 
 2.64133833e-04  7.96847507e+00  1.99216352e+00  1.62488436e+00 
 2.64633833e-04  7.96620675e+00  1.99159878e+00  1.62714489e+00 
 2.65133833e-04  7.96385982e+00  1.99101438e+00  1.62939112e+00 
 2.65633833e-04  7.96143428e+00  1.99041033e+00  1.63162304e+00 
 2.66133833e-04  7.95893017e+00  1.98978664e+00  1.63384060e+00 
 2.66633833e-04  7.95634751e+00  1.98914331e+00  1.63604377e+00 
 2.67133833e-04  7.95368632e+00  1.98848034e+00  1.63823252e+00 
 2.67633833e-04  7.95094663e+00  1.98779775e+00  1.64040681e+00 
 2.68133833e-04  7.94812847e+00  1.98709554e+00  1.64256662e+00 
 2.68633833e-04  7.94523187e+00  1.98637371e+00  1.64471192e+00 
 2.69133833e-04  7.94225684e+00  1.98563228e+00  1.64684266e+00 
 2.69633833e-04  7.93920343e+00  1.98487126e+00  1.64895883e+00 
 2.70133833e-04  7.93607167e+00  1.98409064e+00  1.65106038e+00 
 2.70633833e-04  7.93286158e+00  1.98329044e+00  1.65314729e+00 
 2.71133833e-04  7.92957319e+00  1.98247066e+00  1.65521953e+00 
 2.71633833e-04  7.92620654e+00  1.98163132e+00  1.65727706e+00 
 2.72133833e-04  7.92276167e+00  1.98077242e+00  1.65931986e+00 
 2.72633833e-04  7.91923860e+00  1.97989397e+00  1.66134790e+00 
 2.73133833e-04  7.91563737e+00  1.97899598e+00  1.66336114e+00 
 2.73633833e-04  7.91195801e+00  1.97807845e+00  1.66535956e+00 
 2.74133833e-04  7.90820057e+00  1.97714140e+00  1.66734312e+00 
 2.74633833e-04  7.90436508e+00  1.97618484e+00  1.66931180e+00 
 2.75133833e-04  7.90045157e+00  1.97520877e+00  1.67126558e+00 
 2.75633833e-04  7.89646009e+00  1.97421321e+00  1.67320441e+00 
 2.76133833e-04  7.89239068e+00  1.97319816e+00  1.67512827e+00 
 2.76633833e-04  7.88824337e+00  1.97216364e+00  1.67703713e+00 
 2.77133833e-04  7.88401820e+00  1.97110965e+00  1.67893097e+00 
 2.77633833e-04  7.87971523e+00  1.97003621e+00  1.68080976e+00 
 2.78133833e-04  7.87533448e+00  1.96894332e+00  1.68267346e+00 
 2.78633833e-04  7.87087601e+00  1.96783100e+00  1.68452205e+00 
 2.79133833e-04  7.86633986e+00  1.96669926e+00  1.68635551e+00 
 2.79633833e-04  7.86172607e+00  1.96554810e+00  1.68817380e+00 
 2.80133833e-04  7.85703468e+00  1.96437755e+00  1.68997691e+00 
 2.80633833e-04  7.85226576e+00  1.96318761e+00  1.69176479e+00 
 2.81133833e-04  7.84741933e+00  1.96197829e+00  1.69353743e+00 
 2.81633833e-04  7.84249545e+00  1.96074960e+00  1.69529480e+00 
 2.82133833e-04  7.83749417e+00  1.95950157e+00  1.69703687e+00 
 2.82633833e-04  7.83241553e+00  1.95823419e+00  1.69876362e+00 
 2.83133833e-04  7.82725960e+00  1.95694748e+00  1.70047501e+00 
 2.83633833e-04  7.82202641e+00  1.95564146e+00  1.70217104e+00 
 2.84133833e-04  7.81671602e+00  1.95431614e+00  1.70385166e+00 
 2.84633833e-04  7.81132848e+00  1.95297153e+00  1.70551686e+00 
 2.85133833e-04  7.80586385e+00  1.95160765e+00  1.70716661e+00 
 2.85633833e-04  7.80032218e+00  1.95022450e+00  1.70880089e+00 
 2.86133833e-04  7.79470352e+00  1.94882210e+00  1.71041966e+00 
 2.86633833e-04  7.78900793e+00  1.94740047e+00  1.71202291e+00 
 2.87133833e-04  7.78323547e+00  1.94595961e+00  1.71361062e+00 
 2.87633833e-04  7.77738619e+00  1.94449955e+00  1.71518275e+00 
 2.88133833e-04  7.77146015e+00  1.94302030e+00  1.71673928e+00 
 2.88633833e-04  7.76545741e+00  1.94152187e+00  1.71828020e+00 
 2.89133833e-04  7.75937803e+00  1.94000428e+00  1.71980547e+00 
 2.89633833e-04  7.75322206e+00  1.93846753e+00  1.72131508e+00 
 2.90133833e-04  7.74698957e+00  1.93691166e+00  1.72280900e+00 
 2.90633833e-04  7.74068063e+00  1.93533667e+00  1.72428721e+00 
 2.91133833e-04  7.73429528e+00  1.93374258e+00  1.72574969e+00 
 2.91633833e-04  7.72783361e+00  1.93212940e+00  1.72719640e+00 
 2.92133833e-04  7.72129566e+00  1.93049715e+00  1.72862734e+00 
 2.92633833e-04  7.71468150e+00  1.92884585e+00  1.73004248e+00 
 2.93133833e-04  7.70799121e+00  1.92717550e+00  1.73144180e+00 
 2.93633833e-04  7.70122484e+00  1.92548614e+00  1.73282528e+00 
 2.94133833e-04  7.69438246e+00  1.92377778e+00  1.73419289e+00 
 2.94633833e-04  7.68746414e+00  1.92205042e+00  1.73554461e+00 
 2.95133833e-04  7.68046995e+00  1.92030410e+00  1.73688043e+00 
 2.95633833e-04  7.67339996e+00  1.91853882e+00  1.73820032e+00 
 2.96133833e-04  7.66625423e+00  1.91675460e+00  1.73950426e+00 
 2.96633833e-04  7.65903284e+00  1.91495147e+00  1.74079223e+00 
 2.97133833e-04  7.65173586e+00  1.91312944e+00  1.74206422e+00 
 2.97633833e-04  7.64436336e+00  1.91128852e+00  1.74332019e+00 
 2.98133833e-04  7.63691541e+00  1.90942874e+00  1.74456014e+00 
 2.98633833e-04  7.62939209e+00  1.90755011e+00  1.74578405e+00 
 2.99133833e-04  7.62179347e+00  1.90565266e+00  1.74699188e+00 
 2.99633833e-04  7.61411963e+00  1.90373639e+00  1.74818363e+00 
 3.00133833e-04  7.60637064e+00  1.90180134e+00  1.74935928e+00 
 3.00633833e-04  7.59854657e+00  1.89984752e+00  1.75051880e+00 
 3.01133833e-04  7.59064751e+00  1.89787494e+00  1.75166218e+00 
 3.01633833e-04  7.58267354e+00  1.89588363e+00  1.75278940e+00 
 3.02133833e-04  7.57462472e+00  1.89387361e+00  1.75390044e+00 
 3.02633833e-04  7.56650115e+00  1.89184490e+00  1.75499529e+00 
 3.03133833e-04  7.55830290e+00  1.88979751e+00  1.75607392e+00 
 3.03633833e-04  7.55003005e+00  1.88773148e+00  1.75713632e+00 
 3.04133833e-04  7.54168269e+00  1.88564681e+00  1.75818248e+00 
 3.04633833e-04  7.53326089e+00  1.88354352e+00  1.75921237e+00 
 3.05133833e-04  7.52476475e+00  1.88142165e+00  1.76022597e+00 
 3.05633833e-04  7.51619433e+00  1.87928121e+00  1.76122328e+00 
 3.06133833e-04  7.50754974e+00  1.87712222e+00  1.76220428e+00 
 3.06633833e-04  7.49883105e+00  1.87494470e+00  1.76316894e+00 
 3.07133833e-04  7.49003835e+00  1.87274868e+00  1.76411725e+00 
 3.07633833e-04  7.48117172e+00  1.87053417e+00  1.76504920e+00 
 3.08133833e-04  7.47223126e+00  1.86830121e+00  1.76596478e+00 
 3.08633833e-04  7.46321705e+00  1.86604980e+00  1.76686395e+00 
 3.09133833e-04  7.45412918e+00  1.86377997e+00  1.76774672e+00 
 3.09633833e-04  7.44496774e+00  1.86149175e+00  1.76861307e+00 
 3.10133833e-04  7.43573283e+00  1.85918515e+00  1.76946297e+00 
 3.10633833e-04  7.42642452e+00  1.85686020e+00  1.77029642e+00 
 3.11133833e-04  7.41704292e+00  1.85451693e+00  1.77111340e+00 
 3.11633833e-04  7.40758812e+00  1.85215535e+00  1.77191390e+00 
 3.12133833e-04  7.39806021e+00  1.84977550e+00  1.77269790e+00 
 3.12633833e-04  7.38845928e+00  1.84737738e+00  1.77346539e+00 
 3.13133833e-04  7.37878543e+00  1.84496103e+00  1.77421636e+00 
 3.13633833e-04  7.36903875e+00  1.84252647e+00  1.77495079e+00 
 3.14133833e-04  7.35921934e+00  1.84007373e+00  1.77566867e+00 
 3.14633833e-04  7.34932731e+00  1.83760282e+00  1.77636999e+00 
 3.15133833e-04  7.33936273e+00  1.83511378e+00  1.77705472e+00 
 3.15633833e-04  7.32932572e+00  1.83260662e+00  1.77772287e+00 
 3.16133833e-04  7.31921638e+00  1.83008138e+00  1.77837442e+00 
 3.16633833e-04  7.30903479e+00  1.82753807e+00  1.77900935e+00 
 3.17133833e-04  7.29878107e+00  1.82497673e+00  1.77962766e+00 
 3.17633833e-04  7.28845531e+00  1.82239737e+00  1.78022933e+00 
 3.18133833e-04  7.27805762e+00  1.81980003e+00  1.78081435e+00 
 3.18633833e-04  7.26758810e+00  1.81718472e+00  1.78138271e+00 
 3.19133833e-04  7.25704685e+00  1.81455148e+00  1.78193440e+00 
 3.19633833e-04  7.24643397e+00  1.81190033e+00  1.78246940e+00 
 3.20133833e-04  7.23574958e+00  1.80923130e+00  1.78298771e+00 
 3.20633833e-04  7.22499377e+00  1.80654441e+00  1.78348932e+00 
 3.21133833e-04  7.21416665e+00  1.80383969e+00  1.78397421e+00 
 3.21633833e-04  7.20326833e+00  1.80111716e+00  1.78444237e+00 
 3.22133833e-04  7.19229892e+00  1.79837686e+00  1.78489380e+00 
 3.22633833e-04  7.18125853e+00  1.79561881e+00  1.78532848e+00 
 3.23133833e-04  7.17014725e+00  1.79284303e+00  1.78574641e+00 
 3.23633833e-04  7.15896522e+00  1.79004956e+00  1.78614758e+00 
 3.24133833e-04  7.14771252e+00  1.78723842e+00  1.78653197e+00 
 3.24633833e-04  7.13638928e+00  1.78440965e+00  1.78689958e+00 
 3.25133833e-04  7.12499561e+00  1.78156326e+00  1.78725039e+00 
 3.25633833e-04  7.11353161e+00  1.77869928e+00  1.78758441e+00 
 3.26133833e-04  7.10199741e+00  1.77581775e+00  1.78790162e+00 
 3.26633833e-04  7.09039312e+00  1.77291870e+00  1.78820201e+00 
 3.27133833e-04  7.07871884e+00  1.77000214e+00  1.78848558e+00 
 3.27633833e-04  7.06697470e+00  1.76706812e+00  1.78875231e+00 
 3.28133833e-04  7.05516082e+00  1.76411665e+00  1.78900221e+00 
 3.28633833e-04  7.04327730e+00  1.76114777e+00  1.78923525e+00 
 3.29133833e-04  7.03132427e+00  1.75816151e+00  1.78945144e+00 
 3.29633833e-04  7.01930184e+00  1.75515790e+00  1.78965077e+00 
 3.30133833e-04  7.00721013e+00  1.75213696e+00  1.78983323e+00 
 3.30633833e-04  6.99504926e+00  1.74909873e+00  1.78999882e+00 
 3.31133833e-04  6.98281936e+00  1.74604324e+00  1.79014752e+00 
 3.31633833e-04  6.97052054e+00  1.74297051e+00  1.79027933e+00 
 3.32133833e-04  6.95815292e+00  1.73988058e+00  1.79039425e+00 
 3.32633833e-04  6.94571663e+00  1.73677348e+00  1.79049227e+00 
 3.33133833e-04  6.93321179e+00  1.73364924e+00  1.79057338e+00 
 3.33633833e-04  6.92063852e+00  1.73050788e+00  1.79063758e+00 
 3.34133833e-04  6.90799694e+00  1.72734945e+00  1.79068486e+00 
 3.34633833e-04  6.89528719e+00  1.72417396e+00  1.79071522e+00 
 3.35133833e-04  6.88250938e+00  1.72098146e+00  1.79072865e+00 
 3.35633833e-04  6.86966365e+00  1.71777198e+00  1.79072516e+00 
 3.36133833e-04  6.85675011e+00  1.71454554e+00  1.79070472e+00 
 3.36633833e-04  6.84376890e+00  1.71130217e+00  1.79066735e+00 
 3.37133833e-04  6.83072015e+00  1.70804192e+00  1.79061303e+00 
 3.37633833e-04  6.81760397e+00  1.70476481e+00  1.79054176e+00 
 3.38133833e-04  6.80442052e+00  1.70147087e+00  1.79045354e+00 
 3.38633833e-04  6.79116990e+00  1.69816014e+00  1.79034836e+00 
 3.39133833e-04  6.77785226e+00  1.69483264e+00  1.79022622e+00 
 3.39633833e-04  6.76446772e+00  1.69148842e+00  1.79008712e+00 
 3.40133833e-04  6.75101643e+00  1.68812751e+00  1.78993106e+00 
 3.40633833e-04  6.73749850e+00  1.68474993e+00  1.78975802e+00 
 3.41133833e-04  6.72391407e+00  1.68135573e+00  1.78956802e+00 
 3.41633833e-04  6.71026329e+00  1.67794493e+00  1.78936104e+00 
 3.42133833e-04  6.69654627e+00  1.67451757e+00  1.78913709e+00 
 3.42633833e-04  6.68276317e+00  1.67107368e+00  1.78889616e+00 
 3.43133833e-04  6.66891410e+00  1.66761330e+00  1.78863825e+00 
 3.43633833e-04  6.65499922e+00  1.66413646e+00  1.78836336e+00 
 3.44133833e-04  6.64101866e+00  1.66064320e+00  1.78807149e+00 
 3.44633833e-04  6.62697255e+00  1.65713354e+00  1.78776263e+00 
 3.45133833e-04  6.61286103e+00  1.65360753e+00  1.78743679e+00 
 3.45633833e-04  6.59868425e+00  1.65006520e+00  1.78709397e+00 
 3.46133833e-04  6.58444235e+00  1.64650658e+00  1.78673415e+00 
 3.46633833e-04  6.57013545e+00  1.64293171e+00  1.78635736e+00 
 3.47133833e-04  6.55576372e+00  1.63934063e+00  1.78596357e+00 
 3.47633833e-04  6.54132728e+00  1.63573336e+00  1.78555280e+00 
 3.48133833e-04  6.52682628e+00  1.63210996e+00  1.78512504e+00 
 3.48633833e-04  6.51226086e+00  1.62847044e+00  1.78468029e+00 
 3.49133833e-04  6.49763117e+00  1.62481485e+00  1.78421856e+00 
 3.49633833e-04  6.48293735e+00  1.62114322e+00  1.78373985e+00 
 3.50133833e-04  6.46817954e+00  1.61745559e+00  1.78324415e+00 
 3.50633833e-04  6.45335790e+00  1.61375200e+00  1.78273146e+00 
 3.51133833e-04  6.43847257e+00  1.61003249e+00  1.78220180e+00 
 3.51633833e-04  6.42352369e+00  1.60629708e+00  1.78165515e+00 
 3.52133833e-04  6.40851141e+00  1.60254581e+00  1.78109152e+00 
 3.52633833e-04  6.39343589e+00  1.59877873e+00  1.78051092e+00 
 3.53133833e-04  6.37829726e+00  1.59499587e+00  1.77991334e+00 
 3.53633833e-04  6.36309568e+00  1.59119727e+00  1.77929879e+00 
 3.54133833e-04  6.34783130e+00  1.58738297e+00  1.77866727e+00 
 3.54633833e-04  6.33250427e+00  1.58355299e+00  1.77801879e+00 
 3.55133833e-04  6.31711474e+00  1.57970739e+00  1.77735333e+00 
 3.55633833e-04  6.30166287e+00  1.57584619e+00  1.77667092e+00 
 3.56133833e-04  6.28614880e+00  1.57196945e+00  1.77597154e+00 
 3.56633833e-04  6.27057268e+00  1.56807718e+00  1.77525522e+00 
 3.57133833e-04  6.25493468e+00  1.56416944e+00  1.77452193e+00 
 3.57633833e-04  6.23923495e+00  1.56024627e+00  1.77377170e+00 
 3.58133833e-04  6.22347363e+00  1.55630769e+00  1.77300453e+00 
 3.58633833e-04  6.20765090e+00  1.55235375e+00  1.77222042e+00 
 3.59133833e-04  6.19176689e+00  1.54838449e+00  1.77141937e+00 
 3.59633833e-04  6.17582178e+00  1.54439995e+00  1.77060139e+00 
 3.60133833e-04  6.15981571e+00  1.54040017e+00  1.76976648e+00 
 3.60633833e-04  6.14374885e+00  1.53638518e+00  1.76891465e+00 
 3.61133833e-04  6.12762135e+00  1.53235503e+00  1.76804590e+00 
 3.61633833e-04  6.11143338e+00  1.52830975e+00  1.76716025e+00 
 3.62133833e-04  6.09518509e+00  1.52424939e+00  1.76625768e+00 
 3.62633833e-04  6.07887664e+00  1.52017399e+00  1.76533822e+00 
 3.63133833e-04  6.06250819e+00  1.51608358e+00  1.76440186e+00 
 3.63633833e-04  6.04607991e+00  1.51197821e+00  1.76344861e+00 
 3.64133833e-04  6.02959196e+00  1.50785792e+00  1.76247848e+00 
 3.64633833e-04  6.01304450e+00  1.50372274e+00  1.76149148e+00 
 3.65133833e-04  5.99643769e+00  1.49957273e+00  1.76048760e+00 
 3.65633833e-04  5.97977170e+00  1.49540791e+00  1.75946687e+00 
 3.66133833e-04  5.96304669e+00  1.49122833e+00  1.75842927e+00 
 3.66633833e-04  5.94626283e+00  1.48703404e+00  1.75737483e+00 
 3.67133833e-04  5.92942028e+00  1.48282507e+00  1.75630354e+00 
 3.67633833e-04  5.91251921e+00  1.47860146e+00  1.75521543e+00 
 3.68133833e-04  5.89555978e+00  1.47436326e+00  1.75411048e+00 
 3.68633833e-04  5.87854217e+00  1.47011051e+00  1.75298872e+00 
 3.69133833e-04  5.86146654e+00  1.46584325e+00  1.75185014e+00 
 3.69633833e-04  5.84433306e+00  1.46156152e+00  1.75069477e+00 
 3.70133833e-04  5.82714190e+00  1.45726536e+00  1.74952260e+00 
 3.70633833e-04  5.80989323e+00  1.45295483e+00  1.74833364e+00 
 3.71133833e-04  5.79258722e+00  1.44862995e+00  1.74712791e+00 
 3.71633833e-04  5.77522403e+00  1.44429078e+00  1.74590541e+00 
 3.72133833e-04  5.75780385e+00  1.43993735e+00  1.74466616e+00 
 3.72633833e-04  5.74032684e+00  1.43556971e+00  1.74341015e+00 
 3.73133833e-04  5.72279317e+00  1.43118790e+00  1.74213741e+00 
 3.73633833e-04  5.70520302e+00  1.42679196e+00  1.74084793e+00 
 3.74133833e-04  5.68755657e+00  1.42238194e+00  1.73954173e+00 
 3.74633833e-04  5.66985398e+00  1.41795789e+00  1.73821883e+00 
 3.75133833e-04  5.65209543e+00  1.41351984e+00  1.73687922e+00 
 3.75633833e-04  5.63428110e+00  1.40906783e+00  1.73552293e+00 
 3.76133833e-04  5.61641116e+00  1.40460192e+00  1.73414996e+00 
 3.76633833e-04  5.59848579e+00  1.40012215e+00  1.73276031e+00 
 3.77133833e-04  5.58050516e+00  1.39562856e+00  1.73135402e+00 
 3.77633833e-04  5.56246946e+00  1.39112120e+00  1.72993107e+00 
 3.78133833e-04  5.54437885e+00  1.38660010e+00  1.72849149e+00 
 3.78633833e-04  5.52623353e+00  1.38206532e+00  1.72703529e+00 
 3.79133833e-04  5.50803366e+00  1.37751690e+00  1.72556248e+00 
 3.79633833e-04  5.48977944e+00  1.37295488e+00  1.72407307e+00 
 3.80133833e-04  5.47147103e+00  1.36837931e+00  1.72256707e+00 
 3.80633833e-04  5.45310862e+00  1.36379024e+00  1.72104450e+00 
 3.81133833e-04  5.43469238e+00  1.35918771e+00  1.71950536e+00 
 3.81633833e-04  5.41622251e+00  1.35457176e+00  1.71794967e+00 
 3.82133833e-04  5.39769919e+00  1.34994244e+00  1.71637745e+00 
 3.82633833e-04  5.37912259e+00  1.34529980e+00  1.71478870e+00 
 3.83133833e-04  5.36049290e+00  1.34064388e+00  1.71318344e+00 
 3.83633833e-04  5.34181031e+00  1.33597473e+00  1.71156168e+00 
 3.84133833e-04  5.32307499e+00  1.33129240e+00  1.70992344e+00 
 3.84633833e-04  5.30428714e+00  1.32659692e+00  1.70826872e+00 
 3.85133833e-04  5.28544694e+00  1.32188835e+00  1.70659755e+00 
 3.85633833e-04  5.26655457e+00  1.31716674e+00  1.70490994e+00 
 3.86133833e-04  5.24761022e+00  1.31243212e+00  1.70320589e+00 
 3.86633833e-04  5.22861408e+00  1.30768455e+00  1.70148544e+00 
 3.87133833e-04  5.20956634e+00  1.30292408e+00  1.69974858e+00 
 3.87633833e-04  5.19046718e+00  1.29815075e+00  1.69799534e+00 
 3.88133833e-04  5.17131679e+00  1.29336460e+00  1.69622573e+00 
 3.88633833e-04  5.15211537e+00  1.28856569e+00  1.69443976e+00 
 3.89133833e-04  5.13286309e+00  1.28375406e+00  1.69263745e+00 
 3.89633833e-04  5.11356016e+00  1.27892976e+00  1.69081882e+00 
 3.90133833e-04  5.09420675e+00  1.27409284e+00  1.68898388e+00 
 3.90633833e-04  5.07480307e+00  1.26924334e+00  1.68713264e+00 
 3.91133833e-04  5.05534930e+00  1.26438131e+00  1.68526513e+00 
 3.91633833e-04  5.03584564e+00  1.25950681e+00  1.68338136e+00 
 3.92133833e-04  5.01629228e+00  1.25461988e+00  1.68148134e+00 
 3.92633833e-04  4.99668941e+00  1.24972056e+00  1.67956510e+00 
 3.93133833e-04  4.97703722e+00  1.24480891e+00  1.67763264e+00 
 3.93633833e-04  4.95733591e+00  1.23988497e+00  1.67568399e+00 
 3.94133833e-04  4.93758567e+00  1.23494880e+00  1.67371916e+00 
 3.94633833e-04  4.91778670e+00  1.23000044e+00  1.67173817e+00 
 3.95133833e-04  4.89793920e+00  1.22503993e+00  1.66974104e+00 
 3.95633833e-04  4.87804335e+00  1.22006734e+00  1.66772778e+00 
 3.96133833e-04  4.85809937e+00  1.21508271e+00  1.66569841e+00 
 3.96633833e-04  4.83810743e+00  1.21008608e+00  1.66365296e+00 
 3.97133833e-04  4.81806774e+00  1.20507751e+00  1.66159143e+00 
 3.97633833e-04  4.79798050e+00  1.20005704e+00  1.65951384e+00 
 3.98133833e-04  4.77784591e+00  1.19502474e+00  1.65742023e+00 
 3.98633833e-04  4.75766416e+00  1.18998063e+00  1.65531059e+00 
 3.99133833e-04  4.73743545e+00  1.18492479e+00  1.65318496e+00 
 3.99633833e-04  4.71715999e+00  1.17985724e+00  1.65104334e+00 
 4.00133833e-04  4.69683797e+00  1.17477806e+00  1.64888577e+00 
 4.00633833e-04  4.67646960e+00  1.16968728e+00  1.64671225e+00 
 4.01133833e-04  4.65605507e+00  1.16458495e+00  1.64452282e+00 
 4.01633833e-04  4.63559459e+00  1.15947113e+00  1.64231748e+00 
 4.02133833e-04  4.61508835e+00  1.15434587e+00  1.64009626e+00 
 4.02633833e-04  4.59453657e+00  1.14920921e+00  1.63785918e+00 
 4.03133833e-04  4.57393944e+00  1.14406121e+00  1.63560625e+00 
 4.03633833e-04  4.55329717e+00  1.13890192e+00  1.63333750e+00 
 4.04133833e-04  4.53260996e+00  1.13373139e+00  1.63105295e+00 
 4.04633833e-04  4.51187801e+00  1.12854967e+00  1.62875262e+00 
 4.05133833e-04  4.49110153e+00  1.12335681e+00  1.62643653e+00 
 4.05633833e-04  4.47028073e+00  1.11815287e+00  1.62410470e+00 
 4.06133833e-04  4.44941581e+00  1.11293789e+00  1.62175715e+00 
 4.06633833e-04  4.42850697e+00  1.10771192e+00  1.61939391e+00 
 4.07133833e-04  4.40755443e+00  1.10247502e+00  1.61701498e+00 
 4.07633833e-04  4.38655839e+00  1.09722724e+00  1.61462041e+00 
 4.08133833e-04  4.36551905e+00  1.09196864e+00  1.61221020e+00 
 4.08633833e-04  4.34443662e+00  1.08669925e+00  1.60978438e+00 
 4.09133833e-04  4.32331132e+00  1.08141914e+00  1.60734298e+00 
 4.09633833e-04  4.30214335e+00  1.07612835e+00  1.60488600e+00 
 4.10133833e-04  4.28093292e+00  1.07082695e+00  1.60241349e+00 
 4.10633833e-04  4.25968024e+00  1.06551498e+00  1.59992545e+00 
 4.11133833e-04  4.23838551e+00  1.06019249e+00  1.59742192e+00 
 4.11633833e-04  4.21704896e+00  1.05485953e+00  1.59490290e+00 
 4.12133833e-04  4.19567078e+00  1.04951617e+00  1.59236844e+00 
 4.12633833e-04  4.17425120e+00  1.04416244e+00  1.58981855e+00 
 4.13133833e-04  4.15279041e+00  1.03879842e+00  1.58725325e+00 
 4.13633833e-04  4.13128864e+00  1.03342414e+00  1.58467257e+00 
 4.14133833e-04  4.10974610e+00  1.02803965e+00  1.58207653e+00 
 4.14633833e-04  4.08816299e+00  1.02264503e+00  1.57946516e+00 
 4.15133833e-04  4.06653954e+00  1.01724031e+00  1.57683847e+00 
 4.15633833e-04  4.04487595e+00  1.01182555e+00  1.57419650e+00 
 4.16133833e-04  4.02317244e+00  1.00640080e+00  1.57153927e+00 
 4.16633833e-04  4.00142922e+00  1.00096612e+00  1.56886680e+00 
 4.17133833e-04  3.97964651e+00  9.95521567e-01  1.56617912e+00 
 4.17633833e-04  3.95782453e+00  9.90067184e-01  1.56347625e+00 
 4.18133833e-04  3.93596348e+00  9.84603029e-01  1.56075822e+00 
 4.18633833e-04  3.91406358e+00  9.79129157e-01  1.55802505e+00 
 4.19133833e-04  3.89212506e+00  9.73645621e-01  1.55527677e+00 
 4.19633833e-04  3.87014812e+00  9.68152476e-01  1.55251340e+00 
 4.20133833e-04  3.84813298e+00  9.62649775e-01  1.54973497e+00 
 4.20633833e-04  3.82607986e+00  9.57137574e-01  1.54694150e+00 
 4.21133833e-04  3.80398898e+00  9.51615926e-01  1.54413303e+00 
 4.21633833e-04  3.78186056e+00  9.46084886e-01  1.54130957e+00 
 4.22133833e-04  3.75969482e+00  9.40544509e-01  1.53847116e+00 
 4.22633833e-04  3.73749196e+00  9.34994849e-01  1.53561781e+00 
 4.23133833e-04  3.71525222e+00  9.29435960e-01  1.53274956e+00 
 4.23633833e-04  3.69297581e+00  9.23867899e-01  1.52986644e+00 
 4.24133833e-04  3.67066295e+00  9.18290720e-01  1.52696846e+00 
 4.24633833e-04  3.64831387e+00  9.12704477e-01  1.52405566e+00 
 4.25133833e-04  3.62592877e+00  9.07109227e-01  1.52112806e+00 
 4.25633833e-04  3.60350790e+00  9.01505024e-01  1.51818570e+00 
 4.26133833e-04  3.58105145e+00  8.95891923e-01  1.51522860e+00 
 4.26633833e-04  3.55855966e+00  8.90269980e-01  1.51225678e+00 
 4.27133833e-04  3.53603275e+00  8.84639251e-01  1.50927027e+00 
 4.27633833e-04  3.51347094e+00  8.78999790e-01  1.50626911e+00 
 4.28133833e-04  3.49087446e+00  8.73351655e-01  1.50325332e+00 
 4.28633833e-04  3.46824352e+00  8.67694900e-01  1.50022293e+00 
 4.29133833e-04  3.44557835e+00  8.62029581e-01  1.49717797e+00 
 4.29633833e-04  3.42287917e+00  8.56355754e-01  1.49411846e+00 
 4.30133833e-04  3.40014622e+00  8.50673476e-01  1.49104443e+00 
 4.30633833e-04  3.37737970e+00  8.44982801e-01  1.48795592e+00 
 4.31133833e-04  3.35457985e+00  8.39283787e-01  1.48485296e+00 
 4.31633833e-04  3.33174689e+00  8.33576490e-01  1.48173556e+00 
 4.32133833e-04  3.30888105e+00  8.27860966e-01  1.47860377e+00 
 4.32633833e-04  3.28598255e+00  8.22137271e-01  1.47545761e+00 
 4.33133833e-04  3.26305162e+00  8.16405462e-01  1.47229711e+00 
 4.33633833e-04  3.24008849e+00  8.10665596e-01  1.46912229e+00 
 4.34133833e-04  3.21709338e+00  8.04917728e-01  1.46593320e+00 
 4.34633833e-04  3.19406651e+00  7.99161917e-01  1.46272986e+00 
 4.35133833e-04  3.17100812e+00  7.93398218e-01  1.45951230e+00 
 4.35633833e-04  3.14791844e+00  7.87626689e-01  1.45628055e+00 
 4.36133833e-04  3.12479769e+00  7.81847386e-01  1.45303465e+00 
 4.36633833e-04  3.10164609e+00  7.76060367e-01  1.44977461e+00 
 4.37133833e-04  3.07846388e+00  7.70265689e-01  1.44650048e+00 
 4.37633833e-04  3.05525130e+00  7.64463408e-01  1.44321229e+00 
 4.38133833e-04  3.03200855e+00  7.58653583e-01  1.43991005e+00 
 4.38633833e-04  3.00873588e+00  7.52836270e-01  1.43659382e+00 
 4.39133833e-04  2.98543352e+00  7.47011527e-01  1.43326361e+00 
 4.39633833e-04  2.96210169e+00  7.41179411e-01  1.42991947e+00 
 4.40133833e-04  2.93874063e+00  7.35339980e-01  1.42656141e+00 
 4.40633833e-04  2.91535056e+00  7.29493292e-01  1.42318948e+00 
 4.41133833e-04  2.89193172e+00  7.23639404e-01  1.41980371e+00 
 4.41633833e-04  2.86848434e+00  7.17778374e-01  1.41640412e+00 
 4.42133833e-04  2.84500865e+00  7.11910260e-01  1.41299075e+00 
 4.42633833e-04  2.82150487e+00  7.06035120e-01  1.40956363e+00 
 4.43133833e-04  2.79797325e+00  7.00153012e-01  1.40612280e+00 
 4.43633833e-04  2.77441402e+00  6.94263993e-01  1.40266829e+00 
 4.44133833e-04  2.75082740e+00  6.88368123e-01  1.39920013e+00 
 4.44633833e-04  2.72721364e+00  6.82465458e-01  1.39571835e+00 
 4.45133833e-04  2.70357295e+00  6.76556058e-01  1.39222299e+00 
 4.45633833e-04  2.67990559e+00  6.70639981e-01  1.38871408e+00 
 4.46133833e-04  2.65621177e+00  6.64717285e-01  1.38519165e+00 
 4.46633833e-04  2.63249174e+00  6.58788029e-01  1.38165574e+00 
 4.47133833e-04  2.60874573e+00  6.52852271e-01  1.37810638e+00 
 4.47633833e-04  2.58497397e+00  6.46910069e-01  1.37454361e+00 
 4.48133833e-04  2.56117669e+00  6.40961483e-01  1.37096745e+00 
 4.48633833e-04  2.53735414e+00  6.35006571e-01  1.36737795e+00 
 4.49133833e-04  2.51350655e+00  6.29045391e-01  1.36377513e+00 
 4.49633833e-04  2.48963415e+00  6.23078004e-01  1.36015904e+00 
 4.50133833e-04  2.46573718e+00  6.17104467e-01  1.35652970e+00 
 4.50633833e-04  2.44181587e+00  6.11124839e-01  1.35288715e+00 
 4.51133833e-04  2.41787046e+00  6.05139180e-01  1.34923143e+00 
 4.51633833e-04  2.39390119e+00  5.99147549e-01  1.34556258e+00 
 4.52133833e-04  2.36990829e+00  5.93150004e-01  1.34188061e+00 
 4.52633833e-04  2.34589200e+00  5.87146606e-01  1.33818558e+00 
 4.53133833e-04  2.32185256e+00  5.81137412e-01  1.33447751e+00 
 4.53633833e-04  2.29779020e+00  5.75122483e-01  1.33075645e+00 
 4.54133833e-04  2.27370517e+00  5.69101878e-01  1.32702242e+00 
 4.54633833e-04  2.24959769e+00  5.63075657e-01  1.32327547e+00 
 4.55133833e-04  2.22546801e+00  5.57043878e-01  1.31951563e+00 
 4.55633833e-04  2.20131637e+00  5.51006601e-01  1.31574293e+00 
 4.56133833e-04  2.17714300e+00  5.44963886e-01  1.31195742e+00 
 4.56633833e-04  2.15294815e+00  5.38915793e-01  1.30815912e+00 
 4.57133833e-04  2.12873204e+00  5.32862381e-01  1.30434808e+00 
 4.57633833e-04  2.10449493e+00  5.26803710e-01  1.30052433e+00 
 4.58133833e-04  2.08023704e+00  5.20739840e-01  1.29668790e+00 
 4.58633833e-04  2.05595862e+00  5.14670830e-01  1.29283885e+00 
 4.59133833e-04  2.03165992e+00  5.08596741e-01  1.28897719e+00 
 4.59633833e-04  2.00734116e+00  5.02517633e-01  1.28510297e+00 
 4.60133833e-04  1.98300258e+00  4.96433565e-01  1.28121623e+00 
 4.60633833e-04  1.95864444e+00  4.90344597e-01  1.27731700e+00 
 4.61133833e-04  1.93426697e+00  4.84250790e-01  1.27340532e+00 
 4.61633833e-04  1.90987040e+00  4.78152204e-01  1.26948124e+00 
 4.62133833e-04  1.88545499e+00  4.72048898e-01  1.26554477e+00 
 4.62633833e-04  1.86102097e+00  4.65940934e-01  1.26159598e+00 
 4.63133833e-04  1.83656858e+00  4.59828372e-01  1.25763488e+00 
 4.63633833e-04  1.81209806e+00  4.53711271e-01  1.25366152e+00 
 4.64133833e-04  1.78760966e+00  4.47589692e-01  1.24967595e+00 
 4.64633833e-04  1.76310362e+00  4.41463696e-01  1.24567819e+00 
 4.65133833e-04  1.73858017e+00  4.35333343e-01  1.24166828e+00 
 4.65633833e-04  1.71403957e+00  4.29198694e-01  1.23764627e+00 
 4.66133833e-04  1.68948205e+00  4.23059808e-01  1.23361220e+00 
 4.66633833e-04  1.66490785e+00  4.16916748e-01  1.22956609e+00 
 4.67133833e-04  1.64031722e+00  4.10769572e-01  1.22550800e+00 
 4.67633833e-04  1.61571041e+00  4.04618343e-01  1.22143796e+00 
 4.68133833e-04  1.59108764e+00  3.98463120e-01  1.21735600e+00 
 4.68633833e-04  1.56644918e+00  3.92303965e-01  1.21326218e+00 
 4.69133833e-04  1.54179525e+00  3.86140938e-01  1.20915652e+00 
 4.69633833e-04  1.51712610e+00  3.79974100e-01  1.20503907e+00 
 4.70133833e-04  1.49244199e+00  3.73803512e-01  1.20090987e+00 
 4.70633833e-04  1.46774314e+00  3.67629235e-01  1.19676896e+00 
 4.71133833e-04  1.44302981e+00  3.61451330e-01  1.19261637e+00 
 4.71633833e-04  1.41830223e+00  3.55269857e-01  1.18845215e+00 
 4.72133833e-04  1.39356066e+00  3.49084879e-01  1.18427634e+00 
 4.72633833e-04  1.36880533e+00  3.42896454e-01  1.18008898e+00 
 4.73133833e-04  1.34403650e+00  3.36704646e-01  1.17589011e+00 
 4.73633833e-04  1.31925439e+00  3.30509515e-01  1.17167977e+00 
 4.74133833e-04  1.29445927e+00  3.24311122e-01  1.16745799e+00 
 4.74633833e-04  1.26965137e+00  3.18109528e-01  1.16322483e+00 
 4.75133833e-04  1.24483094e+00  3.11904795e-01  1.15898032e+00 
 4.75633833e-04  1.21999823e+00  3.05696984e-01  1.15472450e+00 
 4.76133833e-04  1.19515347e+00  2.99486155e-01  1.15045742e+00 
 4.76633833e-04  1.17029692e+00  2.93272371e-01  1.14617911e+00 
 4.77133833e-04  1.14542882e+00  2.87055693e-01  1.14188962e+00 
 4.77633833e-04  1.12054941e+00  2.80836182e-01  1.13758899e+00 
 4.78133833e-04  1.09565895e+00  2.74613899e-01  1.13327726e+00 
 4.78633833e-04  1.07075767e+00  2.68388905e-01  1.12895447e+00 
 4.79133833e-04  1.04584582e+00  2.62161263e-01  1.12462066e+00 
 4.79633833e-04  1.02092365e+00  2.55931034e-01  1.12027588e+00 
 4.80133833e-04  9.95991404e-01  2.49698279e-01  1.11592017e+00 
 4.80633833e-04  9.71049328e-01  2.43463060e-01  1.11155357e+00 
 4.81133833e-04  9.46097668e-01  2.37225438e-01  1.10717612e+00 
 4.81633833e-04  9.21136671e-01  2.30985474e-01  1.10278786e+00 
 4.82133833e-04  8.96166582e-01  2.24743231e-01  1.09838885e+00 
 4.82633833e-04  8.71187649e-01  2.18498771e-01  1.09397911e+00 
 4.83133833e-04  8.46200117e-01  2.12252153e-01  1.08955870e+00 
 4.83633833e-04  8.21204233e-01  2.06003441e-01  1.08512765e+00 
 4.84133833e-04  7.96200245e-01  1.99752696e-01  1.08068601e+00 
 4.84633833e-04  7.71188398e-01  1.93499980e-01  1.07623382e+00 
 4.85133833e-04  7.46168940e-01  1.87245354e-01  1.07177113e+00 
 4.85633833e-04  7.21142118e-01  1.80988880e-01  1.06729797e+00 
 4.86133833e-04  6.96108178e-01  1.74730620e-01  1.06281440e+00 
 4.86633833e-04  6.71067368e-01  1.68470636e-01  1.05832045e+00 
 4.87133833e-04  6.46019935e-01  1.62208989e-01  1.05381617e+00 
 4.87633833e-04  6.20966126e-01  1.55945741e-01  1.04930161e+00 
 4.88133833e-04  5.95906188e-01  1.49680954e-01  1.04477680e+00 
 4.88633833e-04  5.70840369e-01  1.43414690e-01  1.04024179e+00 
 4.89133833e-04  5.45768916e-01  1.37147011e-01  1.03569663e+00 
 4.89633833e-04  5.20692076e-01  1.30877979e-01  1.03114135e+00 
 4.90133833e-04  4.95610098e-01  1.24607654e-01  1.02657601e+00 
 4.90633833e-04  4.70523228e-01  1.18336100e-01  1.02200065e+00 
 4.91133833e-04  4.45431714e-01  1.12063379e-01  1.01741531e+00 
 4.91633833e-04  4.20335803e-01  1.05789551e-01  1.01282003e+00 
 4.92133833e-04  3.95235745e-01  9.95146795e-02  1.00821487e+00 
 4.92633833e-04  3.70131785e-01  9.32388260e-02  1.00359986e+00 
 4.93133833e-04  3.45024172e-01  8.69620523e-02  9.98975051e-01 
 4.93633833e-04  3.19913155e-01  8.06844204e-02  9.94340489e-01 
 4.94133833e-04  2.94798979e-01  7.44059924e-02  9.89696219e-01 
 4.94633833e-04  2.69681894e-01  6.81268302e-02  9.85042285e-01 
 4.95133833e-04  2.44562148e-01  6.18469958e-02  9.80378732e-01 
 4.95633833e-04  2.19439988e-01  5.55665510e-02  9.75705606e-01 
 4.96133833e-04  1.94315662e-01  4.92855580e-02  9.71022953e-01 
 4.96633833e-04  1.69189418e-01  4.30040787e-02  9.66330817e-01 
 4.97133833e-04  1.44061504e-01  3.67221751e-02  9.61629245e-01 
 4.97633833e-04  1.18932169e-01  3.04399092e-02  9.56918283e-01 
 4.98133833e-04  9.38016593e-02  2.41573431e-02  9.52197975e-01 
 4.98633833e-04  6.86702242e-02  1.78745386e-02  9.47468369e-01 
 4.99133833e-04  4.35381114e-02  1.15915579e-02  9.42729511e-01 
 4.99633833e-04  1.84055689e-02  5.30846288e-03  9.37981445e-01 
 5.00133833e-04 -6.72715534e-03 -9.74684371e-04  9.33224220e-01 
 5.00633833e-04 -3.18598131e-02 -7.25782186e-03  9.28457881e-01 
 5.01133833e-04 -5.69921565e-02 -1.35408876e-02  9.23682474e-01 
 5.01633833e-04 -8.21239374e-02 -1.98238195e-02  9.18898046e-01 
 5.02133833e-04 -1.07254908e-01 -2.61065556e-02  9.14104644e-01 
 5.02633833e-04 -1.32384819e-01 -3.23890340e-02  9.09302314e-01 
 5.03133833e-04 -1.57513425e-01 -3.86711925e-02  9.04491104e-01 
 5.03633833e-04 -1.82640475e-01 -4.49529692e-02  8.99671059e-01 
 5.04133833e-04 -2.07765723e-01 -5.12343021e-02  8.94842228e-01 
 5.04633833e-04 -2.32888921e-01 -5.75151293e-02  8.90004657e-01 
 5.05133833e-04 -2.58009820e-01 -6.37953886e-02  8.85158393e-01 
 5.05633833e-04 -2.83128172e-01 -7.00750181e-02  8.80303484e-01 
 5.06133833e-04 -3.08243730e-01 -7.63539559e-02  8.75439978e-01 
 5.06633833e-04 -3.33356246e-01 -8.26321400e-02  8.70567920e-01 
 5.07133833e-04 -3.58465472e-01 -8.89095084e-02  8.65687360e-01 
 5.07633833e-04 -3.83571160e-01 -9.51859991e-02  8.60798344e-01 
 5.08133833e-04 -4.08673062e-01 -1.01461550e-01  8.55900920e-01 
 5.08633833e-04 -4.33770931e-01 -1.07736100e-01  8.50995137e-01 
 5.09133833e-04 -4.58864518e-01 -1.14009586e-01  8.46081041e-01 
 5.09633833e-04 -4.83953577e-01 -1.20281947e-01  8.41158682e-01 
 5.10133833e-04 -5.09037859e-01 -1.26553120e-01  8.36228106e-01 
 5.10633833e-04 -5.34117118e-01 -1.32823045e-01  8.31289363e-01 
 5.11133833e-04 -5.59191105e-01 -1.39091658e-01  8.26342500e-01 
 5.11633833e-04 -5.84259573e-01 -1.45358899e-01  8.21387565e-01 
 5.12133833e-04 -6.09322274e-01 -1.51624704e-01  8.16424608e-01 
 5.12633833e-04 -6.34378962e-01 -1.57889013e-01  8.11453676e-01 
 5.13133833e-04 -6.59429388e-01 -1.64151764e-01  8.06474818e-01 
 5.13633833e-04 -6.84473307e-01 -1.70412894e-01  8.01488083e-01 
 5.14133833e-04 -7.09510469e-01 -1.76672342e-01  7.96493519e-01 
 5.14633833e-04 -7.34540630e-01 -1.82930047e-01  7.91491175e-01 
 5.15133833e-04 -7.59563540e-01 -1.89185946e-01  7.86481100e-01 
 5.15633833e-04 -7.84578954e-01 -1.95439977e-01  7.81463343e-01 
 5.16133833e-04 -8.09586625e-01 -2.01692080e-01  7.76437954e-01 
 5.16633833e-04 -8.34586305e-01 -2.07942192e-01  7.71404980e-01 
 5.17133833e-04 -8.59577749e-01 -2.14190251e-01  7.66364471e-01 
 5.17633833e-04 -8.84560708e-01 -2.20436196e-01  7.61316478e-01 
 5.18133833e-04 -9.09534937e-01 -2.26679966e-01  7.56261048e-01 
 5.18633833e-04 -9.34500190e-01 -2.32921498e-01  7.51198231e-01 
 5.19133833e-04 -9.59456219e-01 -2.39160731e-01  7.46128077e-01 
 5.19633833e-04 -9.84402779e-01 -2.45397603e-01  7.41050635e-01 
 5.20133833e-04 -1.00933962e+00 -2.51632054e-01  7.35965956e-01 
 5.20633833e-04 -1.03426651e+00 -2.57864021e-01  7.30874088e-01 
 5.21133833e-04 -1.05918318e+00 -2.64093442e-01  7.25775081e-01 
 5.21633833e-04 -1.08408940e+00 -2.70320257e-01  7.20668986e-01 
 5.22133833e-04 -1.10898492e+00 -2.76544404e-01  7.15555852e-01 
 5.22633833e-04 -1.13386950e+00 -2.82765822e-01  7.10435730e-01 
 5.23133833e-04 -1.15874289e+00 -2.88984448e-01  7.05308669e-01 
 5.23633833e-04 -1.18360483e+00 -2.95200222e-01  7.00174719e-01 
 5.24133833e-04 -1.20845510e+00 -3.01413083e-01  6.95033931e-01 
 5.24633833e-04 -1.23329344e+00 -3.07622968e-01  6.89886355e-01 
 5.25133833e-04 -1.25811961e+00 -3.13829818e-01  6.84732042e-01 
 5.25633833e-04 -1.28293336e+00 -3.20033570e-01  6.79571041e-01 
 5.26133833e-04 -1.30773445e+00 -3.26234163e-01  6.74403403e-01 
 5.26633833e-04 -1.33252263e+00 -3.32431536e-01  6.69229180e-01 
 5.27133833e-04 -1.35729766e+00 -3.38625628e-01  6.64048421e-01 
 5.27633833e-04 -1.38205930e+00 -3.44816378e-01  6.58861177e-01 
 5.28133833e-04 -1.40680729e+00 -3.51003725e-01  6.53667499e-01 
 5.28633833e-04 -1.43154140e+00 -3.57187607e-01  6.48467438e-01 
 5.29133833e-04 -1.45626139e+00 -3.63367963e-01  6.43261045e-01 
 5.29633833e-04 -1.48096699e+00 -3.69544734e-01  6.38048370e-01 
 5.30133833e-04 -1.50565799e+00 -3.75717857e-01  6.32829465e-01 
 5.30633833e-04 -1.53033412e+00 -3.81887271e-01  6.27604381e-01 
 5.31133833e-04 -1.55499515e+00 -3.88052917e-01  6.22373169e-01 
 5.31633833e-04 -1.57964083e+00 -3.94214732e-01  6.17135880e-01 
 5.32133833e-04 -1.60427092e+00 -4.00372657e-01  6.11892565e-01 
 5.32633833e-04 -1.62888517e+00 -4.06526629e-01  6.06643277e-01 
 5.33133833e-04 -1.65348335e+00 -4.12676590e-01  6.01388065e-01 
 5.33633833e-04 -1.67806521e+00 -4.18822477e-01  5.96126982e-01 
 5.34133833e-04 -1.70263051e+00 -4.24964231e-01  5.90860079e-01 
 5.34633833e-04 -1.72717901e+00 -4.31101790e-01  5.85587409e-01 
 5.35133833e-04 -1.75171046e+00 -4.37235095e-01  5.80309021e-01 
 5.35633833e-04 -1.77622462e+00 -4.43364084e-01  5.75024969e-01 
 5.36133833e-04 -1.80072125e+00 -4.49488697e-01  5.69735303e-01 
 5.36633833e-04 -1.82520010e+00 -4.55608873e-01  5.64440077e-01 
 5.37133833e-04 -1.84966095e+00 -4.61724553e-01  5.59139340e-01 
 5.37633833e-04 -1.87410353e+00 -4.67835676e-01  5.53833147e-01 
 5.38133833e-04 -1.89852762e+00 -4.73942181e-01  5.48521548e-01 
 5.38633833e-04 -1.92293298e+00 -4.80044008e-01  5.43204595e-01 
 5.39133833e-04 -1.94731935e+00 -4.86141098e-01  5.37882341e-01 
 5.39633833e-04 -1.97168651e+00 -4.92233389e-01  5.32554838e-01 
 5.40133833e-04 -1.99603420e+00 -4.98320822e-01  5.27222138e-01 
 5.40633833e-04 -2.02036220e+00 -5.04403337e-01  5.21884294e-01 
 5.41133833e-04 -2.04467025e+00 -5.10480873e-01  5.16541357e-01 
 5.41633833e-04 -2.06895813e+00 -5.16553371e-01  5.11193380e-01 
 5.42133833e-04 -2.09322558e+00 -5.22620771e-01  5.05840415e-01 
 5.42633833e-04 -2.11747238e+00 -5.28683013e-01  5.00482515e-01 
 5.43133833e-04 -2.14169828e+00 -5.34740036e-01  4.95119733e-01 
 5.43633833e-04 -2.16590304e+00 -5.40791782e-01  4.89752120e-01 
 5.44133833e-04 -2.19008642e+00 -5.46838190e-01  4.84379731e-01 
 5.44633833e-04 -2.21424819e+00 -5.52879201e-01  4.79002616e-01 
 5.45133833e-04 -2.23838810e+00 -5.58914756e-01  4.73620830e-01 
 5.45633833e-04 -2.26250593e+00 -5.64944794e-01  4.68234424e-01 
 5.46133833e-04 -2.28660142e+00 -5.70969256e-01  4.62843452e-01 
 5.46633833e-04 -2.31067434e+00 -5.76988082e-01  4.57447966e-01 
 5.47133833e-04 -2.33472446e+00 -5.83001214e-01  4.52048020e-01 
 5.47633833e-04 -2.35875154e+00 -5.89008592e-01  4.46643666e-01 
 5.48133833e-04 -2.38275533e+00 -5.95010157e-01  4.41234957e-01 
 5.48633833e-04 -2.40673561e+00 -6.01005849e-01  4.35821947e-01 
 5.49133833e-04 -2.43069214e+00 -6.06995609e-01  4.30404688e-01 
 5.49633833e-04 -2.45462468e+00 -6.12979378e-01  4.24983234e-01 
 5.50133833e-04 -2.47853299e+00 -6.18957097e-01  4.19557637e-01 
 5.50633833e-04 -2.50241683e+00 -6.24928707e-01  4.14127952e-01 
 5.51133833e-04 -2.52627598e+00 -6.30894150e-01  4.08694231e-01 
 5.51633833e-04 -2.55011020e+00 -6.36853365e-01  4.03256527e-01 
 5.52133833e-04 -2.57391925e+00 -6.42806295e-01  3.97814895e-01 
 5.52633833e-04 -2.59770289e+00 -6.48752881e-01  3.92369387e-01 
 5.53133833e-04 -2.62146090e+00 -6.54693063e-01  3.86920056e-01 
 5.53633833e-04 -2.64519303e+00 -6.60626784e-01  3.81466957e-01 
 5.54133833e-04 -2.66889906e+00 -6.66553985e-01  3.76010142e-01 
 5.54633833e-04 -2.69257874e+00 -6.72474607e-01  3.70549666e-01 
 5.55133833e-04 -2.71623185e+00 -6.78388592e-01  3.65085582e-01 
 5.55633833e-04 -2.73985816e+00 -6.84295882e-01  3.59617943e-01 
 5.56133833e-04 -2.76345742e+00 -6.90196417e-01  3.54146803e-01 
 5.56633833e-04 -2.78702941e+00 -6.96090141e-01  3.48672216e-01 
 5.57133833e-04 -2.81057389e+00 -7.01976994e-01  3.43194236e-01 
 5.57633833e-04 -2.83409063e+00 -7.07856919e-01  3.37712916e-01 
 5.58133833e-04 -2.85757940e+00 -7.13729858e-01  3.32228310e-01 
 5.58633833e-04 -2.88103996e+00 -7.19595752e-01  3.26740472e-01 
 5.59133833e-04 -2.90447210e+00 -7.25454544e-01  3.21249456e-01 
 5.59633833e-04 -2.92787556e+00 -7.31306176e-01  3.15755316e-01 
 5.60133833e-04 -2.95125013e+00 -7.37150590e-01  3.10258105e-01 
 5.60633833e-04 -2.97459557e+00 -7.42987729e-01  3.04757878e-01 
 5.61133833e-04 -2.99791166e+00 -7.48817535e-01  2.99254689e-01 
 5.61633833e-04 -3.02119815e+00 -7.54639950e-01  2.93748591e-01 
 5.62133833e-04 -3.04445483e+00 -7.60454917e-01  2.88239640e-01 
 5.62633833e-04 -3.06768146e+00 -7.66262379e-01  2.82727888e-01 
 5.63133833e-04 -3.09087781e+00 -7.72062278e-01  2.77213390e-01 
 5.63633833e-04 -3.11404366e+00 -7.77854557e-01  2.71696200e-01 
 5.64133833e-04 -3.13717877e+00 -7.83639158e-01  2.66176372e-01 
 5.64633833e-04 -3.16028292e+00 -7.89416026e-01  2.60653961e-01 
 5.65133833e-04 -3.18335588e+00 -7.95185102e-01  2.55129020e-01 
 5.65633833e-04 -3.20639742e+00 -8.00946330e-01  2.49601605e-01 
 5.66133833e-04 -3.22940732e+00 -8.06699652e-01  2.44071769e-01 
 5.66633833e-04 -3.25238534e+00 -8.12445013e-01  2.38539566e-01 
 5.67133833e-04 -3.27533126e+00 -8.18182355e-01  2.33005052e-01 
 5.67633833e-04 -3.29824486e+00 -8.23911623e-01  2.27468279e-01 
 5.68133833e-04 -3.32112590e+00 -8.29632758e-01  2.21929303e-01 
 5.68633833e-04 -3.34397417e+00 -8.35345705e-01  2.16388179e-01 
 5.69133833e-04 -3.36678943e+00 -8.41050408e-01  2.10844960e-01 
 5.69633833e-04 -3.38957146e+00 -8.46746809e-01  2.05299700e-01 
 5.70133833e-04 -3.41232004e+00 -8.52434854e-01  1.99752455e-01 
 5.70633833e-04 -3.43503494e+00 -8.58114485e-01  1.94203280e-01 
 5.71133833e-04 -3.45771594e+00 -8.63785647e-01  1.88652227e-01 
 5.71633833e-04 -3.48036281e+00 -8.69448284e-01  1.83099352e-01 
 5.72133833e-04 -3.50297534e+00 -8.75102340e-01  1.77544710e-01 
 5.72633833e-04 -3.52555329e+00 -8.80747758e-01  1.71988356e-01 
 5.73133833e-04 -3.54809644e+00 -8.86384484e-01  1.66430342e-01 
 5.73633833e-04 -3.57060458e+00 -8.92012462e-01  1.60870725e-01 
 5.74133833e-04 -3.59307747e+00 -8.97631636e-01  1.55309559e-01 
 5.74633833e-04 -3.61551490e+00 -9.03241950e-01  1.49746899e-01 
 5.75133833e-04 -3.63791665e+00 -9.08843350e-01  1.44182799e-01 
 5.75633833e-04 -3.66028250e+00 -9.14435780e-01  1.38617313e-01 
 5.76133833e-04 -3.68261222e+00 -9.20019185e-01  1.33050498e-01 
 5.76633833e-04 -3.70490559e+00 -9.25593509e-01  1.27482406e-01 
 5.77133833e-04 -3.72716240e+00 -9.31158698e-01  1.21913094e-01 
 5.77633833e-04 -3.74938242e+00 -9.36714697e-01  1.16342615e-01 
 5.78133833e-04 -3.77156544e+00 -9.42261451e-01  1.10771025e-01 
 5.78633833e-04 -3.79371123e+00 -9.47798905e-01  1.05198378e-01 
 5.79133833e-04 -3.81581958e+00 -9.53327005e-01  9.96247292e-02 
 5.79633833e-04 -3.83789027e+00 -9.58845696e-01  9.40501331e-02 
 5.80133833e-04 -3.85992308e+00 -9.64354923e-01  8.84746447e-02 
 5.80633833e-04 -3.88191780e+00 -9.69854632e-01  8.28983187e-02 
 5.81133833e-04 -3.90387420e+00 -9.75344770e-01  7.73212098e-02 
 5.81633833e-04 -3.92579207e+00 -9.80825281e-01  7.17433731e-02 
 5.82133833e-04 -3.94767120e+00 -9.86296112e-01  6.61648632e-02 
 5.82633833e-04 -3.96951137e+00 -9.91757208e-01  6.05857350e-02 
 5.83133833e-04 -3.99131235e+00 -9.97208516e-01  5.50060434e-02 
 5.83633833e-04 -4.01307395e+00 -1.00264998e+00  4.94258431e-02 
 5.84133833e-04 -4.03479594e+00 -1.00808155e+00  4.38451892e-02 
 5.84633833e-04 -4.05647810e+00 -1.01350317e+00  3.82641363e-02 
 5.85133833e-04 -4.07812023e+00 -1.01891479e+00  3.26827395e-02 
 5.85633833e-04 -4.09972211e+00 -1.02431635e+00  2.71010536e-02 
 5.86133833e-04 -4.12128353e+00 -1.02970780e+00  2.15191334e-02 
 5.86633833e-04 -4.14280427e+00 -1.03508909e+00  1.59370338e-02 
 5.87133833e-04 -4.16428413e+00 -1.04046017e+00  1.03548098e-02 
 5.87633833e-04 -4.18572288e+00 -1.04582097e+00  4.77251619e-03 
 5.88133833e-04 -4.20712033e+00 -1.05117145e+00 -8.09792122e-04 
 5.88633833e-04 -4.22847625e+00 -1.05651156e+00 -6.39206025e-03 
 5.89133833e-04 -4.24979044e+00 -1.06184124e+00 -1.19742333e-02 
 5.89633833e-04 -4.27106268e+00 -1.06716044e+00 -1.75562564e-02 
 5.90133833e-04 -4.29229277e+00 -1.07246911e+00 -2.31380746e-02 
 5.90633833e-04 -4.31348050e+00 -1.07776719e+00 -2.87196330e-02 
 5.91133833e-04 -4.33462565e+00 -1.08305464e+00 -3.43008768e-02 
 5.91633833e-04 -4.35572803e+00 -1.08833140e+00 -3.98817510e-02 
 5.92133833e-04 -4.37678741e+00 -1.09359741e+00 -4.54622009e-02 
 5.92633833e-04 -4.39780360e+00 -1.09885264e+00 -5.10421714e-02 
 5.93133833e-04 -4.41877638e+00 -1.10409701e+00 -5.66216077e-02 
 5.93633833e-04 -4.43970555e+00 -1.10933049e+00 -6.22004550e-02 
 5.94133833e-04 -4.46059090e+00 -1.11455302e+00 -6.77786583e-02 
 5.94633833e-04 -4.48143223e+00 -1.11976455e+00 -7.33561629e-02 
 5.95133833e-04 -4.50222933e+00 -1.12496503e+00 -7.89329138e-02 
 5.95633833e-04 -4.52298200e+00 -1.13015441e+00 -8.45088562e-02 
 5.96133833e-04 -4.54369002e+00 -1.13533263e+00 -9.00839352e-02 
 5.96633833e-04 -4.56435320e+00 -1.14049965e+00 -9.56580961e-02 
 5.97133833e-04 -4.58497133e+00 -1.14565541e+00 -1.01231284e-01 
 5.97633833e-04 -4.60554421e+00 -1.15079987e+00 -1.06803444e-01 
 5.98133833e-04 -4.62607163e+00 -1.15593296e+00 -1.12374521e-01 
 5.98633833e-04 -4.64655340e+00 -1.16105465e+00 -1.17944461e-01 
 5.99133833e-04 -4.66698931e+00 -1.16616488e+00 -1.23513209e-01 
 5.99633833e-04 -4.68737916e+00 -1.17126360e+00 -1.29080709e-01 
 6.00133833e-04 -4.70772274e+00 -1.17635075e+00 -1.34646908e-01 
 6.00633833e-04 -4.72801986e+00 -1.18142630e+00 -1.40211750e-01 
 6.01133833e-04 -4.74827032e+00 -1.18649019e+00 -1.45775181e-01 
 6.01633833e-04 -4.76847391e+00 -1.19154237e+00 -1.51337146e-01 
 6.02133833e-04 -4.78863044e+00 -1.19658279e+00 -1.56897590e-01 
 6.02633833e-04 -4.80873971e+00 -1.20161140e+00 -1.62456458e-01 
 6.03133833e-04 -4.82880152e+00 -1.20662815e+00 -1.68013697e-01 
 6.03633833e-04 -4.84881566e+00 -1.21163299e+00 -1.73569250e-01 
 6.04133833e-04 -4.86878196e+00 -1.21662587e+00 -1.79123064e-01 
 6.04633833e-04 -4.88870020e+00 -1.22160675e+00 -1.84675084e-01 
 6.05133833e-04 -4.90857019e+00 -1.22657556e+00 -1.90225255e-01 
 6.05633833e-04 -4.92839174e+00 -1.23153228e+00 -1.95773523e-01 
 6.06133833e-04 -4.94816464e+00 -1.23647683e+00 -2.01319833e-01 
 6.06633833e-04 -4.96788871e+00 -1.24140919e+00 -2.06864130e-01 
 6.07133833e-04 -4.98756375e+00 -1.24632929e+00 -2.12406360e-01 
 6.07633833e-04 -5.00718956e+00 -1.25123709e+00 -2.17946468e-01 
 6.08133833e-04 -5.02676595e+00 -1.25613254e+00 -2.23484400e-01 
 6.08633833e-04 -5.04629273e+00 -1.26101560e+00 -2.29020101e-01 
 6.09133833e-04 -5.06576971e+00 -1.26588621e+00 -2.34553518e-01 
 6.09633833e-04 -5.08519669e+00 -1.27074432e+00 -2.40084594e-01 
 6.10133833e-04 -5.10457348e+00 -1.27558990e+00 -2.45613277e-01 
 6.10633833e-04 -5.12389989e+00 -1.28042288e+00 -2.51139511e-01 
 6.11133833e-04 -5.14317573e+00 -1.28524323e+00 -2.56663242e-01 
 6.11633833e-04 -5.16240080e+00 -1.29005089e+00 -2.62184416e-01 
 6.12133833e-04 -5.18157493e+00 -1.29484582e+00 -2.67702979e-01 
 6.12633833e-04 -5.20069792e+00 -1.29962797e+00 -2.73218876e-01 
 6.13133833e-04 -5.21976958e+00 -1.30439730e+00 -2.78732052e-01 
 6.13633833e-04 -5.23878972e+00 -1.30915375e+00 -2.84242454e-01 
 6.14133833e-04 -5.25775816e+00 -1.31389728e+00 -2.89750028e-01 
 6.14633833e-04 -5.27667470e+00 -1.31862784e+00 -2.95254718e-01 
 6.15133833e-04 -5.29553917e+00 -1.32334539e+00 -3.00756472e-01 
 6.15633833e-04 -5.31435137e+00 -1.32804987e+00 -3.06255234e-01 
 6.16133833e-04 -5.33311112e+00 -1.33274125e+00 -3.11750951e-01 
 6.16633833e-04 -5.35181823e+00 -1.33741948e+00 -3.17243569e-01 
 6.17133833e-04 -5.37047253e+00 -1.34208451e+00 -3.22733033e-01 
 6.17633833e-04 -5.38907382e+00 -1.34673629e+00 -3.28219290e-01 
 6.18133833e-04 -5.40762192e+00 -1.35137478e+00 -3.33702285e-01 
 6.18633833e-04 -5.42611665e+00 -1.35599993e+00 -3.39181965e-01 
 6.19133833e-04 -5.44455783e+00 -1.36061170e+00 -3.44658275e-01 
 6.19633833e-04 -5.46294527e+00 -1.36521004e+00 -3.50131162e-01 
 6.20133833e-04 -5.48127880e+00 -1.36979491e+00 -3.55600572e-01 
 6.20633833e-04 -5.49955822e+00 -1.37436625e+00 -3.61066451e-01 
 6.21133833e-04 -5.51778337e+00 -1.37892404e+00 -3.66528744e-01 
 6.21633833e-04 -5.53595406e+00 -1.38346821e+00 -3.71987400e-01 
 6.22133833e-04 -5.55407012e+00 -1.38799873e+00 -3.77442362e-01 
 6.22633833e-04 -5.57213135e+00 -1.39251555e+00 -3.82893579e-01 
 6.23133833e-04 -5.59013759e+00 -1.39701863e+00 -3.88340996e-01 
 6.23633833e-04 -5.60808866e+00 -1.40150792e+00 -3.93784560e-01 
 6.24133833e-04 -5.62598438e+00 -1.40598338e+00 -3.99224216e-01 
 6.24633833e-04 -5.64382458e+00 -1.41044496e+00 -4.04659912e-01 
 6.25133833e-04 -5.66160907e+00 -1.41489262e+00 -4.10091594e-01 
 6.25633833e-04 -5.67933768e+00 -1.41932632e+00 -4.15519209e-01 
 6.26133833e-04 -5.69701024e+00 -1.42374600e+00 -4.20942702e-01 
 6.26633833e-04 -5.71462657e+00 -1.42815164e+00 -4.26362021e-01 
 6.27133833e-04 -5.73218651e+00 -1.43254318e+00 -4.31777113e-01 
 6.27633833e-04 -5.74968986e+00 -1.43692059e+00 -4.37187923e-01 
 6.28133833e-04 -5.76713648e+00 -1.44128381e+00 -4.42594399e-01 
 6.28633833e-04 -5.78452617e+00 -1.44563281e+00 -4.47996488e-01 
 6.29133833e-04 -5.80185877e+00 -1.44996754e+00 -4.53394136e-01 
 6.29633833e-04 -5.81913411e+00 -1.45428796e+00 -4.58787290e-01 
 6.30133833e-04 -5.83635201e+00 -1.45859402e+00 -4.64175897e-01 
 6.30633833e-04 -5.85351232e+00 -1.46288569e+00 -4.69559903e-01 
 6.31133833e-04 -5.87061485e+00 -1.46716293e+00 -4.74939257e-01 
 6.31633833e-04 -5.88765944e+00 -1.47142568e+00 -4.80313905e-01 
 6.32133833e-04 -5.90464592e+00 -1.47567391e+00 -4.85683794e-01 
 6.32633833e-04 -5.92157413e+00 -1.47990758e+00 -4.91048871e-01 
 6.33133833e-04 -5.93844389e+00 -1.48412664e+00 -4.96409083e-01 
 6.33633833e-04 -5.95525504e+00 -1.48833105e+00 -5.01764378e-01 
 6.34133833e-04 -5.97200742e+00 -1.49252077e+00 -5.07114702e-01 
 6.34633833e-04 -5.98870085e+00 -1.49669577e+00 -5.12460004e-01 
 6.35133833e-04 -6.00533518e+00 -1.50085599e+00 -5.17800230e-01 
 6.35633833e-04 -6.02191024e+00 -1.50500140e+00 -5.23135328e-01 
 6.36133833e-04 -6.03842587e+00 -1.50913196e+00 -5.28465246e-01 
 6.36633833e-04 -6.05488190e+00 -1.51324762e+00 -5.33789930e-01 
 6.37133833e-04 -6.07127816e+00 -1.51734835e+00 -5.39109329e-01 
 6.37633833e-04 -6.08761451e+00 -1.52143410e+00 -5.44423389e-01 
 6.38133833e-04 -6.10389078e+00 -1.52550483e+00 -5.49732060e-01 
 6.38633833e-04 -6.12010680e+00 -1.52956051e+00 -5.55035287e-01 
 6.39133833e-04 -6.13626242e+00 -1.53360110e+00 -5.60333020e-01 
 6.39633833e-04 -6.15235748e+00 -1.53762655e+00 -5.65625206e-01 
 6.40133833e-04 -6.16839181e+00 -1.54163682e+00 -5.70911793e-01 
 6.40633833e-04 -6.18436527e+00 -1.54563188e+00 -5.76192729e-01 
 6.41133833e-04 -6.20027769e+00 -1.54961168e+00 -5.81467961e-01 
 6.41633833e-04 -6.21612891e+00 -1.55357619e+00 -5.86737438e-01 
 6.42133833e-04 -6.23191879e+00 -1.55752537e+00 -5.92001108e-01 
 6.42633833e-04 -6.24764716e+00 -1.56145918e+00 -5.97258920e-01 
 6.43133833e-04 -6.26331386e+00 -1.56537757e+00 -6.02510820e-01 
 6.43633833e-04 -6.27891875e+00 -1.56928052e+00 -6.07756759e-01 
 6.44133833e-04 -6.29446167e+00 -1.57316797e+00 -6.12996683e-01 
 6.44633833e-04 -6.30994247e+00 -1.57703990e+00 -6.18230541e-01 
 6.45133833e-04 -6.32536099e+00 -1.58089627e+00 -6.23458282e-01 
 6.45633833e-04 -6.34071708e+00 -1.58473704e+00 -6.28679854e-01 
 6.46133833e-04 -6.35601058e+00 -1.58856216e+00 -6.33895207e-01 
 6.46633833e-04 -6.37124136e+00 -1.59237161e+00 -6.39104287e-01 
 6.47133833e-04 -6.38640926e+00 -1.59616534e+00 -6.44307045e-01 
 6.47633833e-04 -6.40151413e+00 -1.59994331e+00 -6.49503429e-01 
 6.48133833e-04 -6.41655581e+00 -1.60370550e+00 -6.54693387e-01 
 6.48633833e-04 -6.43153417e+00 -1.60745186e+00 -6.59876869e-01 
 6.49133833e-04 -6.44644905e+00 -1.61118235e+00 -6.65053823e-01 
 6.49633833e-04 -6.46130030e+00 -1.61489695e+00 -6.70224199e-01 
 6.50133833e-04 -6.47608779e+00 -1.61859560e+00 -6.75387946e-01 
 6.50633833e-04 -6.49081136e+00 -1.62227828e+00 -6.80545012e-01 
 6.51133833e-04 -6.50547087e+00 -1.62594495e+00 -6.85695347e-01 
 6.51633833e-04 -6.52006617e+00 -1.62959558e+00 -6.90838900e-01 
 6.52133833e-04 -6.53459712e+00 -1.63323012e+00 -6.95975621e-01 
 6.52633833e-04 -6.54906357e+00 -1.63684854e+00 -7.01105459e-01 
 6.53133833e-04 -6.56346540e+00 -1.64045080e+00 -7.06228363e-01 
 6.53633833e-04 -6.57780244e+00 -1.64403688e+00 -7.11344283e-01 
 6.54133833e-04 -6.59207456e+00 -1.64760673e+00 -7.16453168e-01 
 6.54633833e-04 -6.60628162e+00 -1.65116032e+00 -7.21554969e-01 
 6.55133833e-04 -6.62042348e+00 -1.65469761e+00 -7.26649634e-01 
 6.55633833e-04 -6.63449999e+00 -1.65821858e+00 -7.31737115e-01 
 6.56133833e-04 -6.64851103e+00 -1.66172318e+00 -7.36817360e-01 
 6.56633833e-04 -6.66245645e+00 -1.66521137e+00 -7.41890319e-01 
 6.57133833e-04 -6.67633612e+00 -1.66868314e+00 -7.46955943e-01 
 6.57633833e-04 -6.69014989e+00 -1.67213843e+00 -7.52014182e-01 
 6.58133833e-04 -6.70389763e+00 -1.67557722e+00 -7.57064985e-01 
 6.58633833e-04 -6.71757921e+00 -1.67899948e+00 -7.62108304e-01 
 6.59133833e-04 -6.73119449e+00 -1.68240516e+00 -7.67144087e-01 
 6.59633833e-04 -6.74474333e+00 -1.68579424e+00 -7.72172287e-01 
 6.60133833e-04 -6.75822561e+00 -1.68916668e+00 -7.77192853e-01 
 6.60633833e-04 -6.77164118e+00 -1.69252245e+00 -7.82205736e-01 
 6.61133833e-04 -6.78498992e+00 -1.69586152e+00 -7.87210886e-01 
 6.61633833e-04 -6.79827170e+00 -1.69918385e+00 -7.92208254e-01 
 6.62133833e-04 -6.81148638e+00 -1.70248941e+00 -7.97197791e-01 
 6.62633833e-04 -6.82463383e+00 -1.70577817e+00 -8.02179447e-01 
 6.63133833e-04 -6.83771393e+00 -1.70905009e+00 -8.07153174e-01 
 6.63633833e-04 -6.85072654e+00 -1.71230515e+00 -8.12118923e-01 
 6.64133833e-04 -6.86367154e+00 -1.71554331e+00 -8.17076644e-01 
 6.64633833e-04 -6.87654879e+00 -1.71876453e+00 -8.22026290e-01 
 6.65133833e-04 -6.88935818e+00 -1.72196880e+00 -8.26967810e-01 
 6.65633833e-04 -6.90209957e+00 -1.72515606e+00 -8.31901156e-01 
 6.66133833e-04 -6.91477285e+00 -1.72832631e+00 -8.36826280e-01 
 6.66633833e-04 -6.92737787e+00 -1.73147949e+00 -8.41743134e-01 
 6.67133833e-04 -6.93991453e+00 -1.73461559e+00 -8.46651668e-01 
 6.67633833e-04 -6.95238269e+00 -1.73773456e+00 -8.51551834e-01 
 6.68133833e-04 -6.96478223e+00 -1.74083639e+00 -8.56443585e-01 
 6.68633833e-04 -6.97711303e+00 -1.74392104e+00 -8.61326871e-01 
 6.69133833e-04 -6.98937498e+00 -1.74698847e+00 -8.66201646e-01 
 6.69633833e-04 -7.00156794e+00 -1.75003867e+00 -8.71067860e-01 
 6.70133833e-04 -7.01369179e+00 -1.75307159e+00 -8.75925466e-01 
 6.70633833e-04 -7.02574643e+00 -1.75608721e+00 -8.80774415e-01 
 6.71133833e-04 -7.03773172e+00 -1.75908550e+00 -8.85614661e-01 
 6.71633833e-04 -7.04964756e+00 -1.76206642e+00 -8.90446155e-01 
 6.72133833e-04 -7.06149381e+00 -1.76502996e+00 -8.95268851e-01 
 6.72633833e-04 -7.07327038e+00 -1.76797608e+00 -9.00082699e-01 
 6.73133833e-04 -7.08497713e+00 -1.77090475e+00 -9.04887653e-01 
 6.73633833e-04 -7.09661396e+00 -1.77381594e+00 -9.09683666e-01 
 6.74133833e-04 -7.10818074e+00 -1.77670963e+00 -9.14470691e-01 
 6.74633833e-04 -7.11967737e+00 -1.77958578e+00 -9.19248679e-01 
 6.75133833e-04 -7.13110374e+00 -1.78244437e+00 -9.24017584e-01 
 6.75633833e-04 -7.14245972e+00 -1.78528536e+00 -9.28777359e-01 
 6.76133833e-04 -7.15374521e+00 -1.78810874e+00 -9.33527958e-01 
 6.76633833e-04 -7.16496009e+00 -1.79091447e+00 -9.38269332e-01 
 6.77133833e-04 -7.17610426e+00 -1.79370253e+00 -9.43001437e-01 
 6.77633833e-04 -7.18717761e+00 -1.79647288e+00 -9.47724224e-01 
 6.78133833e-04 -7.19818001e+00 -1.79922550e+00 -9.52437647e-01 
 6.78633833e-04 -7.20911138e+00 -1.80196037e+00 -9.57141661e-01 
 6.79133833e-04 -7.21997160e+00 -1.80467745e+00 -9.61836218e-01 
 6.79633833e-04 -7.23076055e+00 -1.80737672e+00 -9.66521272e-01 
 6.80133833e-04 -7.24147814e+00 -1.81005815e+00 -9.71196778e-01 
 6.80633833e-04 -7.25212427e+00 -1.81272172e+00 -9.75862689e-01 
 6.81133833e-04 -7.26269881e+00 -1.81536740e+00 -9.80518958e-01 
 6.81633833e-04 -7.27320168e+00 -1.81799517e+00 -9.85165541e-01 
 6.82133833e-04 -7.28363276e+00 -1.82060499e+00 -9.89802392e-01 
 6.82633833e-04 -7.29399196e+00 -1.82319684e+00 -9.94429464e-01 
 6.83133833e-04 -7.30427916e+00 -1.82577070e+00 -9.99046712e-01 
 6.83633833e-04 -7.31449428e+00 -1.82832654e+00 -1.00365409e+00 
 6.84133833e-04 -7.32463721e+00 -1.83086434e+00 -1.00825155e+00 
 6.84633833e-04 -7.33470784e+00 -1.83338407e+00 -1.01283906e+00 
 6.85133833e-04 -7.34470609e+00 -1.83588570e+00 -1.01741656e+00 
 6.85633833e-04 -7.35463184e+00 -1.83836922e+00 -1.02198401e+00 
 6.86133833e-04 -7.36448501e+00 -1.84083459e+00 -1.02654136e+00 
 6.86633833e-04 -7.37426549e+00 -1.84328179e+00 -1.03108857e+00 
 6.87133833e-04 -7.38397319e+00 -1.84571080e+00 -1.03562560e+00 
 6.87633833e-04 -7.39360802e+00 -1.84812160e+00 -1.04015240e+00 
 6.88133833e-04 -7.40316987e+00 -1.85051416e+00 -1.04466892e+00 
 6.88633833e-04 -7.41265866e+00 -1.85288845e+00 -1.04917512e+00 
 6.89133833e-04 -7.42207429e+00 -1.85524446e+00 -1.05367096e+00 
 6.89633833e-04 -7.43141666e+00 -1.85758216e+00 -1.05815639e+00 
 6.90133833e-04 -7.44068569e+00 -1.85990152e+00 -1.06263138e+00 
 6.90633833e-04 -7.44988128e+00 -1.86220253e+00 -1.06709586e+00 
 6.91133833e-04 -7.45900335e+00 -1.86448516e+00 -1.07154980e+00 
 6.91633833e-04 -7.46805179e+00 -1.86674939e+00 -1.07599316e+00 
 6.92133833e-04 -7.47702654e+00 -1.86899520e+00 -1.08042590e+00 
 6.92633833e-04 -7.48592748e+00 -1.87122256e+00 -1.08484796e+00 
 6.93133833e-04 -7.49475454e+00 -1.87343146e+00 -1.08925930e+00 
 6.93633833e-04 -7.50350764e+00 -1.87562186e+00 -1.09365989e+00 
 6.94133833e-04 -7.51218667e+00 -1.87779375e+00 -1.09804968e+00 
 6.94633833e-04 -7.52079157e+00 -1.87994712e+00 -1.10242862e+00 
 6.95133833e-04 -7.52932223e+00 -1.88208192e+00 -1.10679667e+00 
 6.95633833e-04 -7.53777859e+00 -1.88419816e+00 -1.11115379e+00 
 6.96133833e-04 -7.54616055e+00 -1.88629580e+00 -1.11549994e+00 
 6.96633833e-04 -7.55446803e+00 -1.88837482e+00 -1.11983507e+00 
 6.97133833e-04 -7.56270095e+00 -1.89043520e+00 -1.12415914e+00 
 6.97633833e-04 -7.57085924e+00 -1.89247693e+00 -1.12847211e+00 
 6.98133833e-04 -7.57894280e+00 -1.89449998e+00 -1.13277393e+00 
 6.98633833e-04 -7.58695156e+00 -1.89650434e+00 -1.13706456e+00 
 6.99133833e-04 -7.59488544e+00 -1.89848997e+00 -1.14134397e+00 
 6.99633833e-04 -7.60274436e+00 -1.90045687e+00 -1.14561210e+00 
 7.00133833e-04 -7.61052825e+00 -1.90240502e+00 -1.14986892e+00 
 7.00633833e-04 -7.61823702e+00 -1.90433439e+00 -1.15411438e+00 
 7.01133833e-04 -7.62587060e+00 -1.90624496e+00 -1.15834845e+00 
 7.01633833e-04 -7.63342892e+00 -1.90813672e+00 -1.16257108e+00 
 7.02133833e-04 -7.64091190e+00 -1.91000966e+00 -1.16678222e+00 
 7.02633833e-04 -7.64831947e+00 -1.91186374e+00 -1.17098184e+00 
 7.03133833e-04 -7.65565155e+00 -1.91369895e+00 -1.17516990e+00 
 7.03633833e-04 -7.66290808e+00 -1.91551527e+00 -1.17934635e+00 
 7.04133833e-04 -7.67008897e+00 -1.91731269e+00 -1.18351116e+00 
 7.04633833e-04 -7.67719416e+00 -1.91909119e+00 -1.18766428e+00 
 7.05133833e-04 -7.68422359e+00 -1.92085075e+00 -1.19180567e+00 
 7.05633833e-04 -7.69117717e+00 -1.92259135e+00 -1.19593529e+00 
 7.06133833e-04 -7.69805484e+00 -1.92431298e+00 -1.20005310e+00 
 7.06633833e-04 -7.70485654e+00 -1.92601561e+00 -1.20415906e+00 
 7.07133833e-04 -7.71158219e+00 -1.92769924e+00 -1.20825313e+00 
 7.07633833e-04 -7.71823173e+00 -1.92936384e+00 -1.21233527e+00 
 7.08133833e-04 -7.72480510e+00 -1.93100941e+00 -1.21640544e+00 
 7.08633833e-04 -7.73130223e+00 -1.93263591e+00 -1.22046359e+00 
 7.09133833e-04 -7.73772305e+00 -1.93424334e+00 -1.22450970e+00 
 7.09633833e-04 -7.74406750e+00 -1.93583168e+00 -1.22854371e+00 
 7.10133833e-04 -7.75033552e+00 -1.93740092e+00 -1.23256559e+00 
 7.10633833e-04 -7.75652705e+00 -1.93895103e+00 -1.23657530e+00 
 7.11133833e-04 -7.76264203e+00 -1.94048201e+00 -1.24057279e+00 
 7.11633833e-04 -7.76868039e+00 -1.94199384e+00 -1.24455804e+00 
 7.12133833e-04 -7.77464208e+00 -1.94348650e+00 -1.24853100e+00 
 7.12633833e-04 -7.78052704e+00 -1.94495999e+00 -1.25249163e+00 
 7.13133833e-04 -7.78633520e+00 -1.94641427e+00 -1.25643990e+00 
 7.13633833e-04 -7.79206652e+00 -1.94784935e+00 -1.26037575e+00 
 7.14133833e-04 -7.79772093e+00 -1.94926520e+00 -1.26429916e+00 
 7.14633833e-04 -7.80329838e+00 -1.95066182e+00 -1.26821009e+00 
 7.15133833e-04 -7.80879882e+00 -1.95203919e+00 -1.27210850e+00 
 7.15633833e-04 -7.81422219e+00 -1.95339729e+00 -1.27599434e+00 
 7.16133833e-04 -7.81956843e+00 -1.95473611e+00 -1.27986758e+00 
 7.16633833e-04 -7.82483750e+00 -1.95605564e+00 -1.28372819e+00 
 7.17133833e-04 -7.83002934e+00 -1.95735586e+00 -1.28757612e+00 
 7.17633833e-04 -7.83514390e+00 -1.95863677e+00 -1.29141134e+00 
 7.18133833e-04 -7.84018113e+00 -1.95989835e+00 -1.29523381e+00 
 7.18633833e-04 -7.84514098e+00 -1.96114058e+00 -1.29904349e+00 
 7.19133833e-04 -7.85002340e+00 -1.96236346e+00 -1.30284034e+00 
 7.19633833e-04 -7.85482835e+00 -1.96356697e+00 -1.30662433e+00 
 7.20133833e-04 -7.85955577e+00 -1.96475111e+00 -1.31039542e+00 
 7.20633833e-04 -7.86420562e+00 -1.96591585e+00 -1.31415357e+00 
 7.21133833e-04 -7.86877786e+00 -1.96706119e+00 -1.31789874e+00 
 7.21633833e-04 -7.87327243e+00 -1.96818712e+00 -1.32163090e+00 
 7.22133833e-04 -7.87768930e+00 -1.96929362e+00 -1.32535001e+00 
 7.22633833e-04 -7.88202842e+00 -1.97038069e+00 -1.32905604e+00 
 7.23133833e-04 -7.88628974e+00 -1.97144831e+00 -1.33274895e+00 
 7.23633833e-04 -7.89047323e+00 -1.97249648e+00 -1.33642869e+00 
 7.24133833e-04 -7.89457885e+00 -1.97352518e+00 -1.34009524e+00 
 7.24633833e-04 -7.89860655e+00 -1.97453440e+00 -1.34374856e+00 
 7.25133833e-04 -7.90255629e+00 -1.97552413e+00 -1.34738861e+00 
 7.25633833e-04 -7.90642804e+00 -1.97649437e+00 -1.35101536e+00 
 7.26133833e-04 -7.91022175e+00 -1.97744510e+00 -1.35462877e+00 
 7.26633833e-04 -7.91393740e+00 -1.97837631e+00 -1.35822881e+00 
 7.27133833e-04 -7.91757493e+00 -1.97928800e+00 -1.36181544e+00 
 7.27633833e-04 -7.92113433e+00 -1.98018016e+00 -1.36538862e+00 
 7.28133833e-04 -7.92461554e+00 -1.98105277e+00 -1.36894832e+00 
 7.28633833e-04 -7.92801854e+00 -1.98190583e+00 -1.37249450e+00 
 7.29133833e-04 -7.93134330e+00 -1.98273933e+00 -1.37602714e+00 
 7.29633833e-04 -7.93458978e+00 -1.98355326e+00 -1.37954619e+00 
 7.30133833e-04 -7.93775794e+00 -1.98434762e+00 -1.38305162e+00 
 7.30633833e-04 -7.94084776e+00 -1.98512239e+00 -1.38654339e+00 
 7.31133833e-04 -7.94385921e+00 -1.98587757e+00 -1.39002148e+00 
 7.31633833e-04 -7.94679226e+00 -1.98661315e+00 -1.39348584e+00 
 7.32133833e-04 -7.94964688e+00 -1.98732913e+00 -1.39693644e+00 
 7.32633833e-04 -7.95242303e+00 -1.98802549e+00 -1.40037326e+00 
 7.33133833e-04 -7.95512070e+00 -1.98870223e+00 -1.40379624e+00 
 7.33633833e-04 -7.95773986e+00 -1.98935934e+00 -1.40720537e+00 
 7.34133833e-04 -7.96028047e+00 -1.98999682e+00 -1.41060061e+00 
 7.34633833e-04 -7.96274252e+00 -1.99061466e+00 -1.41398192e+00 
 7.35133833e-04 -7.96512598e+00 -1.99121286e+00 -1.41734927e+00 
 7.35633833e-04 -7.96743083e+00 -1.99179140e+00 -1.42070263e+00 
 7.36133833e-04 -7.96965704e+00 -1.99235028e+00 -1.42404196e+00 
 7.36633833e-04 -7.97180460e+00 -1.99288950e+00 -1.42736723e+00 
 7.37133833e-04 -7.97387348e+00 -1.99340906e+00 -1.43067841e+00 
 7.37633833e-04 -7.97586366e+00 -1.99390894e+00 -1.43397547e+00 
 7.38133833e-04 -7.97777512e+00 -1.99438914e+00 -1.43725837e+00 
 7.38633833e-04 -7.97960784e+00 -1.99484965e+00 -1.44052708e+00 
 7.39133833e-04 -7.98136181e+00 -1.99529048e+00 -1.44378157e+00 
 7.39633833e-04 -7.98303700e+00 -1.99571162e+00 -1.44702181e+00 
 7.40133833e-04 -7.98463341e+00 -1.99611306e+00 -1.45024776e+00 
 7.40633833e-04 -7.98615101e+00 -1.99649480e+00 -1.45345940e+00 
 7.41133833e-04 -7.98758979e+00 -1.99685683e+00 -1.45665668e+00 
 7.41633833e-04 -7.98894973e+00 -1.99719916e+00 -1.45983959e+00 
 7.42133833e-04 -7.99023083e+00 -1.99752178e+00 -1.46300808e+00 
 7.42633833e-04 -7.99143307e+00 -1.99782468e+00 -1.46616213e+00 
 7.43133833e-04 -7.99255643e+00 -1.99810786e+00 -1.46930171e+00 
 7.43633833e-04 -7.99360091e+00 -1.99837133e+00 -1.47242678e+00 
 7.44133833e-04 -7.99456650e+00 -1.99861507e+00 -1.47553732e+00 
 7.44633833e-04 -7.99545319e+00 -1.99883908e+00 -1.47863329e+00 
 7.45133833e-04 -7.99626096e+00 -1.99904337e+00 -1.48171466e+00 
 7.45633833e-04 -7.99698981e+00 -1.99922793e+00 -1.48478140e+00 
 7.46133833e-04 -7.99763974e+00 -1.99939276e+00 -1.48783349e+00 
 7.46633833e-04 -7.99821073e+00 -1.99953785e+00 -1.49087089e+00 
 7.47133833e-04 -7.99870279e+00 -1.99966321e+00 -1.49389357e+00 
 7.47633833e-04 -7.99911590e+00 -1.99976884e+00 -1.49690151e+00 
 7.48133833e-04 -7.99945006e+00 -1.99985473e+00 -1.49989467e+00 
 7.48633833e-04 -7.99970527e+00 -1.99992088e+00 -1.50287302e+00 
 7.49133833e-04 -7.99988153e+00 -1.99996729e+00 -1.50583653e+00 
 7.49633833e-04 -7.99997883e+00 -1.99999396e+00 -1.50878518e+00 
 7.50133833e-04 -7.99999717e+00 -2.00000090e+00 -1.51171894e+00 
 7.50633833e-04 -7.99993656e+00 -1.99998809e+00 -1.51463777e+00 
 7.51133833e-04 -7.99979699e+00 -1.99995555e+00 -1.51754165e+00 
 7.51633833e-04 -7.99957847e+00 -1.99990327e+00 -1.52043055e+00 
 7.52133833e-04 -7.99928099e+00 -1.99983124e+00 -1.52330444e+00 
 7.52633833e-04 -7.99890457e+00 -1.99973949e+00 -1.52616329e+00 
 7.53133833e-04 -7.99844919e+00 -1.99962799e+00 -1.52900708e+00 
 7.53633833e-04 -7.99791488e+00 -1.99949676e+00 -1.53183578e+00 
 7.54133833e-04 -7.99730163e+00 -1.99934580e+00 -1.53464935e+00 
 7.54633833e-04 -7.99660945e+00 -1.99917510e+00 -1.53744777e+00 
 7.55133833e-04 -7.99583835e+00 -1.99898467e+00 -1.54023102e+00 
 7.55633833e-04 -7.99498833e+00 -1.99877451e+00 -1.54299906e+00 
 7.56133833e-04 -7.99405941e+00 -1.99854463e+00 -1.54575187e+00 
 7.56633833e-04 -7.99305158e+00 -1.99829502e+00 -1.54848942e+00 
 7.57133833e-04 -7.99196487e+00 -1.99802569e+00 -1.55121169e+00 
 7.57633833e-04 -7.99079928e+00 -1.99773664e+00 -1.55391864e+00 
 7.58133833e-04 -7.98955483e+00 -1.99742787e+00 -1.55661025e+00 
 7.58633833e-04 -7.98823152e+00 -1.99709939e+00 -1.55928650e+00 
 7.59133833e-04 -7.98682937e+00 -1.99675119e+00 -1.56194736e+00 
 7.59633833e-04 -7.98534839e+00 -1.99638329e+00 -1.56459279e+00 
 7.60133833e-04 -7.98378860e+00 -1.99599569e+00 -1.56722279e+00 
 7.60633833e-04 -7.98215002e+00 -1.99558839e+00 -1.56983731e+00 
 7.61133833e-04 -7.98043265e+00 -1.99516139e+00 -1.57243633e+00 
 7.61633833e-04 -7.97863652e+00 -1.99471469e+00 -1.57501984e+00 
 7.62133833e-04 -7.97676165e+00 -1.99424832e+00 -1.57758779e+00 
 7.62633833e-04 -7.97480804e+00 -1.99376225e+00 -1.58014018e+00 
 7.63133833e-04 -7.97277573e+00 -1.99325652e+00 -1.58267696e+00 
 7.63633833e-04 -7.97066473e+00 -1.99273110e+00 -1.58519813e+00 
 7.64133833e-04 -7.96847507e+00 -1.99218602e+00 -1.58770364e+00 
 7.64633833e-04 -7.96620675e+00 -1.99162128e+00 -1.59019348e+00 
 7.65133833e-04 -7.96385982e+00 -1.99103688e+00 -1.59266763e+00 
 7.65633833e-04 -7.96143428e+00 -1.99043283e+00 -1.59512605e+00 
 7.66133833e-04 -7.95893017e+00 -1.98980914e+00 -1.59756873e+00 
 7.66633833e-04 -7.95634751e+00 -1.98916581e+00 -1.59999564e+00 
 7.67133833e-04 -7.95368632e+00 -1.98850284e+00 -1.60240675e+00 
 7.67633833e-04 -7.95094663e+00 -1.98782025e+00 -1.60480205e+00 
 7.68133833e-04 -7.94812847e+00 -1.98711804e+00 -1.60718151e+00 
 7.68633833e-04 -7.94523187e+00 -1.98639621e+00 -1.60954510e+00 
 7.69133833e-04 -7.94225684e+00 -1.98565478e+00 -1.61189280e+00 
 7.69633833e-04 -7.93920343e+00 -1.98489376e+00 -1.61422460e+00 
 7.70133833e-04 -7.93607167e+00 -1.98411314e+00 -1.61654046e+00 
 7.70633833e-04 -7.93286158e+00 -1.98331294e+00 -1.61884036e+00 
 7.71133833e-04 -7.92957319e+00 -1.98249316e+00 -1.62112428e+00 
 7.71633833e-04 -7.92620654e+00 -1.98165382e+00 -1.62339220e+00 
 7.72133833e-04 -7.92276167e+00 -1.98079492e+00 -1.62564410e+00 
 7.72633833e-04 -7.91923860e+00 -1.97991647e+00 -1.62787995e+00 
 7.73133833e-04 -7.91563737e+00 -1.97901848e+00 -1.63009973e+00 
 7.73633833e-04 -7.91195801e+00 -1.97810095e+00 -1.63230342e+00 
 7.74133833e-04 -7.90820057e+00 -1.97716390e+00 -1.63449100e+00 
 7.74633833e-04 -7.90436508e+00 -1.97620734e+00 -1.63666244e+00 
 7.75133833e-04 -7.90045157e+00 -1.97523127e+00 -1.63881773e+00 
 7.75633833e-04 -7.89646009e+00 -1.97423571e+00 -1.64095684e+00 
 7.76133833e-04 -7.89239068e+00 -1.97322066e+00 -1.64307976e+00 
 7.76633833e-04 -7.88824337e+00 -1.97218614e+00 -1.64518645e+00 
 7.77133833e-04 -7.88401820e+00 -1.97113215e+00 -1.64727691e+00 
 7.77633833e-04 -7.87971523e+00 -1.97005871e+00 -1.64935111e+00 
 7.78133833e-04 -7.87533448e+00 -1.96896582e+00 -1.65140902e+00 
 7.78633833e-04 -7.87087601e+00 -1.96785350e+00 -1.65345064e+00 
 7.79133833e-04 -7.86633986e+00 -1.96672176e+00 -1.65547593e+00 
 7.79633833e-04 -7.86172607e+00 -1.96557060e+00 -1.65748489e+00 
 7.80133833e-04 -7.85703468e+00 -1.96440005e+00 -1.65947748e+00 
 7.80633833e-04 -7.85226576e+00 -1.96321011e+00 -1.66145370e+00 
 7.81133833e-04 -7.84741933e+00 -1.96200079e+00 -1.66341351e+00 
 7.81633833e-04 -7.84249545e+00 -1.96077210e+00 -1.66535690e+00 
 7.82133833e-04 -7.83749417e+00 -1.95952407e+00 -1.66728386e+00 
 7.82633833e-04 -7.83241553e+00 -1.95825669e+00 -1.66919436e+00 
 7.83133833e-04 -7.82725960e+00 -1.95696998e+00 -1.67108838e+00 
 7.83633833e-04 -7.82202641e+00 -1.95566396e+00 -1.67296591e+00 
 7.84133833e-04 -7.81671602e+00 -1.95433864e+00 -1.67482692e+00 
 7.84633833e-04 -7.81132848e+00 -1.95299403e+00 -1.67667141e+00 
 7.85133833e-04 -7.80586385e+00 -1.95163015e+00 -1.67849934e+00 
 7.85633833e-04 -7.80032218e+00 -1.95024700e+00 -1.68031071e+00 
 7.86133833e-04 -7.79470352e+00 -1.94884460e+00 -1.68210548e+00 
 7.86633833e-04 -7.78900793e+00 -1.94742297e+00 -1.68388366e+00 
 7.87133833e-04 -7.78323547e+00 -1.94598211e+00 -1.68564522e+00 
 7.87633833e-04 -7.77738619e+00 -1.94452205e+00 -1.68739013e+00 
 7.88133833e-04 -7.77146015e+00 -1.94304280e+00 -1.68911839e+00 
 7.88633833e-04 -7.76545741e+00 -1.94154437e+00 -1.69082998e+00 
 7.89133833e-04 -7.75937803e+00 -1.94002678e+00 -1.69252488e+00 
 7.89633833e-04 -7.75322206e+00 -1.93849003e+00 -1.69420308e+00 
 7.90133833e-04 -7.74698957e+00 -1.93693416e+00 -1.69586455e+00 
 7.90633833e-04 -7.74068063e+00 -1.93535917e+00 -1.69750928e+00 
 7.91133833e-04 -7.73429528e+00 -1.93376508e+00 -1.69913725e+00 
 7.91633833e-04 -7.72783361e+00 -1.93215190e+00 -1.70074846e+00 
 7.92133833e-04 -7.72129566e+00 -1.93051965e+00 -1.70234287e+00 
 7.92633833e-04 -7.71468150e+00 -1.92886835e+00 -1.70392049e+00 
 7.93133833e-04 -7.70799121e+00 -1.92719800e+00 -1.70548128e+00 
 7.93633833e-04 -7.70122484e+00 -1.92550864e+00 -1.70702525e+00 
 7.94133833e-04 -7.69438246e+00 -1.92380028e+00 -1.70855236e+00 
 7.94633833e-04 -7.68746414e+00 -1.92207292e+00 -1.71006261e+00 
 7.95133833e-04 -7.68046995e+00 -1.92032660e+00 -1.71155598e+00 
 7.95633833e-04 -7.67339996e+00 -1.91856132e+00 -1.71303245e+00 
 7.96133833e-04 -7.66625423e+00 -1.91677710e+00 -1.71449202e+00 
 7.96633833e-04 -7.65903284e+00 -1.91497397e+00 -1.71593466e+00 
 7.97133833e-04 -7.65173586e+00 -1.91315194e+00 -1.71736037e+00 
 7.97633833e-04 -7.64436336e+00 -1.91131102e+00 -1.71876912e+00 
 7.98133833e-04 -7.63691541e+00 -1.90945124e+00 -1.72016092e+00 
 7.98633833e-04 -7.62939209e+00 -1.90757261e+00 -1.72153573e+00 
 7.99133833e-04 -7.62179347e+00 -1.90567516e+00 -1.72289355e+00 
 7.99633833e-04 -7.61411963e+00 -1.90375889e+00 -1.72423436e+00 
 8.00133833e-04 -7.60637064e+00 -1.90182384e+00 -1.72555816e+00 
 8.00633833e-04 -7.59854657e+00 -1.89987002e+00 -1.72686492e+00 
 8.01133833e-04 -7.59064751e+00 -1.89789744e+00 -1.72815464e+00 
 8.01633833e-04 -7.58267354e+00 -1.89590613e+00 -1.72942730e+00 
 8.02133833e-04 -7.57462472e+00 -1.89389611e+00 -1.73068289e+00 
 8.02633833e-04 -7.56650115e+00 -1.89186740e+00 -1.73192140e+00 
 8.03133833e-04 -7.55830290e+00 -1.88982001e+00 -1.73314281e+00 
 8.03633833e-04 -7.55003005e+00 -1.88775398e+00 -1.73434712e+00 
 8.04133833e-04 -7.54168269e+00 -1.88566931e+00 -1.73553431e+00 
 8.04633833e-04 -7.53326089e+00 -1.88356602e+00 -1.73670437e+00 
 8.05133833e-04 -7.52476475e+00 -1.88144415e+00 -1.73785728e+00 
 8.05633833e-04 -7.51619433e+00 -1.87930371e+00 -1.73899304e+00 
 8.06133833e-04 -7.50754974e+00 -1.87714472e+00 -1.74011164e+00 
 8.06633833e-04 -7.49883105e+00 -1.87496720e+00 -1.74121307e+00 
 8.07133833e-04 -7.49003835e+00 -1.87277118e+00 -1.74229730e+00 
 8.07633833e-04 -7.48117172e+00 -1.87055667e+00 -1.74336434e+00 
 8.08133833e-04 -7.47223126e+00 -1.86832371e+00 -1.74441417e+00 
 8.08633833e-04 -7.46321705e+00 -1.86607230e+00 -1.74544679e+00 
 8.09133833e-04 -7.45412918e+00 -1.86380247e+00 -1.74646217e+00 
 8.09633833e-04 -7.44496774e+00 -1.86151425e+00 -1.74746032e+00 
 8.10133833e-04 -7.43573283e+00 -1.85920765e+00 -1.74844122e+00 
 8.10633833e-04 -7.42642452e+00 -1.85688270e+00 -1.74940486e+00 
 8.11133833e-04 -7.41704292e+00 -1.85453943e+00 -1.75035124e+00 
 8.11633833e-04 -7.40758812e+00 -1.85217785e+00 -1.75128034e+00 
 8.12133833e-04 -7.39806021e+00 -1.84979800e+00 -1.75219215e+00 
 8.12633833e-04 -7.38845928e+00 -1.84739988e+00 -1.75308667e+00 
 8.13133833e-04 -7.37878543e+00 -1.84498353e+00 -1.75396389e+00 
 8.13633833e-04 -7.36903875e+00 -1.84254897e+00 -1.75482379e+00 
 8.14133833e-04 -7.35921934e+00 -1.84009623e+00 -1.75566637e+00 
 8.14633833e-04 -7.34932731e+00 -1.83762532e+00 -1.75649163e+00 
 8.15133833e-04 -7.33936273e+00 -1.83513628e+00 -1.75729954e+00 
 8.15633833e-04 -7.32932572e+00 -1.83262912e+00 -1.75809012e+00 
 8.16133833e-04 -7.31921638e+00 -1.83010388e+00 -1.75886333e+00 
 8.16633833e-04 -7.30903479e+00 -1.82756057e+00 -1.75961919e+00 
 8.17133833e-04 -7.29878107e+00 -1.82499923e+00 -1.76035768e+00 
 8.17633833e-04 -7.28845531e+00 -1.82241987e+00 -1.76107880e+00 
 8.18133833e-04 -7.27805762e+00 -1.81982253e+00 -1.76178253e+00 
 8.18633833e-04 -7.26758810e+00 -1.81720722e+00 -1.76246888e+00 
 8.19133833e-04 -7.25704685e+00 -1.81457398e+00 -1.76313783e+00 
 8.19633833e-04 -7.24643397e+00 -1.81192283e+00 -1.76378937e+00 
 8.20133833e-04 -7.23574958e+00 -1.80925380e+00 -1.76442351e+00 
 8.20633833e-04 -7.22499377e+00 -1.80656691e+00 -1.76504023e+00 
 8.21133833e-04 -7.21416665e+00 -1.80386219e+00 -1.76563954e+00 
 8.21633833e-04 -7.20326833e+00 -1.80113966e+00 -1.76622141e+00 
 8.22133833e-04 -7.19229892e+00 -1.79839936e+00 -1.76678585e+00 
 8.22633833e-04 -7.18125853e+00 -1.79564131e+00 -1.76733285e+00 
 8.23133833e-04 -7.17014725e+00 -1.79286553e+00 -1.76786241e+00 
 8.23633833e-04 -7.15896522e+00 -1.79007206e+00 -1.76837452e+00 
 8.24133833e-04 -7.14771252e+00 -1.78726092e+00 -1.76886918e+00 
 8.24633833e-04 -7.13638928e+00 -1.78443215e+00 -1.76934637e+00 
 8.25133833e-04 -7.12499561e+00 -1.78158576e+00 -1.76980611e+00 
 8.25633833e-04 -7.11353161e+00 -1.77872178e+00 -1.77024837e+00 
 8.26133833e-04 -7.10199741e+00 -1.77584025e+00 -1.77067316e+00 
 8.26633833e-04 -7.09039312e+00 -1.77294120e+00 -1.77108048e+00 
 8.27133833e-04 -7.07871884e+00 -1.77002464e+00 -1.77147031e+00 
 8.27633833e-04 -7.06697470e+00 -1.76709062e+00 -1.77184266e+00 
 8.28133833e-04 -7.05516082e+00 -1.76413915e+00 -1.77219753e+00 
 8.28633833e-04 -7.04327730e+00 -1.76117027e+00 -1.77253490e+00 
 8.29133833e-04 -7.03132427e+00 -1.75818401e+00 -1.77285477e+00 
 8.29633833e-04 -7.01930184e+00 -1.75518040e+00 -1.77315715e+00 
 8.30133833e-04 -7.00721013e+00 -1.75215946e+00 -1.77344202e+00 
 8.30633833e-04 -6.99504926e+00 -1.74912123e+00 -1.77370939e+00 
 8.31133833e-04 -6.98281936e+00 -1.74606574e+00 -1.77395926e+00 
 8.31633833e-04 -6.97052054e+00 -1.74299301e+00 -1.77419162e+00 
 8.32133833e-04 -6.95815292e+00 -1.73990308e+00 -1.77440646e+00 
 8.32633833e-04 -6.94571663e+00 -1.73679598e+00 -1.77460379e+00 
 8.33133833e-04 -6.93321179e+00 -1.73367174e+00 -1.77478361e+00 
 8.33633833e-04 -6.92063852e+00 -1.73053038e+00 -1.77494591e+00 
 8.34133833e-04 -6.90799694e+00 -1.72737195e+00 -1.77509068e+00 
 8.34633833e-04 -6.89528719e+00 -1.72419646e+00 -1.77521794e+00 
 8.35133833e-04 -6.88250938e+00 -1.72100396e+00 -1.77532768e+00 
 8.35633833e-04 -6.86966365e+00 -1.71779448e+00 -1.77541990e+00 
 8.36133833e-04 -6.85675011e+00 -1.71456804e+00 -1.77549459e+00 
 8.36633833e-04 -6.84376890e+00 -1.71132467e+00 -1.77555176e+00 
 8.37133833e-04 -6.83072015e+00 -1.70806442e+00 -1.77559140e+00 
 8.37633833e-04 -6.81760397e+00 -1.70478731e+00 -1.77561352e+00 
 8.38133833e-04 -6.80442052e+00 -1.70149337e+00 -1.77561811e+00 
 8.38633833e-04 -6.79116990e+00 -1.69818264e+00 -1.77560518e+00 
 8.39133833e-04 -6.77785226e+00 -1.69485514e+00 -1.77557472e+00 
 8.39633833e-04 -6.76446772e+00 -1.69151092e+00 -1.77552674e+00 
 8.40133833e-04 -6.75101643e+00 -1.68815001e+00 -1.77546123e+00 
 8.40633833e-04 -6.73749850e+00 -1.68477243e+00 -1.77537820e+00 
 8.41133833e-04 -6.72391407e+00 -1.68137823e+00 -1.77527764e+00 
 8.41633833e-04 -6.71026329e+00 -1.67796743e+00 -1.77515957e+00 
 8.42133833e-04 -6.69654627e+00 -1.67454007e+00 -1.77502397e+00 
 8.42633833e-04 -6.68276317e+00 -1.67109618e+00 -1.77487085e+00 
 8.43133833e-04 -6.66891410e+00 -1.66763580e+00 -1.77470022e+00 
 8.43633833e-04 -6.65499922e+00 -1.66415896e+00 -1.77451207e+00 
 8.44133833e-04 -6.64101866e+00 -1.66066570e+00 -1.77430641e+00 
 8.44633833e-04 -6.62697255e+00 -1.65715604e+00 -1.77408323e+00 
 8.45133833e-04 -6.61286103e+00 -1.65363003e+00 -1.77384254e+00 
 8.45633833e-04 -6.59868425e+00 -1.65008770e+00 -1.77358435e+00 
 8.46133833e-04 -6.58444235e+00 -1.64652908e+00 -1.77330865e+00 
 8.46633833e-04 -6.57013545e+00 -1.64295421e+00 -1.77301544e+00 
 8.47133833e-04 -6.55576372e+00 -1.63936313e+00 -1.77270474e+00 
 8.47633833e-04 -6.54132728e+00 -1.63575586e+00 -1.77237654e+00 
 8.48133833e-04 -6.52682628e+00 -1.63213246e+00 -1.77203085e+00 
 8.48633833e-04 -6.51226086e+00 -1.62849294e+00 -1.77166767e+00 
 8.49133833e-04 -6.49763117e+00 -1.62483735e+00 -1.77128700e+00 
 8.49633833e-04 -6.48293735e+00 -1.62116572e+00 -1.77088885e+00 
 8.50133833e-04 -6.46817954e+00 -1.61747809e+00 -1.77047322e+00 
 8.50633833e-04 -6.45335790e+00 -1.61377450e+00 -1.77004012e+00 
 8.51133833e-04 -6.43847257e+00 -1.61005499e+00 -1.76958955e+00 
 8.51633833e-04 -6.42352369e+00 -1.60631958e+00 -1.76912151e+00 
 8.52133833e-04 -6.40851141e+00 -1.60256831e+00 -1.76863601e+00 
 8.52633833e-04 -6.39343589e+00 -1.59880123e+00 -1.76813305e+00 
 8.53133833e-04 -6.37829726e+00 -1.59501837e+00 -1.76761264e+00 
 8.53633833e-04 -6.36309568e+00 -1.59121977e+00 -1.76707479e+00 
 8.54133833e-04 -6.34783130e+00 -1.58740547e+00 -1.76651949e+00 
 8.54633833e-04 -6.33250427e+00 -1.58357549e+00 -1.76594676e+00 
 8.55133833e-04 -6.31711474e+00 -1.57972989e+00 -1.76535660e+00 
 8.55633833e-04 -6.30166287e+00 -1.57586869e+00 -1.76474902e+00 
 8.56133833e-04 -6.28614880e+00 -1.57199195e+00 -1.76412402e+00 
 8.56633833e-04 -6.27057268e+00 -1.56809968e+00 -1.76348161e+00 
 8.57133833e-04 -6.25493468e+00 -1.56419194e+00 -1.76282179e+00 
 8.57633833e-04 -6.23923495e+00 -1.56026877e+00 -1.76214457e+00 
 8.58133833e-04 -6.22347363e+00 -1.55633019e+00 -1.76144996e+00 
 8.58633833e-04 -6.20765090e+00 -1.55237625e+00 -1.76073797e+00 
 8.59133833e-04 -6.19176689e+00 -1.54840699e+00 -1.76000860e+00 
 8.59633833e-04 -6.17582178e+00 -1.54442245e+00 -1.75926185e+00 
 8.60133833e-04 -6.15981571e+00 -1.54042267e+00 -1.75849774e+00 
 8.60633833e-04 -6.14374885e+00 -1.53640768e+00 -1.75771628e+00 
 8.61133833e-04 -6.12762135e+00 -1.53237753e+00 -1.75691747e+00 
 8.61633833e-04 -6.11143338e+00 -1.52833225e+00 -1.75610132e+00 
 8.62133833e-04 -6.09518509e+00 -1.52427189e+00 -1.75526783e+00 
 8.62633833e-04 -6.07887664e+00 -1.52019649e+00 -1.75441702e+00 
 8.63133833e-04 -6.06250819e+00 -1.51610608e+00 -1.75354890e+00 
 8.63633833e-04 -6.04607991e+00 -1.51200071e+00 -1.75266347e+00 
 8.64133833e-04 -6.02959196e+00 -1.50788042e+00 -1.75176074e+00 
 8.64633833e-04 -6.01304450e+00 -1.50374524e+00 -1.75084072e+00 
 8.65133833e-04 -5.99643769e+00 -1.49959523e+00 -1.74990342e+00 
 8.65633833e-04 -5.97977170e+00 -1.49543041e+00 -1.74894885e+00 
 8.66133833e-04 -5.96304669e+00 -1.49125083e+00 -1.74797701e+00 
 8.66633833e-04 -5.94626283e+00 -1.48705654e+00 -1.74698793e+00 
 8.67133833e-04 -5.92942028e+00 -1.48284757e+00 -1.74598160e+00 
 8.67633833e-04 -5.91251921e+00 -1.47862396e+00 -1.74495804e+00 
 8.68133833e-04 -5.89555978e+00 -1.47438576e+00 -1.74391726e+00 
 8.68633833e-04 -5.87854217e+00 -1.47013301e+00 -1.74285927e+00 
 8.69133833e-04 -5.86146654e+00 -1.46586575e+00 -1.74178407e+00 
 8.69633833e-04 -5.84433306e+00 -1.46158402e+00 -1.74069168e+00 
 8.70133833e-04 -5.82714190e+00 -1.45728786e+00 -1.73958211e+00 
 8.70633833e-04 -5.80989323e+00 -1.45297733e+00 -1.73845538e+00 
 8.71133833e-04 -5.79258722e+00 -1.44865245e+00 -1.73731148e+00 
 8.71633833e-04 -5.77522403e+00 -1.44431328e+00 -1.73615044e+00 
 8.72133833e-04 -5.75780385e+00 -1.43995985e+00 -1.73497227e+00 
 8.72633833e-04 -5.74032684e+00 -1.43559221e+00 -1.73377697e+00 
 8.73133833e-04 -5.72279317e+00 -1.43121040e+00 -1.73256455e+00 
 8.73633833e-04 -5.70520302e+00 -1.42681446e+00 -1.73133504e+00 
 8.74133833e-04 -5.68755657e+00 -1.42240444e+00 -1.73008844e+00 
 8.74633833e-04 -5.66985398e+00 -1.41798039e+00 -1.72882476e+00 
 8.75133833e-04 -5.65209543e+00 -1.41354234e+00 -1.72754403e+00 
 8.75633833e-04 -5.63428110e+00 -1.40909033e+00 -1.72624624e+00 
 8.76133833e-04 -5.61641116e+00 -1.40462442e+00 -1.72493141e+00 
 8.76633833e-04 -5.59848579e+00 -1.40014465e+00 -1.72359956e+00 
 8.77133833e-04 -5.58050516e+00 -1.39565106e+00 -1.72225070e+00 
 8.77633833e-04 -5.56246946e+00 -1.39114370e+00 -1.72088484e+00 
 8.78133833e-04 -5.54437885e+00 -1.38662260e+00 -1.71950199e+00 
 8.78633833e-04 -5.52623353e+00 -1.38208782e+00 -1.71810217e+00 
 8.79133833e-04 -5.50803366e+00 -1.37753940e+00 -1.71668540e+00 
 8.79633833e-04 -5.48977944e+00 -1.37297738e+00 -1.71525168e+00 
 8.80133833e-04 -5.47147103e+00 -1.36840181e+00 -1.71380104e+00 
 8.80633833e-04 -5.45310862e+00 -1.36381274e+00 -1.71233348e+00 
 8.81133833e-04 -5.43469238e+00 -1.35921021e+00 -1.71084902e+00 
 8.81633833e-04 -5.41622251e+00 -1.35459426e+00 -1.70934767e+00 
 8.82133833e-04 -5.39769919e+00 -1.34996494e+00 -1.70782945e+00 
 8.82633833e-04 -5.37912259e+00 -1.34532230e+00 -1.70629438e+00 
 8.83133833e-04 -5.36049290e+00 -1.34066638e+00 -1.70474247e+00 
 8.83633833e-04 -5.34181031e+00 -1.33599723e+00 -1.70317373e+00 
 8.84133833e-04 -5.32307499e+00 -1.33131490e+00 -1.70158818e+00 
 8.84633833e-04 -5.30428714e+00 -1.32661942e+00 -1.69998584e+00 
 8.85133833e-04 -5.28544694e+00 -1.32191085e+00 -1.69836672e+00 
 8.85633833e-04 -5.26655457e+00 -1.31718924e+00 -1.69673084e+00 
 8.86133833e-04 -5.24761022e+00 -1.31245462e+00 -1.69507821e+00 
 8.86633833e-04 -5.22861408e+00 -1.30770705e+00 -1.69340885e+00 
 8.87133833e-04 -5.20956634e+00 -1.30294658e+00 -1.69172278e+00 
 8.87633833e-04 -5.19046718e+00 -1.29817324e+00 -1.69002001e+00 
 8.88133833e-04 -5.17131679e+00 -1.29338710e+00 -1.68830056e+00 
 8.88633833e-04 -5.15211537e+00 -1.28858819e+00 -1.68656445e+00 
 8.89133833e-04 -5.13286309e+00 -1.28377656e+00 -1.68481169e+00 
 8.89633833e-04 -5.11356016e+00 -1.27895226e+00 -1.68304231e+00 
 8.90133833e-04 -5.09420675e+00 -1.27411534e+00 -1.68125631e+00 
 8.90633833e-04 -5.07480307e+00 -1.26926584e+00 -1.67945372e+00 
 8.91133833e-04 -5.05534930e+00 -1.26440381e+00 -1.67763455e+00 
 8.91633833e-04 -5.03584564e+00 -1.25952931e+00 -1.67579883e+00 
 8.92133833e-04 -5.01629228e+00 -1.25464238e+00 -1.67394657e+00 
 8.92633833e-04 -4.99668941e+00 -1.24974306e+00 -1.67207779e+00 
 8.93133833e-04 -4.97703722e+00 -1.24483141e+00 -1.67019250e+00 
 8.93633833e-04 -4.95733591e+00 -1.23990747e+00 -1.66829073e+00 
 8.94133833e-04 -4.93758567e+00 -1.23497130e+00 -1.66637249e+00 
 8.94633833e-04 -4.91778670e+00 -1.23002294e+00 -1.66443781e+00 
 8.95133833e-04 -4.89793920e+00 -1.22506243e+00 -1.66248670e+00 
 8.95633833e-04 -4.87804335e+00 -1.22008984e+00 -1.66051918e+00 
 8.96133833e-04 -4.85809937e+00 -1.21510520e+00 -1.65853528e+00 
 8.96633833e-04 -4.83810743e+00 -1.21010858e+00 -1.65653500e+00 
 8.97133833e-04 -4.81806774e+00 -1.20510001e+00 -1.65451838e+00 
 8.97633833e-04 -4.79798050e+00 -1.20007954e+00 -1.65248542e+00 
 8.98133833e-04 -4.77784591e+00 -1.19504724e+00 -1.65043616e+00 
 8.98633833e-04 -4.75766416e+00 -1.19000313e+00 -1.64837061e+00 
 8.99133833e-04 -4.73743545e+00 -1.18494729e+00 -1.64628879e+00 
 8.99633833e-04 -4.71715999e+00 -1.17987974e+00 -1.64419072e+00 
 9.00133833e-04 -4.69683797e+00 -1.17480056e+00 -1.64207642e+00 
 9.00633833e-04 -4.67646960e+00 -1.16970978e+00 -1.63994592e+00 
 9.01133833e-04 -4.65605507e+00 -1.16460745e+00 -1.63779923e+00 
 9.01633833e-04 -4.63559459e+00 -1.15949363e+00 -1.63563638e+00 
 9.02133833e-04 -4.61508835e+00 -1.15436837e+00 -1.63345738e+00 
 9.02633833e-04 -4.59453657e+00 -1.14923171e+00 -1.63126226e+00 
 9.03133833e-04 -4.57393944e+00 -1.14408371e+00 -1.62905105e+00 
 9.03633833e-04 -4.55329717e+00 -1.13892442e+00 -1.62682375e+00 
 9.04133833e-04 -4.53260996e+00 -1.13375389e+00 -1.62458040e+00 
 9.04633833e-04 -4.51187801e+00 -1.12857217e+00 -1.62232101e+00 
 9.05133833e-04 -4.49110153e+00 -1.12337931e+00 -1.62004562e+00 
 9.05633833e-04 -4.47028073e+00 -1.11817537e+00 -1.61775423e+00 
 9.06133833e-04 -4.44941581e+00 -1.11296039e+00 -1.61544688e+00 
 9.06633833e-04 -4.42850697e+00 -1.10773442e+00 -1.61312358e+00 
 9.07133833e-04 -4.40755443e+00 -1.10249752e+00 -1.61078437e+00 
 9.07633833e-04 -4.38655839e+00 -1.09724974e+00 -1.60842925e+00 
 9.08133833e-04 -4.36551905e+00 -1.09199113e+00 -1.60605827e+00 
 9.08633833e-04 -4.34443662e+00 -1.08672175e+00 -1.60367143e+00 
 9.09133833e-04 -4.32331132e+00 -1.08144164e+00 -1.60126876e+00 
 9.09633833e-04 -4.30214335e+00 -1.07615085e+00 -1.59885029e+00 
 9.10133833e-04 -4.28093292e+00 -1.07084945e+00 -1.59641604e+00 
 9.10633833e-04 -4.25968024e+00 -1.06553748e+00 -1.59396603e+00 
 9.11133833e-04 -4.23838551e+00 -1.06021499e+00 -1.59150030e+00 
 9.11633833e-04 -4.21704896e+00 -1.05488203e+00 -1.58901885e+00 
 9.12133833e-04 -4.19567078e+00 -1.04953867e+00 -1.58652172e+00 
 9.12633833e-04 -4.17425120e+00 -1.04418494e+00 -1.58400894e+00 
 9.13133833e-04 -4.15279041e+00 -1.03882092e+00 -1.58148052e+00 
 9.13633833e-04 -4.13128864e+00 -1.03344663e+00 -1.57893649e+00 
 9.14133833e-04 -4.10974610e+00 -1.02806215e+00 -1.57637688e+00 
 9.14633833e-04 -4.08816299e+00 -1.02266753e+00 -1.57380171e+00 
 9.15133833e-04 -4.06653954e+00 -1.01726281e+00 -1.57121101e+00 
 9.15633833e-04 -4.04487595e+00 -1.01184805e+00 -1.56860480e+00 
 9.16133833e-04 -4.02317244e+00 -1.00642330e+00 -1.56598311e+00 
 9.16633833e-04 -4.00142922e+00 -1.00098862e+00 -1.56334597e+00 
 9.17133833e-04 -3.97964651e+00 -9.95544067e-01 -1.56069339e+00 
 9.17633833e-04 -3.95782453e+00 -9.90089684e-01 -1.55802542e+00 
 9.18133833e-04 -3.93596348e+00 -9.84625529e-01 -1.55534206e+00 
 9.18633833e-04 -3.91406358e+00 -9.79151657e-01 -1.55264336e+00 
 9.19133833e-04 -3.89212506e+00 -9.73668121e-01 -1.54992933e+00 
 9.19633833e-04 -3.87014812e+00 -9.68174976e-01 -1.54720001e+00 
 9.20133833e-04 -3.84813298e+00 -9.62672275e-01 -1.54445541e+00 
 9.20633833e-04 -3.82607986e+00 -9.57160074e-01 -1.54169557e+00 
 9.21133833e-04 -3.80398898e+00 -9.51638426e-01 -1.53892052e+00 
 9.21633833e-04 -3.78186056e+00 -9.46107386e-01 -1.53613028e+00 
 9.22133833e-04 -3.75969482e+00 -9.40567009e-01 -1.53332488e+00 
 9.22633833e-04 -3.73749196e+00 -9.35017348e-01 -1.53050434e+00 
 9.23133833e-04 -3.71525222e+00 -9.29458460e-01 -1.52766870e+00 
 9.23633833e-04 -3.69297581e+00 -9.23890399e-01 -1.52481798e+00 
 9.24133833e-04 -3.67066295e+00 -9.18313220e-01 -1.52195222e+00 
 9.24633833e-04 -3.64831387e+00 -9.12726977e-01 -1.51907143e+00 
 9.25133833e-04 -3.62592877e+00 -9.07131727e-01 -1.51617565e+00 
 9.25633833e-04 -3.60350790e+00 -9.01527523e-01 -1.51326491e+00 
 9.26133833e-04 -3.58105145e+00 -8.95914423e-01 -1.51033923e+00 
 9.26633833e-04 -3.55855966e+00 -8.90292480e-01 -1.50739864e+00 
 9.27133833e-04 -3.53603275e+00 -8.84661751e-01 -1.50444318e+00 
 9.27633833e-04 -3.51347094e+00 -8.79022290e-01 -1.50147287e+00 
 9.28133833e-04 -3.49087446e+00 -8.73374155e-01 -1.49848775e+00 
 9.28633833e-04 -3.46824352e+00 -8.67717400e-01 -1.49548783e+00 
 9.29133833e-04 -3.44557835e+00 -8.62052081e-01 -1.49247315e+00 
 9.29633833e-04 -3.42287917e+00 -8.56378254e-01 -1.48944375e+00 
 9.30133833e-04 -3.40014622e+00 -8.50695975e-01 -1.48639964e+00 
 9.30633833e-04 -3.37737970e+00 -8.45005301e-01 -1.48334086e+00 
 9.31133833e-04 -3.35457985e+00 -8.39306287e-01 -1.48026745e+00 
 9.31633833e-04 -3.33174689e+00 -8.33598990e-01 -1.47717943e+00 
 9.32133833e-04 -3.30888105e+00 -8.27883466e-01 -1.47407682e+00 
 9.32633833e-04 -3.28598255e+00 -8.22159771e-01 -1.47095967e+00 
 9.33133833e-04 -3.26305162e+00 -8.16427962e-01 -1.46782800e+00 
 9.33633833e-04 -3.24008849e+00 -8.10688096e-01 -1.46468185e+00 
 9.34133833e-04 -3.21709338e+00 -8.04940228e-01 -1.46152124e+00 
 9.34633833e-04 -3.19406651e+00 -7.99184417e-01 -1.45834620e+00 
 9.35133833e-04 -3.17100812e+00 -7.93420718e-01 -1.45515677e+00 
 9.35633833e-04 -3.14791844e+00 -7.87649189e-01 -1.45195298e+00 
 9.36133833e-04 -3.12479769e+00 -7.81869886e-01 -1.44873487e+00 
 9.36633833e-04 -3.10164609e+00 -7.76082867e-01 -1.44550245e+00 
 9.37133833e-04 -3.07846388e+00 -7.70288189e-01 -1.44225577e+00 
 9.37633833e-04 -3.05525130e+00 -7.64485908e-01 -1.43899485e+00 
 9.38133833e-04 -3.03200855e+00 -7.58676083e-01 -1.43571973e+00 
 9.38633833e-04 -3.00873588e+00 -7.52858770e-01 -1.43243044e+00 
 9.39133833e-04 -2.98543352e+00 -7.47034026e-01 -1.42912702e+00 
 9.39633833e-04 -2.96210169e+00 -7.41201911e-01 -1.42580949e+00 
 9.40133833e-04 -2.93874063e+00 -7.35362480e-01 -1.42247789e+00 
 9.40633833e-04 -2.91535056e+00 -7.29515792e-01 -1.41913225e+00 
 9.41133833e-04 -2.89193172e+00 -7.23661904e-01 -1.41577260e+00 
 9.41633833e-04 -2.86848434e+00 -7.17800874e-01 -1.41239898e+00 
 9.42133833e-04 -2.84500865e+00 -7.11932760e-01 -1.40901142e+00 
 9.42633833e-04 -2.82150487e+00 -7.06057620e-01 -1.40560996e+00 
 9.43133833e-04 -2.79797325e+00 -7.00175511e-01 -1.40219462e+00 
 9.43633833e-04 -2.77441402e+00 -6.94286493e-01 -1.39876545e+00 
 9.44133833e-04 -2.75082740e+00 -6.88390622e-01 -1.39532247e+00 
 9.44633833e-04 -2.72721364e+00 -6.82487958e-01 -1.39186572e+00 
 9.45133833e-04 -2.70357295e+00 -6.76578558e-01 -1.38839523e+00 
 9.45633833e-04 -2.67990559e+00 -6.70662481e-01 -1.38491104e+00 
 9.46133833e-04 -2.65621177e+00 -6.64739785e-01 -1.38141319e+00 
 9.46633833e-04 -2.63249174e+00 -6.58810529e-01 -1.37790170e+00 
 9.47133833e-04 -2.60874573e+00 -6.52874770e-01 -1.37437661e+00 
 9.47633833e-04 -2.58497397e+00 -6.46932569e-01 -1.37083795e+00 
 9.48133833e-04 -2.56117669e+00 -6.40983983e-01 -1.36728577e+00 
 9.48633833e-04 -2.53735414e+00 -6.35029071e-01 -1.36372009e+00 
 9.49133833e-04 -2.51350655e+00 -6.29067891e-01 -1.36014096e+00 
 9.49633833e-04 -2.48963415e+00 -6.23100504e-01 -1.35654840e+00 
 9.50133833e-04 -2.46573718e+00 -6.17126967e-01 -1.35294245e+00 
 9.50633833e-04 -2.44181587e+00 -6.11147339e-01 -1.34932315e+00 
 9.51133833e-04 -2.41787046e+00 -6.05161680e-01 -1.34569054e+00 
 9.51633833e-04 -2.39390119e+00 -5.99170049e-01 -1.34204464e+00 
 9.52133833e-04 -2.36990829e+00 -5.93172504e-01 -1.33838550e+00 
 9.52633833e-04 -2.34589200e+00 -5.87169106e-01 -1.33471315e+00 
 9.53133833e-04 -2.32185256e+00 -5.81159912e-01 -1.33102762e+00 
 9.53633833e-04 -2.29779020e+00 -5.75144983e-01 -1.32732896e+00 
 9.54133833e-04 -2.27370517e+00 -5.69124378e-01 -1.32361721e+00 
 9.54633833e-04 -2.24959769e+00 -5.63098157e-01 -1.31989238e+00 
 9.55133833e-04 -2.22546801e+00 -5.57066378e-01 -1.31615454e+00 
 9.55633833e-04 -2.20131637e+00 -5.51029101e-01 -1.31240370e+00 
 9.56133833e-04 -2.17714300e+00 -5.44986386e-01 -1.30863991e+00 
 9.56633833e-04 -2.15294815e+00 -5.38938293e-01 -1.30486320e+00 
 9.57133833e-04 -2.12873204e+00 -5.32884881e-01 -1.30107362e+00 
 9.57633833e-04 -2.10449493e+00 -5.26826210e-01 -1.29727120e+00 
 9.58133833e-04 -2.08023704e+00 -5.20762340e-01 -1.29345597e+00 
 9.58633833e-04 -2.05595862e+00 -5.14693330e-01 -1.28962798e+00 
 9.59133833e-04 -2.03165992e+00 -5.08619241e-01 -1.28578726e+00 
 9.59633833e-04 -2.00734116e+00 -5.02540133e-01 -1.28193385e+00 
 9.60133833e-04 -1.98300258e+00 -4.96456064e-01 -1.27806779e+00 
 9.60633833e-04 -1.95864444e+00 -4.90367097e-01 -1.27418912e+00 
 9.61133833e-04 -1.93426697e+00 -4.84273290e-01 -1.27029787e+00 
 9.61633833e-04 -1.90987040e+00 -4.78174704e-01 -1.26639409e+00 
 9.62133833e-04 -1.88545499e+00 -4.72071398e-01 -1.26247780e+00 
 9.62633833e-04 -1.86102097e+00 -4.65963434e-01 -1.25854906e+00 
 9.63133833e-04 -1.83656858e+00 -4.59850872e-01 -1.25460790e+00 
 9.63633833e-04 -1.81209806e+00 -4.53733771e-01 -1.25065435e+00 
 9.64133833e-04 -1.78760966e+00 -4.47612192e-01 -1.24668847e+00 
 9.64633833e-04 -1.76310362e+00 -4.41486196e-01 -1.24271027e+00 
 9.65133833e-04 -1.73858017e+00 -4.35355843e-01 -1.23871982e+00 
 9.65633833e-04 -1.71403957e+00 -4.29221194e-01 -1.23471714e+00 
 9.66133833e-04 -1.68948205e+00 -4.23082308e-01 -1.23070227e+00 
 9.66633833e-04 -1.66490785e+00 -4.16939247e-01 -1.22667526e+00 
 9.67133833e-04 -1.64031722e+00 -4.10792072e-01 -1.22263614e+00 
 9.67633833e-04 -1.61571041e+00 -4.04640843e-01 -1.21858495e+00 
 9.68133833e-04 -1.59108764e+00 -3.98485620e-01 -1.21452174e+00 
 9.68633833e-04 -1.56644918e+00 -3.92326465e-01 -1.21044655e+00 
 9.69133833e-04 -1.54179525e+00 -3.86163438e-01 -1.20635940e+00 
 9.69633833e-04 -1.51712610e+00 -3.79996600e-01 -1.20226035e+00 
 9.70133833e-04 -1.49244199e+00 -3.73826012e-01 -1.19814944e+00 
 9.70633833e-04 -1.46774314e+00 -3.67651735e-01 -1.19402670e+00 
 9.71133833e-04 -1.44302981e+00 -3.61473830e-01 -1.18989218e+00 
 9.71633833e-04 -1.41830223e+00 -3.55292357e-01 -1.18574591e+00 
 9.72133833e-04 -1.39356066e+00 -3.49107378e-01 -1.18158795e+00 
 9.72633833e-04 -1.36880533e+00 -3.42918954e-01 -1.17741832e+00 
 9.73133833e-04 -1.34403650e+00 -3.36727146e-01 -1.17323707e+00 
 9.73633833e-04 -1.31925439e+00 -3.30532015e-01 -1.16904424e+00 
 9.74133833e-04 -1.29445927e+00 -3.24333622e-01 -1.16483988e+00 
 9.74633833e-04 -1.26965137e+00 -3.18132028e-01 -1.16062402e+00 
 9.75133833e-04 -1.24483094e+00 -3.11927295e-01 -1.15639670e+00 
 9.75633833e-04 -1.21999823e+00 -3.05719484e-01 -1.15215798e+00 
 9.76133833e-04 -1.19515347e+00 -2.99508655e-01 -1.14790788e+00 
 9.76633833e-04 -1.17029692e+00 -2.93294871e-01 -1.14364645e+00 
 9.77133833e-04 -1.14542882e+00 -2.87078193e-01 -1.13937374e+00 
 9.77633833e-04 -1.12054941e+00 -2.80858681e-01 -1.13508978e+00 
 9.78133833e-04 -1.09565895e+00 -2.74636398e-01 -1.13079462e+00 
 9.78633833e-04 -1.07075767e+00 -2.68411405e-01 -1.12648831e+00 
 9.79133833e-04 -1.04584582e+00 -2.62183763e-01 -1.12217087e+00 
 9.79633833e-04 -1.02092365e+00 -2.55953534e-01 -1.11784236e+00 
 9.80133833e-04 -9.95991404e-01 -2.49720779e-01 -1.11350282e+00 
 9.80633833e-04 -9.71049328e-01 -2.43485560e-01 -1.10915228e+00 
 9.81133833e-04 -9.46097668e-01 -2.37247937e-01 -1.10479081e+00 
 9.81633833e-04 -9.21136671e-01 -2.31007974e-01 -1.10041843e+00 
 9.82133833e-04 -8.96166582e-01 -2.24765731e-01 -1.09603518e+00 
 9.82633833e-04 -8.71187649e-01 -2.18521270e-01 -1.09164113e+00 
 9.83133833e-04 -8.46200117e-01 -2.12274653e-01 -1.08723630e+00 
 9.83633833e-04 -8.21204233e-01 -2.06025941e-01 -1.08282074e+00 
 9.84133833e-04 -7.96200245e-01 -1.99775196e-01 -1.07839449e+00 
 9.84633833e-04 -7.71188398e-01 -1.93522480e-01 -1.07395760e+00 
 9.85133833e-04 -7.46168940e-01 -1.87267854e-01 -1.06951011e+00 
 9.85633833e-04 -7.21142118e-01 -1.81011380e-01 -1.06505207e+00 
 9.86133833e-04 -6.96108178e-01 -1.74753120e-01 -1.06058352e+00 
 9.86633833e-04 -6.71067368e-01 -1.68493136e-01 -1.05610449e+00 
 9.87133833e-04 -6.46019935e-01 -1.62231489e-01 -1.05161505e+00 
 9.87633833e-04 -6.20966126e-01 -1.55968241e-01 -1.04711523e+00 
 9.88133833e-04 -5.95906188e-01 -1.49703454e-01 -1.04260508e+00 
 9.88633833e-04 -5.70840369e-01 -1.43437190e-01 -1.03808463e+00 
 9.89133833e-04 -5.45768916e-01 -1.37169511e-01 -1.03355394e+00 
 9.89633833e-04 -5.20692076e-01 -1.30900478e-01 -1.02901305e+00 
 9.90133833e-04 -4.95610098e-01 -1.24630154e-01 -1.02446201e+00 
 9.90633833e-04 -4.70523228e-01 -1.18358600e-01 -1.01990085e+00 
 9.91133833e-04 -4.45431714e-01 -1.12085879e-01 -1.01532964e+00 
 9.91633833e-04 -4.20335803e-01 -1.05812051e-01 -1.01074840e+00 
 9.92133833e-04 -3.95235745e-01 -9.95371794e-02 -1.00615718e+00 
 9.92633833e-04 -3.70131785e-01 -9.32613258e-02 -1.00155604e+00 
 9.93133833e-04 -3.45024172e-01 -8.69845522e-02 -9.96945009e-01 
 9.93633833e-04 -3.19913155e-01 -8.07069203e-02 -9.92324142e-01 
 9.94133833e-04 -2.94798979e-01 -7.44284923e-02 -9.87693483e-01 
 9.94633833e-04 -2.69681894e-01 -6.81493301e-02 -9.83053076e-01 
 9.95133833e-04 -2.44562148e-01 -6.18694956e-02 -9.78402967e-01 
 9.95633833e-04 -2.19439988e-01 -5.55890509e-02 -9.73743203e-01 
 9.96133833e-04 -1.94315662e-01 -4.93080579e-02 -9.69073829e-01 
 9.96633833e-04 -1.69189418e-01 -4.30265786e-02 -9.64394892e-01 
 9.97133833e-04 -1.44061504e-01 -3.67446750e-02 -9.59706438e-01 
 9.97633833e-04 -1.18932169e-01 -3.04624091e-02 -9.55008512e-01 
 9.98133833e-04 -9.38016593e-02 -2.41798429e-02 -9.50301162e-01 
 9.98633833e-04 -6.86702242e-02 -1.78970385e-02 -9.45584433e-01 
 9.99133833e-04 -4.35381114e-02 -1.16140578e-02 -9.40858373e-01 
 9.99633833e-04 -1.84055689e-02 -5.33096276e-03 -9.36123027e-01 
 1.00013383e-03  6.72715534e-03  9.52184482e-04 -9.31378444e-01 
 1.00063383e-03  3.18598131e-02  7.23532197e-03 -9.26624669e-01 
 1.00113383e-03  5.69921565e-02  1.35183877e-02 -9.21861749e-01 
 1.00163383e-03  8.21239374e-02  1.98013196e-02 -9.17089732e-01 
 1.00213383e-03  1.07254908e-01  2.60840558e-02 -9.12308665e-01 
 1.00263383e-03  1.32384819e-01  3.23665341e-02 -9.07518594e-01 
 1.00313383e-03  1.57513425e-01  3.86486926e-02 -9.02719567e-01 
 1.00363383e-03  1.82640475e-01  4.49304693e-02 -8.97911632e-01 
 1.00413383e-03  2.07765723e-01  5.12118023e-02 -8.93094835e-01 
 1.00463383e-03  2.32888921e-01  5.74926294e-02 -8.88269225e-01 
 1.00513383e-03  2.58009820e-01  6.37728887e-02 -8.83434849e-01 
 1.00563383e-03  2.83128172e-01  7.00525182e-02 -8.78591755e-01 
 1.00613383e-03  3.08243730e-01  7.63314560e-02 -8.73739990e-01 
 1.00663383e-03  3.33356246e-01  8.26096401e-02 -8.68879602e-01 
 1.00713383e-03  3.58465472e-01  8.88870085e-02 -8.64010641e-01 
 1.00763383e-03  3.83571160e-01  9.51634992e-02 -8.59133152e-01 
 1.00813383e-03  4.08673062e-01  1.01439050e-01 -8.54247185e-01 
 1.00863383e-03  4.33770931e-01  1.07713600e-01 -8.49352788e-01 
 1.00913383e-03  4.58864518e-01  1.13987086e-01 -8.44450009e-01 
 1.00963383e-03  4.83953577e-01  1.20259447e-01 -8.39538897e-01 
 1.01013383e-03  5.09037859e-01  1.26530621e-01 -8.34619499e-01 
 1.01063383e-03  5.34117118e-01  1.32800545e-01 -8.29691865e-01 
 1.01113383e-03  5.59191105e-01  1.39069158e-01 -8.24756044e-01 
 1.01163383e-03  5.84259573e-01  1.45336399e-01 -8.19812083e-01 
 1.01213383e-03  6.09322274e-01  1.51602204e-01 -8.14860032e-01 
 1.01263383e-03  6.34378962e-01  1.57866513e-01 -8.09899939e-01 
 1.01313383e-03  6.59429388e-01  1.64129264e-01 -8.04931854e-01 
 1.01363383e-03  6.84473307e-01  1.70390394e-01 -7.99955826e-01 
 1.01413383e-03  7.09510469e-01  1.76649843e-01 -7.94971903e-01 
 1.01463383e-03  7.34540630e-01  1.82907547e-01 -7.89980135e-01 
 1.01513383e-03  7.59563540e-01  1.89163446e-01 -7.84980572e-01 
 1.01563383e-03  7.84578954e-01  1.95417477e-01 -7.79973261e-01 
 1.01613383e-03  8.09586625e-01  2.01669580e-01 -7.74958254e-01 
 1.01663383e-03  8.34586305e-01  2.07919692e-01 -7.69935599e-01 
 1.01713383e-03  8.59577749e-01  2.14167751e-01 -7.64905346e-01 
 1.01763383e-03  8.84560708e-01  2.20413696e-01 -7.59867545e-01 
 1.01813383e-03  9.09534937e-01  2.26657466e-01 -7.54822245e-01 
 1.01863383e-03  9.34500190e-01  2.32898998e-01 -7.49769496e-01 
 1.01913383e-03  9.59456219e-01  2.39138231e-01 -7.44709349e-01 
 1.01963383e-03  9.84402779e-01  2.45375103e-01 -7.39641852e-01 
 1.02013383e-03  1.00933962e+00  2.51609554e-01 -7.34567056e-01 
 1.02063383e-03  1.03426651e+00  2.57841521e-01 -7.29485011e-01 
 1.02113383e-03  1.05918318e+00  2.64070942e-01 -7.24395768e-01 
 1.02163383e-03  1.08408940e+00  2.70297757e-01 -7.19299376e-01 
 1.02213383e-03  1.10898492e+00  2.76521904e-01 -7.14195885e-01 
 1.02263383e-03  1.13386950e+00  2.82743322e-01 -7.09085347e-01 
 1.02313383e-03  1.15874289e+00  2.88961948e-01 -7.03967812e-01 
 1.02363383e-03  1.18360483e+00  2.95177722e-01 -6.98843329e-01 
 1.02413383e-03  1.20845510e+00  3.01390583e-01 -6.93711950e-01 
 1.02463383e-03  1.23329344e+00  3.07600469e-01 -6.88573726e-01 
 1.02513383e-03  1.25811961e+00  3.13807318e-01 -6.83428706e-01 
 1.02563383e-03  1.28293336e+00  3.20011070e-01 -6.78276942e-01 
 1.02613383e-03  1.30773445e+00  3.26211663e-01 -6.73118485e-01 
 1.02663383e-03  1.33252263e+00  3.32409036e-01 -6.67953386e-01 
 1.02713383e-03  1.35729766e+00  3.38603128e-01 -6.62781695e-01 
 1.02763383e-03  1.38205930e+00  3.44793878e-01 -6.57603463e-01 
 1.02813383e-03  1.40680729e+00  3.50981225e-01 -6.52418743e-01 
 1.02863383e-03  1.43154140e+00  3.57165107e-01 -6.47227584e-01 
 1.02913383e-03  1.45626139e+00  3.63345464e-01 -6.42030038e-01 
 1.02963383e-03  1.48096699e+00  3.69522234e-01 -6.36826157e-01 
 1.03013383e-03  1.50565799e+00  3.75695357e-01 -6.31615991e-01 
 1.03063383e-03  1.53033412e+00  3.81864771e-01 -6.26399593e-01 
 1.03113383e-03  1.55499515e+00  3.88030417e-01 -6.21177013e-01 
 1.03163383e-03  1.57964083e+00  3.94192232e-01 -6.15948303e-01 
 1.03213383e-03  1.60427092e+00  4.00350157e-01 -6.10713516e-01 
 1.03263383e-03  1.62888517e+00  4.06504130e-01 -6.05472702e-01 
 1.03313383e-03  1.65348335e+00  4.12654090e-01 -6.00225913e-01 
 1.03363383e-03  1.67806521e+00  4.18799977e-01 -5.94973201e-01 
 1.03413383e-03  1.70263051e+00  4.24941731e-01 -5.89714618e-01 
 1.03463383e-03  1.72717901e+00  4.31079290e-01 -5.84450215e-01 
 1.03513383e-03  1.75171046e+00  4.37212595e-01 -5.79180046e-01 
 1.03563383e-03  1.77622462e+00  4.43341584e-01 -5.73904161e-01 
 1.03613383e-03  1.80072125e+00  4.49466197e-01 -5.68622613e-01 
 1.03663383e-03  1.82520010e+00  4.55586373e-01 -5.63335453e-01 
 1.03713383e-03  1.84966095e+00  4.61702053e-01 -5.58042735e-01 
 1.03763383e-03  1.87410353e+00  4.67813176e-01 -5.52744510e-01 
 1.03813383e-03  1.89852762e+00  4.73919681e-01 -5.47440831e-01 
 1.03863383e-03  1.92293298e+00  4.80021508e-01 -5.42131750e-01 
 1.03913383e-03  1.94731935e+00  4.86118598e-01 -5.36817320e-01 
 1.03963383e-03  1.97168651e+00  4.92210889e-01 -5.31497592e-01 
 1.04013383e-03  1.99603420e+00  4.98298322e-01 -5.26172619e-01 
 1.04063383e-03  2.02036220e+00  5.04380837e-01 -5.20842454e-01 
 1.04113383e-03  2.04467025e+00  5.10458374e-01 -5.15507150e-01 
 1.04163383e-03  2.06895813e+00  5.16530872e-01 -5.10166759e-01 
 1.04213383e-03  2.09322558e+00  5.22598271e-01 -5.04821334e-01 
 1.04263383e-03  2.11747238e+00  5.28660513e-01 -4.99470928e-01 
 1.04313383e-03  2.14169828e+00  5.34717536e-01 -4.94115593e-01 
 1.04363383e-03  2.16590304e+00  5.40769282e-01 -4.88755382e-01 
 1.04413383e-03  2.19008642e+00  5.46815691e-01 -4.83390349e-01 
 1.04463383e-03  2.21424819e+00  5.52856702e-01 -4.78020545e-01 
 1.04513383e-03  2.23838810e+00  5.58892256e-01 -4.72646025e-01 
 1.04563383e-03  2.26250593e+00  5.64922294e-01 -4.67266841e-01 
 1.04613383e-03  2.28660142e+00  5.70946756e-01 -4.61883046e-01 
 1.04663383e-03  2.31067434e+00  5.76965583e-01 -4.56494694e-01 
 1.04713383e-03  2.33472446e+00  5.82978714e-01 -4.51101837e-01 
 1.04763383e-03  2.35875154e+00  5.88986092e-01 -4.45704530e-01 
 1.04813383e-03  2.38275533e+00  5.94987657e-01 -4.40302824e-01 
 1.04863383e-03  2.40673561e+00  6.00983349e-01 -4.34896774e-01 
 1.04913383e-03  2.43069214e+00  6.06973109e-01 -4.29486432e-01 
 1.04963383e-03  2.45462468e+00  6.12956878e-01 -4.24071853e-01 
 1.05013383e-03  2.47853299e+00  6.18934597e-01 -4.18653089e-01 
 1.05063383e-03  2.50241683e+00  6.24906207e-01 -4.13230194e-01 
 1.05113383e-03  2.52627598e+00  6.30871650e-01 -4.07803222e-01 
 1.05163383e-03  2.55011020e+00  6.36830865e-01 -4.02372226e-01 
 1.05213383e-03  2.57391925e+00  6.42783795e-01 -3.96937260e-01 
 1.05263383e-03  2.59770289e+00  6.48730381e-01 -3.91498378e-01 
 1.05313383e-03  2.62146090e+00  6.54670564e-01 -3.86055632e-01 
 1.05363383e-03  2.64519303e+00  6.60604285e-01 -3.80609078e-01 
 1.05413383e-03  2.66889906e+00  6.66531485e-01 -3.75158768e-01 
 1.05463383e-03  2.69257874e+00  6.72452107e-01 -3.69704756e-01 
 1.05513383e-03  2.71623185e+00  6.78366092e-01 -3.64247097e-01 
 1.05563383e-03  2.73985816e+00  6.84273382e-01 -3.58785843e-01 
 1.05613383e-03  2.76345742e+00  6.90173917e-01 -3.53321050e-01 
 1.05663383e-03  2.78702941e+00  6.96067641e-01 -3.47852770e-01 
 1.05713383e-03  2.81057389e+00  7.01954494e-01 -3.42381059e-01 
 1.05763383e-03  2.83409063e+00  7.07834419e-01 -3.36905969e-01 
 1.05813383e-03  2.85757940e+00  7.13707358e-01 -3.31427555e-01 
 1.05863383e-03  2.88103996e+00  7.19573252e-01 -3.25945871e-01 
 1.05913383e-03  2.90447210e+00  7.25432044e-01 -3.20460972e-01 
 1.05963383e-03  2.92787556e+00  7.31283676e-01 -3.14972910e-01 
 1.06013383e-03  2.95125013e+00  7.37128090e-01 -3.09481741e-01 
 1.06063383e-03  2.97459557e+00  7.42965229e-01 -3.03987519e-01 
 1.06113383e-03  2.99791166e+00  7.48795035e-01 -2.98490297e-01 
 1.06163383e-03  3.02119815e+00  7.54617450e-01 -2.92990131e-01 
 1.06213383e-03  3.04445483e+00  7.60432417e-01 -2.87487073e-01 
 1.06263383e-03  3.06768146e+00  7.66239879e-01 -2.81981180e-01 
 1.06313383e-03  3.09087781e+00  7.72039778e-01 -2.76472504e-01 
 1.06363383e-03  3.11404366e+00  7.77832057e-01 -2.70961101e-01 
 1.06413383e-03  3.13717877e+00  7.83616658e-01 -2.65447025e-01 
 1.06463383e-03  3.16028292e+00  7.89393526e-01 -2.59930330e-01 
 1.06513383e-03  3.18335588e+00  7.95162602e-01 -2.54411071e-01 
 1.06563383e-03  3.20639742e+00  8.00923830e-01 -2.48889301e-01 
 1.06613383e-03  3.22940732e+00  8.06677152e-01 -2.43365077e-01 
 1.06663383e-03  3.25238534e+00  8.12422513e-01 -2.37838451e-01 
 1.06713383e-03  3.27533126e+00  8.18159856e-01 -2.32309479e-01 
 1.06763383e-03  3.29824486e+00  8.23889123e-01 -2.26778216e-01 
 1.06813383e-03  3.32112590e+00  8.29610258e-01 -2.21244715e-01 
 1.06863383e-03  3.34397417e+00  8.35323205e-01 -2.15709032e-01 
 1.06913383e-03  3.36678943e+00  8.41027908e-01 -2.10171221e-01 
 1.06963383e-03  3.38957146e+00  8.46724310e-01 -2.04631337e-01 
 1.07013383e-03  3.41232004e+00  8.52412354e-01 -1.99089434e-01 
 1.07063383e-03  3.43503494e+00  8.58091986e-01 -1.93545567e-01 
 1.07113383e-03  3.45771594e+00  8.63763148e-01 -1.87999791e-01 
 1.07163383e-03  3.48036281e+00  8.69425784e-01 -1.82452161e-01 
 1.07213383e-03  3.50297534e+00  8.75079840e-01 -1.76902731e-01 
 1.07263383e-03  3.52555329e+00  8.80725259e-01 -1.71351556e-01 
 1.07313383e-03  3.54809644e+00  8.86361985e-01 -1.65798691e-01 
 1.07363383e-03  3.57060458e+00  8.91989962e-01 -1.60244191e-01 
 1.07413383e-03  3.59307747e+00  8.97609136e-01 -1.54688110e-01 
 1.07463383e-03  3.61551490e+00  9.03219451e-01 -1.49130504e-01 
 1.07513383e-03  3.63791665e+00  9.08820850e-01 -1.43571427e-01 
 1.07563383e-03  3.66028250e+00  9.14413280e-01 -1.38010934e-01 
 1.07613383e-03  3.68261222e+00  9.19996685e-01 -1.32449080e-01 
 1.07663383e-03  3.70490559e+00  9.25571009e-01 -1.26885920e-01 
 1.07713383e-03  3.72716240e+00  9.31136198e-01 -1.21321509e-01 
 1.07763383e-03  3.74938242e+00  9.36692197e-01 -1.15755901e-01 
 1.07813383e-03  3.77156544e+00  9.42238951e-01 -1.10189152e-01 
 1.07863383e-03  3.79371123e+00  9.47776405e-01 -1.04621317e-01 
 1.07913383e-03  3.81581958e+00  9.53304505e-01 -9.90524497e-02 
 1.07963383e-03  3.83789027e+00  9.58823196e-01 -9.34826063e-02 
 1.08013383e-03  3.85992308e+00  9.64332423e-01 -8.79118413e-02 
 1.08063383e-03  3.88191780e+00  9.69832133e-01 -8.23402097e-02 
 1.08113383e-03  3.90387420e+00  9.75322270e-01 -7.67677665e-02 
 1.08163383e-03  3.92579207e+00  9.80802781e-01 -7.11945668e-02 
 1.08213383e-03  3.94767120e+00  9.86273612e-01 -6.56206655e-02 
 1.08263383e-03  3.96951137e+00  9.91734708e-01 -6.00461176e-02 
 1.08313383e-03  3.99131235e+00  9.97186016e-01 -5.44709782e-02 
 1.08363383e-03  4.01307395e+00  1.00262748e+00 -4.88953023e-02 
 1.08413383e-03  4.03479594e+00  1.00805905e+00 -4.33191449e-02 
 1.08463383e-03  4.05647810e+00  1.01348067e+00 -3.77425611e-02 
 1.08513383e-03  4.07812023e+00  1.01889229e+00 -3.21656058e-02 
 1.08563383e-03  4.09972211e+00  1.02429385e+00 -2.65883342e-02 
 1.08613383e-03  4.12128353e+00  1.02968530e+00 -2.10108012e-02 
 1.08663383e-03  4.14280427e+00  1.03506659e+00 -1.54330620e-02 
 1.08713383e-03  4.16428413e+00  1.04043767e+00 -9.85517153e-03 
 1.08763383e-03  4.18572288e+00  1.04579847e+00 -4.27718491e-03 
 1.08813383e-03  4.20712033e+00  1.05114895e+00  1.30084284e-03 
 1.08863383e-03  4.22847625e+00  1.05648906e+00  6.87885664e-03 
 1.08913383e-03  4.24979044e+00  1.06181874e+00  1.24568015e-02 
 1.08963383e-03  4.27106268e+00  1.06713794e+00  1.80346222e-02 
 1.09013383e-03  4.29229277e+00  1.07244661e+00  2.36122639e-02 
 1.09063383e-03  4.31348050e+00  1.07774469e+00  2.91896715e-02 
 1.09113383e-03  4.33462565e+00  1.08303214e+00  3.47667898e-02 
 1.09163383e-03  4.35572803e+00  1.08830890e+00  4.03435640e-02 
 1.09213383e-03  4.37678741e+00  1.09357491e+00  4.59199388e-02 
 1.09263383e-03  4.39780360e+00  1.09883014e+00  5.14958594e-02 
 1.09313383e-03  4.41877638e+00  1.10407451e+00  5.70712706e-02 
 1.09363383e-03  4.43970555e+00  1.10930799e+00  6.26461174e-02 
 1.09413383e-03  4.46059090e+00  1.11453052e+00  6.82203449e-02 
 1.09463383e-03  4.48143223e+00  1.11974205e+00  7.37938979e-02 
 1.09513383e-03  4.50222933e+00  1.12494253e+00  7.93667215e-02 
 1.09563383e-03  4.52298200e+00  1.13013191e+00  8.49387608e-02 
 1.09613383e-03  4.54369002e+00  1.13531013e+00  9.05099606e-02 
 1.09663383e-03  4.56435320e+00  1.14047715e+00  9.60802660e-02 
 1.09713383e-03  4.58497133e+00  1.14563291e+00  1.01649622e-01 
 1.09763383e-03  4.60554421e+00  1.15077737e+00  1.07217974e-01 
 1.09813383e-03  4.62607163e+00  1.15591046e+00  1.12785266e-01 
 1.09863383e-03  4.64655340e+00  1.16103215e+00  1.18351444e-01 
 1.09913383e-03  4.66698931e+00  1.16614238e+00  1.23916453e-01 
 1.09963383e-03  4.68737916e+00  1.17124110e+00  1.29480238e-01 
 1.10013383e-03  4.70772274e+00  1.17632826e+00  1.35042744e-01 
 1.10063383e-03  4.72801986e+00  1.18140380e+00  1.40603916e-01 
 1.10113383e-03  4.74827032e+00  1.18646769e+00  1.46163699e-01 
 1.10163383e-03  4.76847391e+00  1.19151987e+00  1.51722038e-01 
 1.10213383e-03  4.78863044e+00  1.19656029e+00  1.57278879e-01 
 1.10263383e-03  4.80873971e+00  1.20158890e+00  1.62834167e-01 
 1.10313383e-03  4.82880152e+00  1.20660565e+00  1.68387846e-01 
 1.10363383e-03  4.84881566e+00  1.21161049e+00  1.73939862e-01 
 1.10413383e-03  4.86878196e+00  1.21660337e+00  1.79490161e-01 
 1.10463383e-03  4.88870020e+00  1.22158425e+00  1.85038687e-01 
 1.10513383e-03  4.90857019e+00  1.22655306e+00  1.90585385e-01 
 1.10563383e-03  4.92839174e+00  1.23150978e+00  1.96130202e-01 
 1.10613383e-03  4.94816464e+00  1.23645433e+00  2.01673081e-01 
 1.10663383e-03  4.96788871e+00  1.24138669e+00  2.07213969e-01 
 1.10713383e-03  4.98756375e+00  1.24630679e+00  2.12752811e-01 
 1.10763383e-03  5.00718956e+00  1.25121459e+00  2.18289552e-01 
 1.10813383e-03  5.02676595e+00  1.25611004e+00  2.23824138e-01 
 1.10863383e-03  5.04629273e+00  1.26099310e+00  2.29356513e-01 
 1.10913383e-03  5.06576971e+00  1.26586371e+00  2.34886623e-01 
 1.10963383e-03  5.08519669e+00  1.27072182e+00  2.40414415e-01 
 1.11013383e-03  5.10457348e+00  1.27556740e+00  2.45939832e-01 
 1.11063383e-03  5.12389989e+00  1.28040038e+00  2.51462821e-01 
 1.11113383e-03  5.14317573e+00  1.28522073e+00  2.56983327e-01 
 1.11163383e-03  5.16240080e+00  1.29002839e+00  2.62501295e-01 
 1.11213383e-03  5.18157493e+00  1.29482332e+00  2.68016672e-01 
 1.11263383e-03  5.20069792e+00  1.29960547e+00  2.73529402e-01 
 1.11313383e-03  5.21976958e+00  1.30437480e+00  2.79039432e-01 
 1.11363383e-03  5.23878972e+00  1.30913125e+00  2.84546706e-01 
 1.11413383e-03  5.25775816e+00  1.31387478e+00  2.90051171e-01 
 1.11463383e-03  5.27667470e+00  1.31860534e+00  2.95552772e-01 
 1.11513383e-03  5.29553917e+00  1.32332289e+00  3.01051455e-01 
 1.11563383e-03  5.31435137e+00  1.32802737e+00  3.06547166e-01 
 1.11613383e-03  5.33311112e+00  1.33271875e+00  3.12039850e-01 
 1.11663383e-03  5.35181823e+00  1.33739698e+00  3.17529454e-01 
 1.11713383e-03  5.37047253e+00  1.34206201e+00  3.23015922e-01 
 1.11763383e-03  5.38907382e+00  1.34671379e+00  3.28499202e-01 
 1.11813383e-03  5.40762192e+00  1.35135228e+00  3.33979238e-01 
 1.11863383e-03  5.42611665e+00  1.35597743e+00  3.39455976e-01 
 1.11913383e-03  5.44455783e+00  1.36058920e+00  3.44929364e-01 
 1.11963383e-03  5.46294527e+00  1.36518754e+00  3.50399345e-01 
 1.12013383e-03  5.48127880e+00  1.36977241e+00  3.55865868e-01 
 1.12063383e-03  5.49955822e+00  1.37434375e+00  3.61328877e-01 
 1.12113383e-03  5.51778337e+00  1.37890154e+00  3.66788319e-01 
 1.12163383e-03  5.53595406e+00  1.38344571e+00  3.72244140e-01 
 1.12213383e-03  5.55407012e+00  1.38797623e+00  3.77696286e-01 
 1.12263383e-03  5.57213135e+00  1.39249305e+00  3.83144702e-01 
 1.12313383e-03  5.59013759e+00  1.39699613e+00  3.88589337e-01 
 1.12363383e-03  5.60808866e+00  1.40148542e+00  3.94030135e-01 
 1.12413383e-03  5.62598438e+00  1.40596088e+00  3.99467043e-01 
 1.12463383e-03  5.64382458e+00  1.41042246e+00  4.04900007e-01 
 1.12513383e-03  5.66160907e+00  1.41487012e+00  4.10328974e-01 
 1.12563383e-03  5.67933768e+00  1.41930382e+00  4.15753891e-01 
 1.12613383e-03  5.69701024e+00  1.42372350e+00  4.21174702e-01 
 1.12663383e-03  5.71462657e+00  1.42812914e+00  4.26591356e-01 
 1.12713383e-03  5.73218651e+00  1.43252068e+00  4.32003799e-01 
 1.12763383e-03  5.74968986e+00  1.43689809e+00  4.37411977e-01 
 1.12813383e-03  5.76713648e+00  1.44126131e+00  4.42815836e-01 
 1.12863383e-03  5.78452617e+00  1.44561031e+00  4.48215324e-01 
 1.12913383e-03  5.80185877e+00  1.44994504e+00  4.53610388e-01 
 1.12963383e-03  5.81913411e+00  1.45426546e+00  4.59000973e-01 
 1.13013383e-03  5.83635201e+00  1.45857152e+00  4.64387027e-01 
 1.13063383e-03  5.85351232e+00  1.46286319e+00  4.69768496e-01 
 1.13113383e-03  5.87061485e+00  1.46714043e+00  4.75145329e-01 
 1.13163383e-03  5.88765944e+00  1.47140318e+00  4.80517470e-01 
 1.13213383e-03  5.90464592e+00  1.47565141e+00  4.85884868e-01 
 1.13263383e-03  5.92157413e+00  1.47988508e+00  4.91247469e-01 
 1.13313383e-03  5.93844389e+00  1.48410414e+00  4.96605221e-01 
 1.13363383e-03  5.95525504e+00  1.48830855e+00  5.01958071e-01 
 1.13413383e-03  5.97200742e+00  1.49249827e+00  5.07305965e-01 
 1.13463383e-03  5.98870085e+00  1.49667327e+00  5.12648851e-01 
 1.13513383e-03  6.00533518e+00  1.50083349e+00  5.17986677e-01 
 1.13563383e-03  6.02191024e+00  1.50497890e+00  5.23319389e-01 
 1.13613383e-03  6.03842587e+00  1.50910946e+00  5.28646935e-01 
 1.13663383e-03  6.05488190e+00  1.51322512e+00  5.33969263e-01 
 1.13713383e-03  6.07127816e+00  1.51732585e+00  5.39286319e-01 
 1.13763383e-03  6.08761451e+00  1.52141160e+00  5.44598052e-01 
 1.13813383e-03  6.10389078e+00  1.52548233e+00  5.49904409e-01 
 1.13863383e-03  6.12010680e+00  1.52953801e+00  5.55205338e-01 
 1.13913383e-03  6.13626242e+00  1.53357860e+00  5.60500785e-01 
 1.13963383e-03  6.15235748e+00  1.53760405e+00  5.65790700e-01 
 1.14013383e-03  6.16839181e+00  1.54161432e+00  5.71075029e-01 
 1.14063383e-03  6.18436527e+00  1.54560938e+00  5.76353722e-01 
 1.14113383e-03  6.20027769e+00  1.54958918e+00  5.81626724e-01 
 1.14163383e-03  6.21612891e+00  1.55355369e+00  5.86893985e-01 
 1.14213383e-03  6.23191879e+00  1.55750287e+00  5.92155453e-01 
 1.14263383e-03  6.24764716e+00  1.56143668e+00  5.97411076e-01 
 1.14313383e-03  6.26331386e+00  1.56535507e+00  6.02660801e-01 
 1.14363383e-03  6.27891875e+00  1.56925802e+00  6.07904577e-01 
 1.14413383e-03  6.29446167e+00  1.57314547e+00  6.13142352e-01 
 1.14463383e-03  6.30994247e+00  1.57701740e+00  6.18374075e-01 
 1.14513383e-03  6.32536099e+00  1.58087377e+00  6.23599693e-01 
 1.14563383e-03  6.34071708e+00  1.58471454e+00  6.28819156e-01 
 1.14613383e-03  6.35601058e+00  1.58853966e+00  6.34032411e-01 
 1.14663383e-03  6.37124136e+00  1.59234911e+00  6.39239408e-01 
 1.14713383e-03  6.38640926e+00  1.59614284e+00  6.44440095e-01 
 1.14763383e-03  6.40151413e+00  1.59992081e+00  6.49634420e-01 
 1.14813383e-03  6.41655581e+00  1.60368300e+00  6.54822333e-01 
 1.14863383e-03  6.43153417e+00  1.60742936e+00  6.60003782e-01 
 1.14913383e-03  6.44644905e+00  1.61115985e+00  6.65178715e-01 
 1.14963383e-03  6.46130030e+00  1.61487445e+00  6.70347083e-01 
 1.15013383e-03  6.47608779e+00  1.61857310e+00  6.75508834e-01 
 1.15063383e-03  6.49081136e+00  1.62225578e+00  6.80663916e-01 
 1.15113383e-03  6.50547087e+00  1.62592245e+00  6.85812280e-01 
 1.15163383e-03  6.52006617e+00  1.62957308e+00  6.90953874e-01 
 1.15213383e-03  6.53459712e+00  1.63320762e+00  6.96088647e-01 
 1.15263383e-03  6.54906357e+00  1.63682604e+00  7.01216549e-01 
 1.15313383e-03  6.56346540e+00  1.64042830e+00  7.06337530e-01 
 1.15363383e-03  6.57780244e+00  1.64401438e+00  7.11451538e-01 
 1.15413383e-03  6.59207456e+00  1.64758423e+00  7.16558523e-01 
 1.15463383e-03  6.60628162e+00  1.65113782e+00  7.21658436e-01 
 1.15513383e-03  6.62042348e+00  1.65467511e+00  7.26751224e-01 
 1.15563383e-03  6.63449999e+00  1.65819608e+00  7.31836839e-01 
 1.15613383e-03  6.64851103e+00  1.66170068e+00  7.36915230e-01 
 1.15663383e-03  6.66245645e+00  1.66518887e+00  7.41986347e-01 
 1.15713383e-03  6.67633612e+00  1.66866064e+00  7.47050140e-01 
 1.15763383e-03  6.69014989e+00  1.67211593e+00  7.52106559e-01 
 1.15813383e-03  6.70389763e+00  1.67555472e+00  7.57155553e-01 
 1.15863383e-03  6.71757921e+00  1.67897698e+00  7.62197074e-01 
 1.15913383e-03  6.73119449e+00  1.68238266e+00  7.67231071e-01 
 1.15963383e-03  6.74474333e+00  1.68577174e+00  7.72257495e-01 
 1.16013383e-03  6.75822561e+00  1.68914418e+00  7.77276296e-01 
 1.16063383e-03  6.77164118e+00  1.69249995e+00  7.82287425e-01 
 1.16113383e-03  6.78498992e+00  1.69583902e+00  7.87290832e-01 
 1.16163383e-03  6.79827170e+00  1.69916135e+00  7.92286467e-01 
 1.16213383e-03  6.81148638e+00  1.70246691e+00  7.97274282e-01 
 1.16263383e-03  6.82463383e+00  1.70575567e+00  8.02254227e-01 
 1.16313383e-03  6.83771393e+00  1.70902759e+00  8.07226254e-01 
 1.16363383e-03  6.85072654e+00  1.71228265e+00  8.12190312e-01 
 1.16413383e-03  6.86367154e+00  1.71552081e+00  8.17146353e-01 
 1.16463383e-03  6.87654879e+00  1.71874203e+00  8.22094329e-01 
 1.16513383e-03  6.88935818e+00  1.72194630e+00  8.27034189e-01 
 1.16563383e-03  6.90209957e+00  1.72513356e+00  8.31965886e-01 
 1.16613383e-03  6.91477285e+00  1.72830381e+00  8.36889371e-01 
 1.16663383e-03  6.92737787e+00  1.73145699e+00  8.41804596e-01 
 1.16713383e-03  6.93991453e+00  1.73459309e+00  8.46711511e-01 
 1.16763383e-03  6.95238269e+00  1.73771206e+00  8.51610068e-01 
 1.16813383e-03  6.96478223e+00  1.74081389e+00  8.56500219e-01 
 1.16863383e-03  6.97711303e+00  1.74389854e+00  8.61381916e-01 
 1.16913383e-03  6.98937498e+00  1.74696597e+00  8.66255110e-01 
 1.16963383e-03  7.00156794e+00  1.75001617e+00  8.71119754e-01 
 1.17013383e-03  7.01369179e+00  1.75304909e+00  8.75975800e-01 
 1.17063383e-03  7.02574643e+00  1.75606471e+00  8.80823199e-01 
 1.17113383e-03  7.03773172e+00  1.75906300e+00  8.85661903e-01 
 1.17163383e-03  7.04964756e+00  1.76204392e+00  8.90491865e-01 
 1.17213383e-03  7.06149381e+00  1.76500746e+00  8.95313038e-01 
 1.17263383e-03  7.07327038e+00  1.76795358e+00  9.00125373e-01 
 1.17313383e-03  7.08497713e+00  1.77088225e+00  9.04928824e-01 
 1.17363383e-03  7.09661396e+00  1.77379344e+00  9.09723342e-01 
 1.17413383e-03  7.10818074e+00  1.77668713e+00  9.14508881e-01 
 1.17463383e-03  7.11967737e+00  1.77956328e+00  9.19285392e-01 
 1.17513383e-03  7.13110374e+00  1.78242187e+00  9.24052830e-01 
 1.17563383e-03  7.14245972e+00  1.78526286e+00  9.28811147e-01 
 1.17613383e-03  7.15374521e+00  1.78808624e+00  9.33560296e-01 
 1.17663383e-03  7.16496009e+00  1.79089197e+00  9.38300230e-01 
 1.17713383e-03  7.17610426e+00  1.79368003e+00  9.43030903e-01 
 1.17763383e-03  7.18717761e+00  1.79645038e+00  9.47752267e-01 
 1.17813383e-03  7.19818001e+00  1.79920300e+00  9.52464277e-01 
 1.17863383e-03  7.20911138e+00  1.80193787e+00  9.57166885e-01 
 1.17913383e-03  7.21997160e+00  1.80465495e+00  9.61860045e-01 
 1.17963383e-03  7.23076055e+00  1.80735422e+00  9.66543711e-01 
 1.18013383e-03  7.24147814e+00  1.81003565e+00  9.71217837e-01 
 1.18063383e-03  7.25212427e+00  1.81269922e+00  9.75882376e-01 
 1.18113383e-03  7.26269881e+00  1.81534490e+00  9.80537283e-01 
 1.18163383e-03  7.27320168e+00  1.81797267e+00  9.85182511e-01 
 1.18213383e-03  7.28363276e+00  1.82058249e+00  9.89818016e-01 
 1.18263383e-03  7.29399196e+00  1.82317434e+00  9.94443750e-01 
 1.18313383e-03  7.30427916e+00  1.82574820e+00  9.99059668e-01 
 1.18363383e-03  7.31449428e+00  1.82830404e+00  1.00366573e+00 
 1.18413383e-03  7.32463721e+00  1.83084184e+00  1.00826188e+00 
 1.18463383e-03  7.33470784e+00  1.83336157e+00  1.01284807e+00 
 1.18513383e-03  7.34470609e+00  1.83586320e+00  1.01742428e+00 
 1.18563383e-03  7.35463184e+00  1.83834672e+00  1.02199043e+00 
 1.18613383e-03  7.36448501e+00  1.84081209e+00  1.02654651e+00 
 1.18663383e-03  7.37426549e+00  1.84325929e+00  1.03109244e+00 
 1.18713383e-03  7.38397319e+00  1.84568830e+00  1.03562821e+00 
 1.18763383e-03  7.39360802e+00  1.84809910e+00  1.04015374e+00 
 1.18813383e-03  7.40316987e+00  1.85049166e+00  1.04466902e+00 
 1.18863383e-03  7.41265866e+00  1.85286595e+00  1.04917398e+00 
 1.18913383e-03  7.42207429e+00  1.85522196e+00  1.05366858e+00 
 1.18963383e-03  7.43141666e+00  1.85755966e+00  1.05815279e+00 
 1.19013383e-03  7.44068569e+00  1.85987902e+00  1.06262655e+00 
 1.19063383e-03  7.44988128e+00  1.86218003e+00  1.06708982e+00 
 1.19113383e-03  7.45900335e+00  1.86446266e+00  1.07154256e+00 
 1.19163383e-03  7.46805179e+00  1.86672689e+00  1.07598472e+00 
 1.19213383e-03  7.47702654e+00  1.86897270e+00  1.08041626e+00 
 1.19263383e-03  7.48592748e+00  1.87120006e+00  1.08483714e+00 
 1.19313383e-03  7.49475454e+00  1.87340896e+00  1.08924731e+00 
 1.19363383e-03  7.50350764e+00  1.87559936e+00  1.09364673e+00 
 1.19413383e-03  7.51218667e+00  1.87777125e+00  1.09803536e+00 
 1.19463383e-03  7.52079157e+00  1.87992462e+00  1.10241314e+00 
 1.19513383e-03  7.52932223e+00  1.88205942e+00  1.10678005e+00 
 1.19563383e-03  7.53777859e+00  1.88417566e+00  1.11113603e+00 
 1.19613383e-03  7.54616055e+00  1.88627330e+00  1.11548104e+00 
 1.19663383e-03  7.55446803e+00  1.88835232e+00  1.11981505e+00 
 1.19713383e-03  7.56270095e+00  1.89041270e+00  1.12413800e+00 
 1.19763383e-03  7.57085924e+00  1.89245443e+00  1.12844985e+00 
 1.19813383e-03  7.57894280e+00  1.89447748e+00  1.13275057e+00 
 1.19863383e-03  7.58695156e+00  1.89648184e+00  1.13704010e+00 
 1.19913383e-03  7.59488544e+00  1.89846747e+00  1.14131842e+00 
 1.19963383e-03  7.60274436e+00  1.90043437e+00  1.14558546e+00 
 1.20013383e-03  7.61052825e+00  1.90238252e+00  1.14984121e+00 
 1.20063383e-03  7.61823702e+00  1.90431189e+00  1.15408560e+00 
 1.20113383e-03  7.62587060e+00  1.90622246e+00  1.15831860e+00 
 1.20163383e-03  7.63342892e+00  1.90811422e+00  1.16254016e+00 
 1.20213383e-03  7.64091190e+00  1.90998716e+00  1.16675026e+00 
 1.20263383e-03  7.64831947e+00  1.91184124e+00  1.17094883e+00 
 1.20313383e-03  7.65565155e+00  1.91367645e+00  1.17513585e+00 
 1.20363383e-03  7.66290808e+00  1.91549277e+00  1.17931127e+00 
 1.20413383e-03  7.67008897e+00  1.91729019e+00  1.18347505e+00 
 1.20463383e-03  7.67719416e+00  1.91906869e+00  1.18762715e+00 
 1.20513383e-03  7.68422359e+00  1.92082825e+00  1.19176753e+00 
 1.20563383e-03  7.69117717e+00  1.92256885e+00  1.19589614e+00 
 1.20613383e-03  7.69805484e+00  1.92429048e+00  1.20001295e+00 
 1.20663383e-03  7.70485654e+00  1.92599311e+00  1.20411791e+00 
 1.20713383e-03  7.71158219e+00  1.92767674e+00  1.20821099e+00 
 1.20763383e-03  7.71823173e+00  1.92934134e+00  1.21229215e+00 
 1.20813383e-03  7.72480510e+00  1.93098691e+00  1.21636134e+00 
 1.20863383e-03  7.73130223e+00  1.93261341e+00  1.22041852e+00 
 1.20913383e-03  7.73772305e+00  1.93422084e+00  1.22446366e+00 
 1.20963383e-03  7.74406750e+00  1.93580918e+00  1.22849671e+00 
 1.21013383e-03  7.75033552e+00  1.93737842e+00  1.23251763e+00 
 1.21063383e-03  7.75652705e+00  1.93892853e+00  1.23652639e+00 
 1.21113383e-03  7.76264203e+00  1.94045951e+00  1.24052295e+00 
 1.21163383e-03  7.76868039e+00  1.94197134e+00  1.24450726e+00 
 1.21213383e-03  7.77464208e+00  1.94346400e+00  1.24847929e+00 
 1.21263383e-03  7.78052704e+00  1.94493749e+00  1.25243900e+00 
 1.21313383e-03  7.78633520e+00  1.94639177e+00  1.25638634e+00 
 1.21363383e-03  7.79206652e+00  1.94782685e+00  1.26032128e+00 
 1.21413383e-03  7.79772093e+00  1.94924270e+00  1.26424379e+00 
 1.21463383e-03  7.80329838e+00  1.95063932e+00  1.26815381e+00 
 1.21513383e-03  7.80879882e+00  1.95201669e+00  1.27205132e+00 
 1.21563383e-03  7.81422219e+00  1.95337479e+00  1.27593627e+00 
 1.21613383e-03  7.81956843e+00  1.95471361e+00  1.27980863e+00 
 1.21663383e-03  7.82483750e+00  1.95603314e+00  1.28366836e+00 
 1.21713383e-03  7.83002934e+00  1.95733336e+00  1.28751542e+00 
 1.21763383e-03  7.83514390e+00  1.95861427e+00  1.29134976e+00 
 1.21813383e-03  7.84018113e+00  1.95987585e+00  1.29517137e+00 
 1.21863383e-03  7.84514098e+00  1.96111808e+00  1.29898019e+00 
 1.21913383e-03  7.85002340e+00  1.96234096e+00  1.30277619e+00 
 1.21963383e-03  7.85482835e+00  1.96354447e+00  1.30655933e+00 
 1.22013383e-03  7.85955577e+00  1.96472861e+00  1.31032957e+00 
 1.22063383e-03  7.86420562e+00  1.96589335e+00  1.31408688e+00 
 1.22113383e-03  7.86877786e+00  1.96703869e+00  1.31783122e+00 
 1.22163383e-03  7.87327243e+00  1.96816462e+00  1.32156255e+00 
 1.22213383e-03  7.87768930e+00  1.96927112e+00  1.32528084e+00 
 1.22263383e-03  7.88202842e+00  1.97035819e+00  1.32898605e+00 
 1.22313383e-03  7.88628974e+00  1.97142581e+00  1.33267814e+00 
 1.22363383e-03  7.89047323e+00  1.97247398e+00  1.33635708e+00 
 1.22413383e-03  7.89457885e+00  1.97350268e+00  1.34002283e+00 
 1.22463383e-03  7.89860655e+00  1.97451190e+00  1.34367535e+00 
 1.22513383e-03  7.90255629e+00  1.97550163e+00  1.34731461e+00 
 1.22563383e-03  7.90642804e+00  1.97647187e+00  1.35094057e+00 
 1.22613383e-03  7.91022175e+00  1.97742260e+00  1.35455320e+00 
 1.22663383e-03  7.91393740e+00  1.97835381e+00  1.35815246e+00 
 1.22713383e-03  7.91757493e+00  1.97926550e+00  1.36173831e+00 
 1.22763383e-03  7.92113433e+00  1.98015766e+00  1.36531072e+00 
 1.22813383e-03  7.92461554e+00  1.98103027e+00  1.36886966e+00 
 1.22863383e-03  7.92801854e+00  1.98188333e+00  1.37241508e+00 
 1.22913383e-03  7.93134330e+00  1.98271683e+00  1.37594696e+00 
 1.22963383e-03  7.93458978e+00  1.98353076e+00  1.37946526e+00 
 1.23013383e-03  7.93775794e+00  1.98432512e+00  1.38296995e+00 
 1.23063383e-03  7.94084776e+00  1.98509989e+00  1.38646098e+00 
 1.23113383e-03  7.94385921e+00  1.98585507e+00  1.38993833e+00 
 1.23163383e-03  7.94679226e+00  1.98659065e+00  1.39340196e+00 
 1.23213383e-03  7.94964688e+00  1.98730663e+00  1.39685184e+00 
 1.23263383e-03  7.95242303e+00  1.98800299e+00  1.40028793e+00 
 1.23313383e-03  7.95512070e+00  1.98867973e+00  1.40371019e+00 
 1.23363383e-03  7.95773986e+00  1.98933684e+00  1.40711861e+00 
 1.23413383e-03  7.96028047e+00  1.98997432e+00  1.41051314e+00 
 1.23463383e-03  7.96274252e+00  1.99059216e+00  1.41389374e+00 
 1.23513383e-03  7.96512598e+00  1.99119036e+00  1.41726039e+00 
 1.23563383e-03  7.96743083e+00  1.99176890e+00  1.42061305e+00 
 1.23613383e-03  7.96965704e+00  1.99232778e+00  1.42395169e+00 
 1.23663383e-03  7.97180460e+00  1.99286700e+00  1.42727627e+00 
 1.23713383e-03  7.97387348e+00  1.99338656e+00  1.43058677e+00 
 1.23763383e-03  7.97586366e+00  1.99388644e+00  1.43388315e+00 
 1.23813383e-03  7.97777512e+00  1.99436664e+00  1.43716537e+00 
 1.23863383e-03  7.97960784e+00  1.99482715e+00  1.44043341e+00 
 1.23913383e-03  7.98136181e+00  1.99526798e+00  1.44368723e+00 
 1.23963383e-03  7.98303700e+00  1.99568912e+00  1.44692681e+00 
 1.24013383e-03  7.98463341e+00  1.99609056e+00  1.45015210e+00 
 1.24063383e-03  7.98615101e+00  1.99647230e+00  1.45336308e+00 
 1.24113383e-03  7.98758979e+00  1.99683433e+00  1.45655971e+00 
 1.24163383e-03  7.98894973e+00  1.99717666e+00  1.45974197e+00 
 1.24213383e-03  7.99023083e+00  1.99749928e+00  1.46290982e+00 
 1.24263383e-03  7.99143307e+00  1.99780218e+00  1.46606323e+00 
 1.24313383e-03  7.99255643e+00  1.99808536e+00  1.46920217e+00 
 1.24363383e-03  7.99360091e+00  1.99834883e+00  1.47232662e+00 
 1.24413383e-03  7.99456650e+00  1.99859257e+00  1.47543652e+00 
 1.24463383e-03  7.99545319e+00  1.99881658e+00  1.47853187e+00 
 1.24513383e-03  7.99626096e+00  1.99902087e+00  1.48161262e+00 
 1.24563383e-03  7.99698981e+00  1.99920543e+00  1.48467875e+00 
 1.24613383e-03  7.99763974e+00  1.99937026e+00  1.48773023e+00 
 1.24663383e-03  7.99821073e+00  1.99951535e+00  1.49076702e+00 
 1.24713383e-03  7.99870279e+00  1.99964071e+00  1.49378909e+00 
 1.24763383e-03  7.99911590e+00  1.99974634e+00  1.49679643e+00 
 1.24813383e-03  7.99945006e+00  1.99983223e+00  1.49978899e+00 
 1.24863383e-03  7.99970527e+00  1.99989838e+00  1.50276675e+00 
 1.24913383e-03  7.99988153e+00  1.99994479e+00  1.50572967e+00 
 1.24963383e-03  7.99997883e+00  1.99997146e+00  1.50867773e+00 
 1.25013383e-03  7.99999717e+00  1.99997840e+00  1.51161091e+00 
 1.25063383e-03  7.99993656e+00  1.99996559e+00  1.51452916e+00 
 1.25113383e-03  7.99979699e+00  1.99993305e+00  1.51743246e+00 
 1.25163383e-03  7.99957847e+00  1.99988077e+00  1.52032079e+00 
 1.25213383e-03  7.99928099e+00  1.99980874e+00  1.52319411e+00 
 1.25263383e-03  7.99890457e+00  1.99971699e+00  1.52605240e+00 
 1.25313383e-03  7.99844919e+00  1.99960549e+00  1.52889563e+00 
 1.25363383e-03  7.99791488e+00  1.99947426e+00  1.53172376e+00 
 1.25413383e-03  7.99730163e+00  1.99932330e+00  1.53453678e+00 
 1.25463383e-03  7.99660945e+00  1.99915260e+00  1.53733465e+00 
 1.25513383e-03  7.99583835e+00  1.99896217e+00  1.54011735e+00 
 1.25563383e-03  7.99498833e+00  1.99875201e+00  1.54288485e+00 
 1.25613383e-03  7.99405941e+00  1.99852213e+00  1.54563711e+00 
 1.25663383e-03  7.99305158e+00  1.99827252e+00  1.54837413e+00 
 1.25713383e-03  7.99196487e+00  1.99800319e+00  1.55109586e+00 
 1.25763383e-03  7.99079928e+00  1.99771414e+00  1.55380228e+00 
 1.25813383e-03  7.98955483e+00  1.99740537e+00  1.55649336e+00 
 1.25863383e-03  7.98823152e+00  1.99707689e+00  1.55916909e+00 
 1.25913383e-03  7.98682937e+00  1.99672869e+00  1.56182942e+00 
 1.25963383e-03  7.98534839e+00  1.99636079e+00  1.56447434e+00 
 1.26013383e-03  7.98378860e+00  1.99597319e+00  1.56710382e+00 
 1.26063383e-03  7.98215002e+00  1.99556589e+00  1.56971783e+00 
 1.26113383e-03  7.98043265e+00  1.99513889e+00  1.57231634e+00 
 1.26163383e-03  7.97863652e+00  1.99469219e+00  1.57489934e+00 
 1.26213383e-03  7.97676165e+00  1.99422582e+00  1.57746679e+00 
 1.26263383e-03  7.97480804e+00  1.99373975e+00  1.58001868e+00 
 1.26313383e-03  7.97277573e+00  1.99323402e+00  1.58255497e+00 
 1.26363383e-03  7.97066473e+00  1.99270860e+00  1.58507563e+00 
 1.26413383e-03  7.96847507e+00  1.99216352e+00  1.58758066e+00 
 1.26463383e-03  7.96620675e+00  1.99159878e+00  1.59007001e+00 
 1.26513383e-03  7.96385982e+00  1.99101438e+00  1.59254367e+00 
 1.26563383e-03  7.96143428e+00  1.99041033e+00  1.59500162e+00 
 1.26613383e-03  7.95893017e+00  1.98978664e+00  1.59744382e+00 
 1.26663383e-03  7.95634751e+00  1.98914331e+00  1.59987025e+00 
 1.26713383e-03  7.95368632e+00  1.98848034e+00  1.60228089e+00 
 1.26763383e-03  7.95094663e+00  1.98779775e+00  1.60467572e+00 
 1.26813383e-03  7.94812847e+00  1.98709554e+00  1.60705471e+00 
 1.26863383e-03  7.94523187e+00  1.98637371e+00  1.60941783e+00 
 1.26913383e-03  7.94225684e+00  1.98563228e+00  1.61176508e+00 
 1.26963383e-03  7.93920343e+00  1.98487126e+00  1.61409641e+00 
 1.27013383e-03  7.93607167e+00  1.98409064e+00  1.61641181e+00 
 1.27063383e-03  7.93286158e+00  1.98329044e+00  1.61871126e+00 
 1.27113383e-03  7.92957319e+00  1.98247066e+00  1.62099474e+00 
 1.27163383e-03  7.92620654e+00  1.98163132e+00  1.62326221e+00 
 1.27213383e-03  7.92276167e+00  1.98077242e+00  1.62551366e+00 
 1.27263383e-03  7.91923860e+00  1.97989397e+00  1.62774907e+00 
 1.27313383e-03  7.91563737e+00  1.97899598e+00  1.62996841e+00 
 1.27363383e-03  7.91195801e+00  1.97807845e+00  1.63217166e+00 
 1.27413383e-03  7.90820057e+00  1.97714140e+00  1.63435881e+00 
 1.27463383e-03  7.90436508e+00  1.97618484e+00  1.63652982e+00 
 1.27513383e-03  7.90045157e+00  1.97520877e+00  1.63868468e+00 
 1.27563383e-03  7.89646009e+00  1.97421321e+00  1.64082337e+00 
 1.27613383e-03  7.89239068e+00  1.97319816e+00  1.64294586e+00 
 1.27663383e-03  7.88824337e+00  1.97216364e+00  1.64505213e+00 
 1.27713383e-03  7.88401820e+00  1.97110965e+00  1.64714217e+00 
 1.27763383e-03  7.87971523e+00  1.97003621e+00  1.64921595e+00 
 1.27813383e-03  7.87533448e+00  1.96894332e+00  1.65127346e+00 
 1.27863383e-03  7.87087601e+00  1.96783100e+00  1.65331466e+00 
 1.27913383e-03  7.86633986e+00  1.96669926e+00  1.65533955e+00 
 1.27963383e-03  7.86172607e+00  1.96554810e+00  1.65734810e+00 
 1.28013383e-03  7.85703468e+00  1.96437755e+00  1.65934029e+00 
 1.28063383e-03  7.85226576e+00  1.96318761e+00  1.66131610e+00 
 1.28113383e-03  7.84741933e+00  1.96197829e+00  1.66327552e+00 
 1.28163383e-03  7.84249545e+00  1.96074960e+00  1.66521852e+00 
 1.28213383e-03  7.83749417e+00  1.95950157e+00  1.66714508e+00 
 1.28263383e-03  7.83241553e+00  1.95823419e+00  1.66905519e+00 
 1.28313383e-03  7.82725960e+00  1.95694748e+00  1.67094882e+00 
 1.28363383e-03  7.82202641e+00  1.95564146e+00  1.67282596e+00 
 1.28413383e-03  7.81671602e+00  1.95431614e+00  1.67468659e+00 
 1.28463383e-03  7.81132848e+00  1.95297153e+00  1.67653070e+00 
 1.28513383e-03  7.80586385e+00  1.95160765e+00  1.67835825e+00 
 1.28563383e-03  7.80032218e+00  1.95022450e+00  1.68016924e+00 
 1.28613383e-03  7.79470352e+00  1.94882210e+00  1.68196364e+00 
 1.28663383e-03  7.78900793e+00  1.94740047e+00  1.68374145e+00 
 1.28713383e-03  7.78323547e+00  1.94595961e+00  1.68550263e+00 
 1.28763383e-03  7.77738619e+00  1.94449955e+00  1.68724718e+00 
 1.28813383e-03  7.77146015e+00  1.94302030e+00  1.68897508e+00 
 1.28863383e-03  7.76545741e+00  1.94152187e+00  1.69068630e+00 
 1.28913383e-03  7.75937803e+00  1.94000428e+00  1.69238084e+00 
 1.28963383e-03  7.75322206e+00  1.93846753e+00  1.69405868e+00 
 1.29013383e-03  7.74698957e+00  1.93691166e+00  1.69571979e+00 
 1.29063383e-03  7.74068063e+00  1.93533667e+00  1.69736417e+00 
 1.29113383e-03  7.73429528e+00  1.93374258e+00  1.69899179e+00 
 1.29163383e-03  7.72783361e+00  1.93212940e+00  1.70060265e+00 
 1.29213383e-03  7.72129566e+00  1.93049715e+00  1.70219672e+00 
 1.29263383e-03  7.71468150e+00  1.92884585e+00  1.70377398e+00 
 1.29313383e-03  7.70799121e+00  1.92717550e+00  1.70533444e+00 
 1.29363383e-03  7.70122484e+00  1.92548614e+00  1.70687806e+00 
 1.29413383e-03  7.69438246e+00  1.92377778e+00  1.70840483e+00 
 1.29463383e-03  7.68746414e+00  1.92205042e+00  1.70991474e+00 
 1.29513383e-03  7.68046995e+00  1.92030410e+00  1.71140778e+00 
 1.29563383e-03  7.67339996e+00  1.91853882e+00  1.71288392e+00 
 1.29613383e-03  7.66625423e+00  1.91675460e+00  1.71434315e+00 
 1.29663383e-03  7.65903284e+00  1.91495147e+00  1.71578547e+00 
 1.29713383e-03  7.65173586e+00  1.91312944e+00  1.71721085e+00 
 1.29763383e-03  7.64436336e+00  1.91128852e+00  1.71861928e+00 
 1.29813383e-03  7.63691541e+00  1.90942874e+00  1.72001075e+00 
 1.29863383e-03  7.62939209e+00  1.90755011e+00  1.72138524e+00 
 1.29913383e-03  7.62179347e+00  1.90565266e+00  1.72274274e+00 
 1.29963383e-03  7.61411963e+00  1.90373639e+00  1.72408324e+00 
 1.30013383e-03  7.60637064e+00  1.90180134e+00  1.72540672e+00 
 1.30063383e-03  7.59854657e+00  1.89984752e+00  1.72671317e+00 
 1.30113383e-03  7.59064751e+00  1.89787494e+00  1.72800257e+00 
 1.30163383e-03  7.58267354e+00  1.89588363e+00  1.72927492e+00 
 1.30213383e-03  7.57462472e+00  1.89387361e+00  1.73053021e+00 
 1.30263383e-03  7.56650115e+00  1.89184490e+00  1.73176841e+00 
 1.30313383e-03  7.55830290e+00  1.88979751e+00  1.73298952e+00 
 1.30363383e-03  7.55003005e+00  1.88773148e+00  1.73419353e+00 
 1.30413383e-03  7.54168269e+00  1.88564681e+00  1.73538041e+00 
 1.30463383e-03  7.53326089e+00  1.88354352e+00  1.73655017e+00 
 1.30513383e-03  7.52476475e+00  1.88142165e+00  1.73770279e+00 
 1.30563383e-03  7.51619433e+00  1.87928121e+00  1.73883826e+00 
 1.30613383e-03  7.50754974e+00  1.87712222e+00  1.73995657e+00 
 1.30663383e-03  7.49883105e+00  1.87494470e+00  1.74105770e+00 
 1.30713383e-03  7.49003835e+00  1.87274868e+00  1.74214165e+00 
 1.30763383e-03  7.48117172e+00  1.87053417e+00  1.74320840e+00 
 1.30813383e-03  7.47223126e+00  1.86830121e+00  1.74425795e+00 
 1.30863383e-03  7.46321705e+00  1.86604980e+00  1.74529028e+00 
 1.30913383e-03  7.45412918e+00  1.86377997e+00  1.74630538e+00 
 1.30963383e-03  7.44496774e+00  1.86149175e+00  1.74730325e+00 
 1.31013383e-03  7.43573283e+00  1.85918515e+00  1.74828387e+00 
 1.31063383e-03  7.42642452e+00  1.85686020e+00  1.74924723e+00 
 1.31113383e-03  7.41704292e+00  1.85451693e+00  1.75019333e+00 
 1.31163383e-03  7.40758812e+00  1.85215535e+00  1.75112216e+00 
 1.31213383e-03  7.39806021e+00  1.84977550e+00  1.75203370e+00 
 1.31263383e-03  7.38845928e+00  1.84737738e+00  1.75292795e+00 
 1.31313383e-03  7.37878543e+00  1.84496103e+00  1.75380490e+00 
 1.31363383e-03  7.36903875e+00  1.84252647e+00  1.75466453e+00 
 1.31413383e-03  7.35921934e+00  1.84007373e+00  1.75550685e+00 
 1.31463383e-03  7.34932731e+00  1.83760282e+00  1.75633184e+00 
 1.31513383e-03  7.33936273e+00  1.83511378e+00  1.75713950e+00 
 1.31563383e-03  7.32932572e+00  1.83260662e+00  1.75792981e+00 
 1.31613383e-03  7.31921638e+00  1.83008138e+00  1.75870277e+00 
 1.31663383e-03  7.30903479e+00  1.82753807e+00  1.75945837e+00 
 1.31713383e-03  7.29878107e+00  1.82497673e+00  1.76019661e+00 
 1.31763383e-03  7.28845531e+00  1.82239737e+00  1.76091747e+00 
 1.31813383e-03  7.27805762e+00  1.81980003e+00  1.76162095e+00 
 1.31863383e-03  7.26758810e+00  1.81718472e+00  1.76230704e+00 
 1.31913383e-03  7.25704685e+00  1.81455148e+00  1.76297574e+00 
 1.31963383e-03  7.24643397e+00  1.81190033e+00  1.76362704e+00 
 1.32013383e-03  7.23574958e+00  1.80923130e+00  1.76426093e+00 
 1.32063383e-03  7.22499377e+00  1.80654441e+00  1.76487741e+00 
 1.32113383e-03  7.21416665e+00  1.80383969e+00  1.76547647e+00 
 1.32163383e-03  7.20326833e+00  1.80111716e+00  1.76605810e+00 
 1.32213383e-03  7.19229892e+00  1.79837686e+00  1.76662230e+00 
 1.32263383e-03  7.18125853e+00  1.79561881e+00  1.76716906e+00 
 1.32313383e-03  7.17014725e+00  1.79284303e+00  1.76769838e+00 
 1.32363383e-03  7.15896522e+00  1.79004956e+00  1.76821026e+00 
 1.32413383e-03  7.14771252e+00  1.78723842e+00  1.76870468e+00 
 1.32463383e-03  7.13638928e+00  1.78440965e+00  1.76918164e+00 
 1.32513383e-03  7.12499561e+00  1.78156326e+00  1.76964114e+00 
 1.32563383e-03  7.11353161e+00  1.77869928e+00  1.77008318e+00 
 1.32613383e-03  7.10199741e+00  1.77581775e+00  1.77050774e+00 
 1.32663383e-03  7.09039312e+00  1.77291870e+00  1.77091483e+00 
 1.32713383e-03  7.07871884e+00  1.77000214e+00  1.77130444e+00 
 1.32763383e-03  7.06697470e+00  1.76706812e+00  1.77167656e+00 
 1.32813383e-03  7.05516082e+00  1.76411665e+00  1.77203120e+00 
 1.32863383e-03  7.04327730e+00  1.76114777e+00  1.77236835e+00 
 1.32913383e-03  7.03132427e+00  1.75816151e+00  1.77268801e+00 
 1.32963383e-03  7.01930184e+00  1.75515790e+00  1.77299016e+00 
 1.33013383e-03  7.00721013e+00  1.75213696e+00  1.77327482e+00 
 1.33063383e-03  6.99504926e+00  1.74909873e+00  1.77354198e+00 
 1.33113383e-03  6.98281936e+00  1.74604324e+00  1.77379163e+00 
 1.33163383e-03  6.97052054e+00  1.74297051e+00  1.77402377e+00 
 1.33213383e-03  6.95815292e+00  1.73988058e+00  1.77423840e+00 
 1.33263383e-03  6.94571663e+00  1.73677348e+00  1.77443552e+00 
 1.33313383e-03  6.93321179e+00  1.73364924e+00  1.77461512e+00 
 1.33363383e-03  6.92063852e+00  1.73050788e+00  1.77477721e+00 
 1.33413383e-03  6.90799694e+00  1.72734945e+00  1.77492179e+00 
 1.33463383e-03  6.89528719e+00  1.72417396e+00  1.77504884e+00 
 1.33513383e-03  6.88250938e+00  1.72098146e+00  1.77515837e+00 
 1.33563383e-03  6.86966365e+00  1.71777198e+00  1.77525038e+00 
 1.33613383e-03  6.85675011e+00  1.71454554e+00  1.77532487e+00 
 1.33663383e-03  6.84376890e+00  1.71130217e+00  1.77538184e+00 
 1.33713383e-03  6.83072015e+00  1.70804192e+00  1.77542128e+00 
 1.33763383e-03  6.81760397e+00  1.70476481e+00  1.77544320e+00 
 1.33813383e-03  6.80442052e+00  1.70147087e+00  1.77544760e+00 
 1.33863383e-03  6.79116990e+00  1.69816014e+00  1.77543447e+00 
 1.33913383e-03  6.77785226e+00  1.69483264e+00  1.77540382e+00 
 1.33963383e-03  6.76446772e+00  1.69148842e+00  1.77535564e+00 
 1.34013383e-03  6.75101643e+00  1.68812751e+00  1.77528994e+00 
 1.34063383e-03  6.73749850e+00  1.68474993e+00  1.77520672e+00 
 1.34113383e-03  6.72391407e+00  1.68135573e+00  1.77510597e+00 
 1.34163383e-03  6.71026329e+00  1.67794493e+00  1.77498771e+00 
 1.34213383e-03  6.69654627e+00  1.67451757e+00  1.77485192e+00 
 1.34263383e-03  6.68276317e+00  1.67107368e+00  1.77469862e+00 
 1.34313383e-03  6.66891410e+00  1.66761330e+00  1.77452780e+00 
 1.34363383e-03  6.65499922e+00  1.66413646e+00  1.77433946e+00 
 1.34413383e-03  6.64101866e+00  1.66064320e+00  1.77413362e+00 
 1.34463383e-03  6.62697255e+00  1.65713354e+00  1.77391026e+00 
 1.34513383e-03  6.61286103e+00  1.65360753e+00  1.77366939e+00 
 1.34563383e-03  6.59868425e+00  1.65006520e+00  1.77341101e+00 
 1.34613383e-03  6.58444235e+00  1.64650658e+00  1.77313513e+00 
 1.34663383e-03  6.57013545e+00  1.64293171e+00  1.77284175e+00 
 1.34713383e-03  6.55576372e+00  1.63934063e+00  1.77253088e+00 
 1.34763383e-03  6.54132728e+00  1.63573336e+00  1.77220250e+00 
 1.34813383e-03  6.52682628e+00  1.63210996e+00  1.77185663e+00 
 1.34863383e-03  6.51226086e+00  1.62847044e+00  1.77149328e+00 
 1.34913383e-03  6.49763117e+00  1.62481485e+00  1.77111244e+00 
 1.34963383e-03  6.48293735e+00  1.62114322e+00  1.77071412e+00 
 1.35013383e-03  6.46817954e+00  1.61745559e+00  1.77029832e+00 
 1.35063383e-03  6.45335790e+00  1.61375200e+00  1.76986505e+00 
 1.35113383e-03  6.43847257e+00  1.61003249e+00  1.76941430e+00 
 1.35163383e-03  6.42352369e+00  1.60629708e+00  1.76894610e+00 
 1.35213383e-03  6.40851141e+00  1.60254581e+00  1.76846043e+00 
 1.35263383e-03  6.39343589e+00  1.59877873e+00  1.76795731e+00 
 1.35313383e-03  6.37829726e+00  1.59499587e+00  1.76743674e+00 
 1.35363383e-03  6.36309568e+00  1.59119727e+00  1.76689872e+00 
 1.35413383e-03  6.34783130e+00  1.58738297e+00  1.76634326e+00 
 1.35463383e-03  6.33250427e+00  1.58355299e+00  1.76577037e+00 
 1.35513383e-03  6.31711474e+00  1.57970739e+00  1.76518005e+00 
 1.35563383e-03  6.30166287e+00  1.57584619e+00  1.76457231e+00 
 1.35613383e-03  6.28614880e+00  1.57196945e+00  1.76394715e+00 
 1.35663383e-03  6.27057268e+00  1.56807718e+00  1.76330458e+00 
 1.35713383e-03  6.25493468e+00  1.56416944e+00  1.76264461e+00 
 1.35763383e-03  6.23923495e+00  1.56024627e+00  1.76196724e+00 
 1.35813383e-03  6.22347363e+00  1.55630769e+00  1.76127247e+00 
 1.35863383e-03  6.20765090e+00  1.55235375e+00  1.76056032e+00 
 1.35913383e-03  6.19176689e+00  1.54838449e+00  1.75983080e+00 
 1.35963383e-03  6.17582178e+00  1.54439995e+00  1.75908390e+00 
 1.36013383e-03  6.15981571e+00  1.54040017e+00  1.75831965e+00 
 1.36063383e-03  6.14374885e+00  1.53638518e+00  1.75753803e+00 
 1.36113383e-03  6.12762135e+00  1.53235503e+00  1.75673907e+00 
 1.36163383e-03  6.11143338e+00  1.52830975e+00  1.75592277e+00 
 1.36213383e-03  6.09518509e+00  1.52424939e+00  1.75508914e+00 
 1.36263383e-03  6.07887664e+00  1.52017399e+00  1.75423819e+00 
 1.36313383e-03  6.06250819e+00  1.51608358e+00  1.75336992e+00 
 1.36363383e-03  6.04607991e+00  1.51197821e+00  1.75248434e+00 
 1.36413383e-03  6.02959196e+00  1.50785792e+00  1.75158147e+00 
 1.36463383e-03  6.01304450e+00  1.50372274e+00  1.75066131e+00 
 1.36513383e-03  5.99643769e+00  1.49957273e+00  1.74972386e+00 
 1.36563383e-03  5.97977170e+00  1.49540791e+00  1.74876915e+00 
 1.36613383e-03  5.96304669e+00  1.49122833e+00  1.74779718e+00 
 1.36663383e-03  5.94626283e+00  1.48703404e+00  1.74680796e+00 
 1.36713383e-03  5.92942028e+00  1.48282507e+00  1.74580149e+00 
 1.36763383e-03  5.91251921e+00  1.47860146e+00  1.74477779e+00 
 1.36813383e-03  5.89555978e+00  1.47436326e+00  1.74373687e+00 
 1.36863383e-03  5.87854217e+00  1.47011051e+00  1.74267874e+00 
 1.36913383e-03  5.86146654e+00  1.46584325e+00  1.74160341e+00 
 1.36963383e-03  5.84433306e+00  1.46156152e+00  1.74051089e+00 
 1.37013383e-03  5.82714190e+00  1.45726536e+00  1.73940119e+00 
 1.37063383e-03  5.80989323e+00  1.45295483e+00  1.73827432e+00 
 1.37113383e-03  5.79258722e+00  1.44862995e+00  1.73713030e+00 
 1.37163383e-03  5.77522403e+00  1.44429078e+00  1.73596912e+00 
 1.37213383e-03  5.75780385e+00  1.43993735e+00  1.73479082e+00 
 1.37263383e-03  5.74032684e+00  1.43556971e+00  1.73359539e+00 
 1.37313383e-03  5.72279317e+00  1.43118790e+00  1.73238285e+00 
 1.37363383e-03  5.70520302e+00  1.42679196e+00  1.73115321e+00 
 1.37413383e-03  5.68755657e+00  1.42238194e+00  1.72990648e+00 
 1.37463383e-03  5.66985398e+00  1.41795789e+00  1.72864268e+00 
 1.37513383e-03  5.65209543e+00  1.41351984e+00  1.72736181e+00 
 1.37563383e-03  5.63428110e+00  1.40906783e+00  1.72606390e+00 
 1.37613383e-03  5.61641116e+00  1.40460192e+00  1.72474895e+00 
 1.37663383e-03  5.59848579e+00  1.40012215e+00  1.72341698e+00 
 1.37713383e-03  5.58050516e+00  1.39562856e+00  1.72206799e+00 
 1.37763383e-03  5.56246946e+00  1.39112120e+00  1.72070201e+00 
 1.37813383e-03  5.54437885e+00  1.38660010e+00  1.71931904e+00 
 1.37863383e-03  5.52623353e+00  1.38206532e+00  1.71791911e+00 
 1.37913383e-03  5.50803366e+00  1.37751690e+00  1.71650221e+00 
 1.37963383e-03  5.48977944e+00  1.37295488e+00  1.71506838e+00 
 1.38013383e-03  5.47147103e+00  1.36837931e+00  1.71361762e+00 
 1.38063383e-03  5.45310862e+00  1.36379024e+00  1.71214994e+00 
 1.38113383e-03  5.43469238e+00  1.35918771e+00  1.71066536e+00 
 1.38163383e-03  5.41622251e+00  1.35457176e+00  1.70916390e+00 
 1.38213383e-03  5.39769919e+00  1.34994244e+00  1.70764557e+00 
 1.38263383e-03  5.37912259e+00  1.34529980e+00  1.70611038e+00 
 1.38313383e-03  5.36049290e+00  1.34064388e+00  1.70455836e+00 
 1.38363383e-03  5.34181031e+00  1.33597473e+00  1.70298950e+00 
 1.38413383e-03  5.32307499e+00  1.33129240e+00  1.70140384e+00 
 1.38463383e-03  5.30428714e+00  1.32659692e+00  1.69980139e+00 
 1.38513383e-03  5.28544694e+00  1.32188835e+00  1.69818216e+00 
 1.38563383e-03  5.26655457e+00  1.31716674e+00  1.69654617e+00 
 1.38613383e-03  5.24761022e+00  1.31243212e+00  1.69489343e+00 
 1.38663383e-03  5.22861408e+00  1.30768455e+00  1.69322396e+00 
 1.38713383e-03  5.20956634e+00  1.30292408e+00  1.69153778e+00 
 1.38763383e-03  5.19046718e+00  1.29815075e+00  1.68983491e+00 
 1.38813383e-03  5.17131679e+00  1.29336460e+00  1.68811535e+00 
 1.38863383e-03  5.15211537e+00  1.28856569e+00  1.68637913e+00 
 1.38913383e-03  5.13286309e+00  1.28375406e+00  1.68462627e+00 
 1.38963383e-03  5.11356016e+00  1.27892976e+00  1.68285678e+00 
 1.39013383e-03  5.09420675e+00  1.27409284e+00  1.68107068e+00 
 1.39063383e-03  5.07480307e+00  1.26924334e+00  1.67926799e+00 
 1.39113383e-03  5.05534930e+00  1.26438131e+00  1.67744872e+00 
 1.39163383e-03  5.03584564e+00  1.25950681e+00  1.67561289e+00 
 1.39213383e-03  5.01629228e+00  1.25461988e+00  1.67376053e+00 
 1.39263383e-03  4.99668941e+00  1.24972056e+00  1.67189164e+00 
 1.39313383e-03  4.97703722e+00  1.24480891e+00  1.67000626e+00 
 1.39363383e-03  4.95733591e+00  1.23988497e+00  1.66810439e+00 
 1.39413383e-03  4.93758567e+00  1.23494880e+00  1.66618605e+00 
 1.39463383e-03  4.91778670e+00  1.23000044e+00  1.66425127e+00 
 1.39513383e-03  4.89793920e+00  1.22503993e+00  1.66230006e+00 
 1.39563383e-03  4.87804335e+00  1.22006734e+00  1.66033245e+00 
 1.39613383e-03  4.85809937e+00  1.21508271e+00  1.65834845e+00 
 1.39663383e-03  4.83810743e+00  1.21008608e+00  1.65634807e+00 
 1.39713383e-03  4.81806774e+00  1.20507751e+00  1.65433135e+00 
 1.39763383e-03  4.79798050e+00  1.20005704e+00  1.65229830e+00 
 1.39813383e-03  4.77784591e+00  1.19502474e+00  1.65024895e+00 
 1.39863383e-03  4.75766416e+00  1.18998063e+00  1.64818330e+00 
 1.39913383e-03  4.73743545e+00  1.18492479e+00  1.64610139e+00 
 1.39963383e-03  4.71715999e+00  1.17985724e+00  1.64400323e+00 
 1.40013383e-03  4.69683797e+00  1.17477806e+00  1.64188884e+00 
 1.40063383e-03  4.67646960e+00  1.16968728e+00  1.63975824e+00 
 1.40113383e-03  4.65605507e+00  1.16458495e+00  1.63761146e+00 
 1.40163383e-03  4.63559459e+00  1.15947113e+00  1.63544852e+00 
 1.40213383e-03  4.61508835e+00  1.15434587e+00  1.63326943e+00 
 1.40263383e-03  4.59453657e+00  1.14920921e+00  1.63107423e+00 
 1.40313383e-03  4.57393944e+00  1.14406121e+00  1.62886292e+00 
 1.40363383e-03  4.55329717e+00  1.13890192e+00  1.62663554e+00 
 1.40413383e-03  4.53260996e+00  1.13373139e+00  1.62439210e+00 
 1.40463383e-03  4.51187801e+00  1.12854967e+00  1.62213263e+00 
 1.40513383e-03  4.49110153e+00  1.12335681e+00  1.61985714e+00 
 1.40563383e-03  4.47028073e+00  1.11815287e+00  1.61756567e+00 
 1.40613383e-03  4.44941581e+00  1.11293789e+00  1.61525823e+00 
 1.40663383e-03  4.42850697e+00  1.10771192e+00  1.61293485e+00 
 1.40713383e-03  4.40755443e+00  1.10247502e+00  1.61059555e+00 
 1.40763383e-03  4.38655839e+00  1.09722724e+00  1.60824036e+00 
 1.40813383e-03  4.36551905e+00  1.09196864e+00  1.60586928e+00 
 1.40863383e-03  4.34443662e+00  1.08669925e+00  1.60348236e+00 
 1.40913383e-03  4.32331132e+00  1.08141914e+00  1.60107961e+00 
 1.40963383e-03  4.30214335e+00  1.07612835e+00  1.59866106e+00 
 1.41013383e-03  4.28093292e+00  1.07082695e+00  1.59622673e+00 
 1.41063383e-03  4.25968024e+00  1.06551498e+00  1.59377664e+00 
 1.41113383e-03  4.23838551e+00  1.06019249e+00  1.59131082e+00 
 1.41163383e-03  4.21704896e+00  1.05485953e+00  1.58882930e+00 
 1.41213383e-03  4.19567078e+00  1.04951617e+00  1.58633209e+00 
 1.41263383e-03  4.17425120e+00  1.04416244e+00  1.58381923e+00 
 1.41313383e-03  4.15279041e+00  1.03879842e+00  1.58129073e+00 
 1.41363383e-03  4.13128864e+00  1.03342414e+00  1.57874662e+00 
 1.41413383e-03  4.10974610e+00  1.02803965e+00  1.57618694e+00 
 1.41463383e-03  4.08816299e+00  1.02264503e+00  1.57361169e+00 
 1.41513383e-03  4.06653954e+00  1.01724031e+00  1.57102091e+00 
 1.41563383e-03  4.04487595e+00  1.01182555e+00  1.56841463e+00 
 1.41613383e-03  4.02317244e+00  1.00640080e+00  1.56579286e+00 
 1.41663383e-03  4.00142922e+00  1.00096612e+00  1.56315564e+00 
 1.41713383e-03  3.97964651e+00  9.95521567e-01  1.56050300e+00 
 1.41763383e-03  3.95782453e+00  9.90067184e-01  1.55783494e+00 
 1.41813383e-03  3.93596348e+00  9.84603029e-01  1.55515152e+00 
 1.41863383e-03  3.91406358e+00  9.79129157e-01  1.55245274e+00 
 1.41913383e-03  3.89212506e+00  9.73645621e-01  1.54973864e+00 
 1.41963383e-03  3.87014812e+00  9.68152476e-01  1.54700924e+00 
 1.42013383e-03  3.84813298e+00  9.62649775e-01  1.54426457e+00 
 1.42063383e-03  3.82607986e+00  9.57137574e-01  1.54150466e+00 
 1.42113383e-03  3.80398898e+00  9.51615926e-01  1.53872954e+00 
 1.42163383e-03  3.78186056e+00  9.46084886e-01  1.53593923e+00 
 1.42213383e-03  3.75969482e+00  9.40544509e-01  1.53313375e+00 
 1.42263383e-03  3.73749196e+00  9.34994849e-01  1.53031315e+00 
 1.42313383e-03  3.71525222e+00  9.29435960e-01  1.52747744e+00 
 1.42363383e-03  3.69297581e+00  9.23867899e-01  1.52462665e+00 
 1.42413383e-03  3.67066295e+00  9.18290720e-01  1.52176082e+00 
 1.42463383e-03  3.64831387e+00  9.12704477e-01  1.51887996e+00 
 1.42513383e-03  3.62592877e+00  9.07109227e-01  1.51598412e+00 
 1.42563383e-03  3.60350790e+00  9.01505024e-01  1.51307331e+00 
 1.42613383e-03  3.58105145e+00  8.95891923e-01  1.51014756e+00 
 1.42663383e-03  3.55855966e+00  8.90269980e-01  1.50720691e+00 
 1.42713383e-03  3.53603275e+00  8.84639251e-01  1.50425138e+00 
 1.42763383e-03  3.51347094e+00  8.78999790e-01  1.50128101e+00 
 1.42813383e-03  3.49087446e+00  8.73351655e-01  1.49829581e+00 
 1.42863383e-03  3.46824352e+00  8.67694900e-01  1.49529583e+00 
 1.42913383e-03  3.44557835e+00  8.62029581e-01  1.49228109e+00 
 1.42963383e-03  3.42287917e+00  8.56355754e-01  1.48925162e+00 
 1.43013383e-03  3.40014622e+00  8.50673476e-01  1.48620745e+00 
 1.43063383e-03  3.37737970e+00  8.44982801e-01  1.48314861e+00 
 1.43113383e-03  3.35457985e+00  8.39283787e-01  1.48007514e+00 
 1.43163383e-03  3.33174689e+00  8.33576490e-01  1.47698705e+00 
 1.43213383e-03  3.30888105e+00  8.27860966e-01  1.47388438e+00 
 1.43263383e-03  3.28598255e+00  8.22137271e-01  1.47076717e+00 
 1.43313383e-03  3.26305162e+00  8.16405462e-01  1.46763544e+00 
 1.43363383e-03  3.24008849e+00  8.10665596e-01  1.46448922e+00 
 1.43413383e-03  3.21709338e+00  8.04917728e-01  1.46132855e+00 
 1.43463383e-03  3.19406651e+00  7.99161917e-01  1.45815346e+00 
 1.43513383e-03  3.17100812e+00  7.93398218e-01  1.45496397e+00 
 1.43563383e-03  3.14791844e+00  7.87626689e-01  1.45176012e+00 
 1.43613383e-03  3.12479769e+00  7.81847386e-01  1.44854194e+00 
 1.43663383e-03  3.10164609e+00  7.76060367e-01  1.44530947e+00 
 1.43713383e-03  3.07846388e+00  7.70265689e-01  1.44206273e+00 
 1.43763383e-03  3.05525130e+00  7.64463408e-01  1.43880175e+00 
 1.43813383e-03  3.03200855e+00  7.58653583e-01  1.43552658e+00 
 1.43863383e-03  3.00873588e+00  7.52836270e-01  1.43223723e+00 
 1.43913383e-03  2.98543352e+00  7.47011527e-01  1.42893375e+00 
 1.43963383e-03  2.96210169e+00  7.41179411e-01  1.42561616e+00 
 1.44013383e-03  2.93874063e+00  7.35339980e-01  1.42228450e+00 
 1.44063383e-03  2.91535056e+00  7.29493292e-01  1.41893881e+00 
 1.44113383e-03  2.89193172e+00  7.23639404e-01  1.41557911e+00 
 1.44163383e-03  2.86848434e+00  7.17778374e-01  1.41220543e+00 
 1.44213383e-03  2.84500865e+00  7.11910260e-01  1.40881782e+00 
 1.44263383e-03  2.82150487e+00  7.06035120e-01  1.40541630e+00 
 1.44313383e-03  2.79797325e+00  7.00153012e-01  1.40200091e+00 
 1.44363383e-03  2.77441402e+00  6.94263993e-01  1.39857168e+00 
 1.44413383e-03  2.75082740e+00  6.88368123e-01  1.39512865e+00 
 1.44463383e-03  2.72721364e+00  6.82465458e-01  1.39167185e+00 
 1.44513383e-03  2.70357295e+00  6.76556058e-01  1.38820131e+00 
 1.44563383e-03  2.67990559e+00  6.70639981e-01  1.38471706e+00 
 1.44613383e-03  2.65621177e+00  6.64717285e-01  1.38121916e+00 
 1.44663383e-03  2.63249174e+00  6.58788029e-01  1.37770761e+00 
 1.44713383e-03  2.60874573e+00  6.52852271e-01  1.37418247e+00 
 1.44763383e-03  2.58497397e+00  6.46910069e-01  1.37064377e+00 
 1.44813383e-03  2.56117669e+00  6.40961483e-01  1.36709153e+00 
 1.44863383e-03  2.53735414e+00  6.35006571e-01  1.36352581e+00 
 1.44913383e-03  2.51350655e+00  6.29045391e-01  1.35994662e+00 
 1.44963383e-03  2.48963415e+00  6.23078004e-01  1.35635401e+00 
 1.45013383e-03  2.46573718e+00  6.17104467e-01  1.35274801e+00 
 1.45063383e-03  2.44181587e+00  6.11124839e-01  1.34912867e+00 
 1.45113383e-03  2.41787046e+00  6.05139180e-01  1.34549600e+00 
 1.45163383e-03  2.39390119e+00  5.99147549e-01  1.34185005e+00 
 1.45213383e-03  2.36990829e+00  5.93150004e-01  1.33819086e+00 
 1.45263383e-03  2.34589200e+00  5.87146606e-01  1.33451847e+00 
 1.45313383e-03  2.32185256e+00  5.81137412e-01  1.33083289e+00 
 1.45363383e-03  2.29779020e+00  5.75122483e-01  1.32713419e+00 
 1.45413383e-03  2.27370517e+00  5.69101878e-01  1.32342238e+00 
 1.45463383e-03  2.24959769e+00  5.63075657e-01  1.31969751e+00 
 1.45513383e-03  2.22546801e+00  5.57043878e-01  1.31595962e+00 
 1.45563383e-03  2.20131637e+00  5.51006601e-01  1.31220873e+00 
 1.45613383e-03  2.17714300e+00  5.44963886e-01  1.30844490e+00 
 1.45663383e-03  2.15294815e+00  5.38915793e-01  1.30466815e+00 
 1.45713383e-03  2.12873204e+00  5.32862381e-01  1.30087852e+00 
 1.45763383e-03  2.10449493e+00  5.26803710e-01  1.29707605e+00 
 1.45813383e-03  2.08023704e+00  5.20739840e-01  1.29326078e+00 
 1.45863383e-03  2.05595862e+00  5.14670830e-01  1.28943274e+00 
 1.45913383e-03  2.03165992e+00  5.08596741e-01  1.28559198e+00 
 1.45963383e-03  2.00734116e+00  5.02517633e-01  1.28173853e+00 
 1.46013383e-03  1.98300258e+00  4.96433565e-01  1.27787242e+00 
 1.46063383e-03  1.95864444e+00  4.90344597e-01  1.27399371e+00 
 1.46113383e-03  1.93426697e+00  4.84250790e-01  1.27010241e+00 
 1.46163383e-03  1.90987040e+00  4.78152204e-01  1.26619859e+00 
 1.46213383e-03  1.88545499e+00  4.72048898e-01  1.26228226e+00 
 1.46263383e-03  1.86102097e+00  4.65940934e-01  1.25835348e+00 
 1.46313383e-03  1.83656858e+00  4.59828372e-01  1.25441227e+00 
 1.46363383e-03  1.81209806e+00  4.53711271e-01  1.25045868e+00 
 1.46413383e-03  1.78760966e+00  4.47589692e-01  1.24649275e+00 
 1.46463383e-03  1.76310362e+00  4.41463696e-01  1.24251452e+00 
 1.46513383e-03  1.73858017e+00  4.35333343e-01  1.23852402e+00 
 1.46563383e-03  1.71403957e+00  4.29198694e-01  1.23452130e+00 
 1.46613383e-03  1.68948205e+00  4.23059808e-01  1.23050639e+00 
 1.46663383e-03  1.66490785e+00  4.16916748e-01  1.22647934e+00 
 1.46713383e-03  1.64031722e+00  4.10769572e-01  1.22244018e+00 
 1.46763383e-03  1.61571041e+00  4.04618343e-01  1.21838895e+00 
 1.46813383e-03  1.59108764e+00  3.98463120e-01  1.21432570e+00 
 1.46863383e-03  1.56644918e+00  3.92303965e-01  1.21025047e+00 
 1.46913383e-03  1.54179525e+00  3.86140938e-01  1.20616328e+00 
 1.46963383e-03  1.51712610e+00  3.79974100e-01  1.20206420e+00 
 1.47013383e-03  1.49244199e+00  3.73803512e-01  1.19795324e+00 
 1.47063383e-03  1.46774314e+00  3.67629235e-01  1.19383047e+00 
 1.47113383e-03  1.44302981e+00  3.61451330e-01  1.18969591e+00 
 1.47163383e-03  1.41830223e+00  3.55269857e-01  1.18554960e+00 
 1.47213383e-03  1.39356066e+00  3.49084879e-01  1.18139160e+00 
 1.47263383e-03  1.36880533e+00  3.42896454e-01  1.17722193e+00 
 1.47313383e-03  1.34403650e+00  3.36704646e-01  1.17304065e+00 
 1.47363383e-03  1.31925439e+00  3.30509515e-01  1.16884778e+00 
 1.47413383e-03  1.29445927e+00  3.24311122e-01  1.16464338e+00 
 1.47463383e-03  1.26965137e+00  3.18109528e-01  1.16042748e+00 
 1.47513383e-03  1.24483094e+00  3.11904795e-01  1.15620013e+00 
 1.47563383e-03  1.21999823e+00  3.05696984e-01  1.15196137e+00 
 1.47613383e-03  1.19515347e+00  2.99486155e-01  1.14771123e+00 
 1.47663383e-03  1.17029692e+00  2.93272371e-01  1.14344977e+00 
 1.47713383e-03  1.14542882e+00  2.87055693e-01  1.13917702e+00 
 1.47763383e-03  1.12054941e+00  2.80836182e-01  1.13489303e+00 
 1.47813383e-03  1.09565895e+00  2.74613899e-01  1.13059784e+00 
 1.47863383e-03  1.07075767e+00  2.68388905e-01  1.12629148e+00 
 1.47913383e-03  1.04584582e+00  2.62161263e-01  1.12197401e+00 
 1.47963383e-03  1.02092365e+00  2.55931034e-01  1.11764547e+00 
 1.48013383e-03  9.95991404e-01  2.49698279e-01  1.11330589e+00 
 1.48063383e-03  9.71049328e-01  2.43463060e-01  1.10895532e+00 
 1.48113383e-03  9.46097668e-01  2.37225438e-01  1.10459381e+00 
 1.48163383e-03  9.21136671e-01  2.30985474e-01  1.10022140e+00 
 1.48213383e-03  8.96166582e-01  2.24743231e-01  1.09583812e+00 
 1.48263383e-03  8.71187649e-01  2.18498771e-01  1.09144403e+00 
 1.48313383e-03  8.46200117e-01  2.12252153e-01  1.08703917e+00 
 1.48363383e-03  8.21204233e-01  2.06003441e-01  1.08262358e+00 
 1.48413383e-03  7.96200245e-01  1.99752696e-01  1.07819730e+00 
 1.48463383e-03  7.71188398e-01  1.93499980e-01  1.07376037e+00 
 1.48513383e-03  7.46168940e-01  1.87245354e-01  1.06931285e+00 
 1.48563383e-03  7.21142118e-01  1.80988880e-01  1.06485478e+00 
 1.48613383e-03  6.96108178e-01  1.74730620e-01  1.06038619e+00 
 1.48663383e-03  6.71067368e-01  1.68470636e-01  1.05590714e+00 
 1.48713383e-03  6.46019935e-01  1.62208989e-01  1.05141767e+00 
 1.48763383e-03  6.20966126e-01  1.55945741e-01  1.04691781e+00 
 1.48813383e-03  5.95906188e-01  1.49680954e-01  1.04240763e+00 
 1.48863383e-03  5.70840369e-01  1.43414690e-01  1.03788715e+00 
 1.48913383e-03  5.45768916e-01  1.37147011e-01  1.03335643e+00 
 1.48963383e-03  5.20692076e-01  1.30877979e-01  1.02881551e+00 
 1.49013383e-03  4.95610098e-01  1.24607654e-01  1.02426444e+00 
 1.49063383e-03  4.70523228e-01  1.18336100e-01  1.01970325e+00 
 1.49113383e-03  4.45431714e-01  1.12063379e-01  1.01513200e+00 
 1.49163383e-03  4.20335803e-01  1.05789551e-01  1.01055073e+00 
 1.49213383e-03  3.95235745e-01  9.95146795e-02  1.00595949e+00 
 1.49263383e-03  3.70131785e-01  9.32388260e-02  1.00135832e+00 
 1.49313383e-03  3.45024172e-01  8.69620523e-02  9.96747260e-01 
 1.49363383e-03  3.19913155e-01  8.06844204e-02  9.92126364e-01 
 1.49413383e-03  2.94798979e-01  7.44059924e-02  9.87495675e-01 
 1.49463383e-03  2.69681894e-01  6.81268302e-02  9.82855239e-01 
 1.49513383e-03  2.44562148e-01  6.18469958e-02  9.78205102e-01 
 1.49563383e-03  2.19439988e-01  5.55665510e-02  9.73545310e-01 
 1.49613383e-03  1.94315662e-01  4.92855580e-02  9.68875908e-01 
 1.49663383e-03  1.69189418e-01  4.30040787e-02  9.64196942e-01 
 1.49713383e-03  1.44061504e-01  3.67221751e-02  9.59508460e-01 
 1.49763383e-03  1.18932169e-01  3.04399092e-02  9.54810507e-01 
 1.49813383e-03  9.38016593e-02  2.41573431e-02  9.50103129e-01 
 1.49863383e-03  6.86702242e-02  1.78745386e-02  9.45386373e-01 
 1.49913383e-03  4.35381114e-02  1.15915579e-02  9.40660285e-01 
 1.49963383e-03  1.84055689e-02  5.30846288e-03  9.35924913e-01 
 1.50013383e-03 -6.72715534e-03 -9.74684371e-04  9.31180302e-01 
 1.50063383e-03 -3.18598131e-02 -7.25782186e-03  9.26426501e-01 
 1.50113383e-03 -5.69921565e-02 -1.35408876e-02  9.21663554e-01 
 1.50163383e-03 -8.21239374e-02 -1.98238195e-02  9.16891511e-01 
 1.50213383e-03 -1.07254908e-01 -2.61065556e-02  9.12110417e-01 
 1.50263383e-03 -1.32384819e-01 -3.23890340e-02  9.07320320e-01 
 1.50313383e-03 -1.57513425e-01 -3.86711925e-02  9.02521268e-01 
 1.50363383e-03 -1.82640475e-01 -4.49529692e-02  8.97713306e-01 
 1.50413383e-03 -2.07765723e-01 -5.12343021e-02  8.92896484e-01 
 1.50463383e-03 -2.32888921e-01 -5.75151293e-02  8.88070849e-01 
 1.50513383e-03 -2.58009820e-01 -6.37953886e-02  8.83236447e-01 
 1.50563383e-03 -2.83128172e-01 -7.00750181e-02  8.78393328e-01 
 1.50613383e-03 -3.08243730e-01 -7.63539559e-02  8.73541538e-01 
 1.50663383e-03 -3.33356246e-01 -8.26321400e-02  8.68681126e-01 
 1.50713383e-03 -3.58465472e-01 -8.89095084e-02  8.63812139e-01 
 1.50763383e-03 -3.83571160e-01 -9.51859991e-02  8.58934626e-01 
 1.50813383e-03 -4.08673062e-01 -1.01461550e-01  8.54048635e-01 
 1.50863383e-03 -4.33770931e-01 -1.07736100e-01  8.49154214e-01 
 1.50913383e-03 -4.58864518e-01 -1.14009586e-01  8.44251411e-01 
 1.50963383e-03 -4.83953577e-01 -1.20281947e-01  8.39340274e-01 
 1.51013383e-03 -5.09037859e-01 -1.26553120e-01  8.34420853e-01 
 1.51063383e-03 -5.34117118e-01 -1.32823045e-01  8.29493196e-01 
 1.51113383e-03 -5.59191105e-01 -1.39091658e-01  8.24557351e-01 
 1.51163383e-03 -5.84259573e-01 -1.45358899e-01  8.19613366e-01 
 1.51213383e-03 -6.09322274e-01 -1.51624704e-01  8.14661292e-01 
 1.51263383e-03 -6.34378962e-01 -1.57889013e-01  8.09701177e-01 
 1.51313383e-03 -6.59429388e-01 -1.64151764e-01  8.04733069e-01 
 1.51363383e-03 -6.84473307e-01 -1.70412894e-01  7.99757018e-01 
 1.51413383e-03 -7.09510469e-01 -1.76672342e-01  7.94773072e-01 
 1.51463383e-03 -7.34540630e-01 -1.82930047e-01  7.89781282e-01 
 1.51513383e-03 -7.59563540e-01 -1.89185946e-01  7.84781696e-01 
 1.51563383e-03 -7.84578954e-01 -1.95439977e-01  7.79774363e-01 
 1.51613383e-03 -8.09586625e-01 -2.01692080e-01  7.74759334e-01 
 1.51663383e-03 -8.34586305e-01 -2.07942192e-01  7.69736657e-01 
 1.51713383e-03 -8.59577749e-01 -2.14190251e-01  7.64706382e-01 
 1.51763383e-03 -8.84560708e-01 -2.20436196e-01  7.59668559e-01 
 1.51813383e-03 -9.09534937e-01 -2.26679966e-01  7.54623238e-01 
 1.51863383e-03 -9.34500190e-01 -2.32921498e-01  7.49570468e-01 
 1.51913383e-03 -9.59456219e-01 -2.39160731e-01  7.44510299e-01 
 1.51963383e-03 -9.84402779e-01 -2.45397603e-01  7.39442781e-01 
 1.52013383e-03 -1.00933962e+00 -2.51632054e-01  7.34367964e-01 
 1.52063383e-03 -1.03426651e+00 -2.57864021e-01  7.29285898e-01 
 1.52113383e-03 -1.05918318e+00 -2.64093442e-01  7.24196634e-01 
 1.52163383e-03 -1.08408940e+00 -2.70320257e-01  7.19100221e-01 
 1.52213383e-03 -1.10898492e+00 -2.76544404e-01  7.13996710e-01 
 1.52263383e-03 -1.13386950e+00 -2.82765822e-01  7.08886152e-01 
 1.52313383e-03 -1.15874289e+00 -2.88984448e-01  7.03768596e-01 
 1.52363383e-03 -1.18360483e+00 -2.95200222e-01  6.98644093e-01 
 1.52413383e-03 -1.20845510e+00 -3.01413083e-01  6.93512694e-01 
 1.52463383e-03 -1.23329344e+00 -3.07622968e-01  6.88374450e-01 
 1.52513383e-03 -1.25811961e+00 -3.13829818e-01  6.83229411e-01 
 1.52563383e-03 -1.28293336e+00 -3.20033570e-01  6.78077627e-01 
 1.52613383e-03 -1.30773445e+00 -3.26234163e-01  6.72919151e-01 
 1.52663383e-03 -1.33252263e+00 -3.32431536e-01  6.67754032e-01 
 1.52713383e-03 -1.35729766e+00 -3.38625628e-01  6.62582321e-01 
 1.52763383e-03 -1.38205930e+00 -3.44816378e-01  6.57404071e-01 
 1.52813383e-03 -1.40680729e+00 -3.51003725e-01  6.52219331e-01 
 1.52863383e-03 -1.43154140e+00 -3.57187607e-01  6.47028153e-01 
 1.52913383e-03 -1.45626139e+00 -3.63367963e-01  6.41830589e-01 
 1.52963383e-03 -1.48096699e+00 -3.69544734e-01  6.36626689e-01 
 1.53013383e-03 -1.50565799e+00 -3.75717857e-01  6.31416505e-01 
 1.53063383e-03 -1.53033412e+00 -3.81887271e-01  6.26200088e-01 
 1.53113383e-03 -1.55499515e+00 -3.88052917e-01  6.20977490e-01 
 1.53163383e-03 -1.57964083e+00 -3.94214732e-01  6.15748762e-01 
 1.53213383e-03 -1.60427092e+00 -4.00372657e-01  6.10513956e-01 
 1.53263383e-03 -1.62888517e+00 -4.06526629e-01  6.05273124e-01 
 1.53313383e-03 -1.65348335e+00 -4.12676590e-01  6.00026317e-01 
 1.53363383e-03 -1.67806521e+00 -4.18822477e-01  5.94773587e-01 
 1.53413383e-03 -1.70263051e+00 -4.24964231e-01  5.89514986e-01 
 1.53463383e-03 -1.72717901e+00 -4.31101790e-01  5.84250566e-01 
 1.53513383e-03 -1.75171046e+00 -4.37235095e-01  5.78980379e-01 
 1.53563383e-03 -1.77622462e+00 -4.43364084e-01  5.73704477e-01 
 1.53613383e-03 -1.80072125e+00 -4.49488697e-01  5.68422912e-01 
 1.53663383e-03 -1.82520010e+00 -4.55608873e-01  5.63135735e-01 
 1.53713383e-03 -1.84966095e+00 -4.61724553e-01  5.57843000e-01 
 1.53763383e-03 -1.87410353e+00 -4.67835676e-01  5.52544758e-01 
 1.53813383e-03 -1.89852762e+00 -4.73942181e-01  5.47241063e-01 
 1.53863383e-03 -1.92293298e+00 -4.80044008e-01  5.41931965e-01 
 1.53913383e-03 -1.94731935e+00 -4.86141098e-01  5.36617517e-01 
 1.53963383e-03 -1.97168651e+00 -4.92233389e-01  5.31297773e-01 
 1.54013383e-03 -1.99603420e+00 -4.98320822e-01  5.25972784e-01 
 1.54063383e-03 -2.02036220e+00 -5.04403337e-01  5.20642603e-01 
 1.54113383e-03 -2.04467025e+00 -5.10480873e-01  5.15307283e-01 
 1.54163383e-03 -2.06895813e+00 -5.16553371e-01  5.09966875e-01 
 1.54213383e-03 -2.09322558e+00 -5.22620771e-01  5.04621434e-01 
 1.54263383e-03 -2.11747238e+00 -5.28683013e-01  4.99271012e-01 
 1.54313383e-03 -2.14169828e+00 -5.34740036e-01  4.93915661e-01 
 1.54363383e-03 -2.16590304e+00 -5.40791782e-01  4.88555435e-01 
 1.54413383e-03 -2.19008642e+00 -5.46838190e-01  4.83190385e-01 
 1.54463383e-03 -2.21424819e+00 -5.52879201e-01  4.77820567e-01 
 1.54513383e-03 -2.23838810e+00 -5.58914756e-01  4.72446031e-01 
 1.54563383e-03 -2.26250593e+00 -5.64944794e-01  4.67066832e-01 
 1.54613383e-03 -2.28660142e+00 -5.70969256e-01  4.61683022e-01 
 1.54663383e-03 -2.31067434e+00 -5.76988082e-01  4.56294654e-01 
 1.54713383e-03 -2.33472446e+00 -5.83001214e-01  4.50901782e-01 
 1.54763383e-03 -2.35875154e+00 -5.89008592e-01  4.45504460e-01 
 1.54813383e-03 -2.38275533e+00 -5.95010157e-01  4.40102739e-01 
 1.54863383e-03 -2.40673561e+00 -6.01005849e-01  4.34696674e-01 
 1.54913383e-03 -2.43069214e+00 -6.06995609e-01  4.29286318e-01 
 1.54963383e-03 -2.45462468e+00 -6.12979378e-01  4.23871724e-01 
 1.55013383e-03 -2.47853299e+00 -6.18957097e-01  4.18452945e-01 
 1.55063383e-03 -2.50241683e+00 -6.24928707e-01  4.13030036e-01 
 1.55113383e-03 -2.52627598e+00 -6.30894150e-01  4.07603050e-01 
 1.55163383e-03 -2.55011020e+00 -6.36853365e-01  4.02172040e-01 
 1.55213383e-03 -2.57391925e+00 -6.42806295e-01  3.96737060e-01 
 1.55263383e-03 -2.59770289e+00 -6.48752881e-01  3.91298163e-01 
 1.55313383e-03 -2.62146090e+00 -6.54693063e-01  3.85855403e-01 
 1.55363383e-03 -2.64519303e+00 -6.60626784e-01  3.80408835e-01 
 1.55413383e-03 -2.66889906e+00 -6.66553985e-01  3.74958511e-01 
 1.55463383e-03 -2.69257874e+00 -6.72474607e-01  3.69504486e-01 
 1.55513383e-03 -2.71623185e+00 -6.78388592e-01  3.64046812e-01 
 1.55563383e-03 -2.73985816e+00 -6.84295882e-01  3.58585546e-01 
 1.55613383e-03 -2.76345742e+00 -6.90196417e-01  3.53120739e-01 
 1.55663383e-03 -2.78702941e+00 -6.96090141e-01  3.47652446e-01 
 1.55713383e-03 -2.81057389e+00 -7.01976994e-01  3.42180721e-01 
 1.55763383e-03 -2.83409063e+00 -7.07856919e-01  3.36705618e-01 
 1.55813383e-03 -2.85757940e+00 -7.13729858e-01  3.31227191e-01 
 1.55863383e-03 -2.88103996e+00 -7.19595752e-01  3.25745494e-01 
 1.55913383e-03 -2.90447210e+00 -7.25454544e-01  3.20260581e-01 
 1.55963383e-03 -2.92787556e+00 -7.31306176e-01  3.14772507e-01 
 1.56013383e-03 -2.95125013e+00 -7.37150590e-01  3.09281325e-01 
 1.56063383e-03 -2.97459557e+00 -7.42987729e-01  3.03787090e-01 
 1.56113383e-03 -2.99791166e+00 -7.48817535e-01  2.98289855e-01 
 1.56163383e-03 -3.02119815e+00 -7.54639950e-01  2.92789676e-01 
 1.56213383e-03 -3.04445483e+00 -7.60454917e-01  2.87286607e-01 
 1.56263383e-03 -3.06768146e+00 -7.66262379e-01  2.81780701e-01 
 1.56313383e-03 -3.09087781e+00 -7.72062278e-01  2.76272013e-01 
 1.56363383e-03 -3.11404366e+00 -7.77854557e-01  2.70760597e-01 
 1.56413383e-03 -3.13717877e+00 -7.83639158e-01  2.65246509e-01 
 1.56463383e-03 -3.16028292e+00 -7.89416026e-01  2.59729802e-01 
 1.56513383e-03 -3.18335588e+00 -7.95185102e-01  2.54210530e-01 
 1.56563383e-03 -3.20639742e+00 -8.00946330e-01  2.48688749e-01 
 1.56613383e-03 -3.22940732e+00 -8.06699652e-01  2.43164512e-01 
 1.56663383e-03 -3.25238534e+00 -8.12445013e-01  2.37637875e-01 
 1.56713383e-03 -3.27533126e+00 -8.18182355e-01  2.32108891e-01 
 1.56763383e-03 -3.29824486e+00 -8.23911623e-01  2.26577616e-01 
 1.56813383e-03 -3.32112590e+00 -8.29632758e-01  2.21044104e-01 
 1.56863383e-03 -3.34397417e+00 -8.35345705e-01  2.15508409e-01 
 1.56913383e-03 -3.36678943e+00 -8.41050408e-01  2.09970586e-01 
 1.56963383e-03 -3.38957146e+00 -8.46746809e-01  2.04430691e-01 
 1.57013383e-03 -3.41232004e+00 -8.52434854e-01  1.98888776e-01 
 1.57063383e-03 -3.43503494e+00 -8.58114485e-01  1.93344898e-01 
 1.57113383e-03 -3.45771594e+00 -8.63785647e-01  1.87799111e-01 
 1.57163383e-03 -3.48036281e+00 -8.69448284e-01  1.82251470e-01 
 1.57213383e-03 -3.50297534e+00 -8.75102340e-01  1.76702029e-01 
 1.57263383e-03 -3.52555329e+00 -8.80747758e-01  1.71150843e-01 
 1.57313383e-03 -3.54809644e+00 -8.86384484e-01  1.65597967e-01 
 1.57363383e-03 -3.57060458e+00 -8.92012462e-01  1.60043456e-01 
 1.57413383e-03 -3.59307747e+00 -8.97631636e-01  1.54487365e-01 
 1.57463383e-03 -3.61551490e+00 -9.03241950e-01  1.48929748e-01 
 1.57513383e-03 -3.63791665e+00 -9.08843350e-01  1.43370660e-01 
 1.57563383e-03 -3.66028250e+00 -9.14435780e-01  1.37810156e-01 
 1.57613383e-03 -3.68261222e+00 -9.20019185e-01  1.32248292e-01 
 1.57663383e-03 -3.70490559e+00 -9.25593509e-01  1.26685121e-01 
 1.57713383e-03 -3.72716240e+00 -9.31158698e-01  1.21120700e-01 
 1.57763383e-03 -3.74938242e+00 -9.36714697e-01  1.15555082e-01 
 1.57813383e-03 -3.77156544e+00 -9.42261451e-01  1.09988322e-01 
 1.57863383e-03 -3.79371123e+00 -9.47798905e-01  1.04420477e-01 
 1.57913383e-03 -3.81581958e+00 -9.53327005e-01  9.88515994e-02 
 1.57963383e-03 -3.83789027e+00 -9.58845696e-01  9.32817458e-02 
 1.58013383e-03 -3.85992308e+00 -9.64354923e-01  8.77109708e-02 
 1.58063383e-03 -3.88191780e+00 -9.69854632e-01  8.21393292e-02 
 1.58113383e-03 -3.90387420e+00 -9.75344770e-01  7.65668761e-02 
 1.58163383e-03 -3.92579207e+00 -9.80825281e-01  7.09936665e-02 
 1.58213383e-03 -3.94767120e+00 -9.86296112e-01  6.54197554e-02 
 1.58263383e-03 -3.96951137e+00 -9.91757208e-01  5.98451978e-02 
 1.58313383e-03 -3.99131235e+00 -9.97208516e-01  5.42700487e-02 
 1.58363383e-03 -4.01307395e+00 -1.00264998e+00  4.86943632e-02 
 1.58413383e-03 -4.03479594e+00 -1.00808155e+00  4.31181962e-02 
 1.58463383e-03 -4.05647810e+00 -1.01350317e+00  3.75416029e-02 
 1.58513383e-03 -4.07812023e+00 -1.01891479e+00  3.19646382e-02 
 1.58563383e-03 -4.09972211e+00 -1.02431635e+00  2.63873572e-02 
 1.58613383e-03 -4.12128353e+00 -1.02970780e+00  2.08098149e-02 
 1.58663383e-03 -4.14280427e+00 -1.03508909e+00  1.52320664e-02 
 1.58713383e-03 -4.16428413e+00 -1.04046017e+00  9.65416670e-03 
 1.58763383e-03 -4.18572288e+00 -1.04582097e+00  4.07617091e-03 
 1.58813383e-03 -4.20712033e+00 -1.05117145e+00 -1.50186594e-03 
 1.58863383e-03 -4.22847625e+00 -1.05651156e+00 -7.07988879e-03 
 1.58913383e-03 -4.24979044e+00 -1.06184124e+00 -1.26578426e-02 
 1.58963383e-03 -4.27106268e+00 -1.06716044e+00 -1.82356723e-02 
 1.59013383e-03 -4.29229277e+00 -1.07246911e+00 -2.38133229e-02 
 1.59063383e-03 -4.31348050e+00 -1.07776719e+00 -2.93907393e-02 
 1.59113383e-03 -4.33462565e+00 -1.08305464e+00 -3.49678664e-02 
 1.59163383e-03 -4.35572803e+00 -1.08833140e+00 -4.05446493e-02 
 1.59213383e-03 -4.37678741e+00 -1.09359741e+00 -4.61210328e-02 
 1.59263383e-03 -4.39780360e+00 -1.09885264e+00 -5.16969620e-02 
 1.59313383e-03 -4.41877638e+00 -1.10409701e+00 -5.72723817e-02 
 1.59363383e-03 -4.43970555e+00 -1.10933049e+00 -6.28472371e-02 
 1.59413383e-03 -4.46059090e+00 -1.11455302e+00 -6.84214730e-02 
 1.59463383e-03 -4.48143223e+00 -1.11976455e+00 -7.39950344e-02 
 1.59513383e-03 -4.50222933e+00 -1.12496503e+00 -7.95678664e-02 
 1.59563383e-03 -4.52298200e+00 -1.13015441e+00 -8.51399139e-02 
 1.59613383e-03 -4.54369002e+00 -1.13533263e+00 -9.07111220e-02 
 1.59663383e-03 -4.56435320e+00 -1.14049965e+00 -9.62814356e-02 
 1.59713383e-03 -4.58497133e+00 -1.14565541e+00 -1.01850800e-01 
 1.59763383e-03 -4.60554421e+00 -1.15079987e+00 -1.07419160e-01 
 1.59813383e-03 -4.62607163e+00 -1.15593296e+00 -1.12986460e-01 
 1.59863383e-03 -4.64655340e+00 -1.16105465e+00 -1.18552646e-01 
 1.59913383e-03 -4.66698931e+00 -1.16616488e+00 -1.24117663e-01 
 1.59963383e-03 -4.68737916e+00 -1.17126360e+00 -1.29681456e-01 
 1.60013383e-03 -4.70772274e+00 -1.17635075e+00 -1.35243969e-01 
 1.60063383e-03 -4.72801986e+00 -1.18142630e+00 -1.40805149e-01 
 1.60113383e-03 -4.74827032e+00 -1.18649019e+00 -1.46364940e-01 
 1.60163383e-03 -4.76847391e+00 -1.19154237e+00 -1.51923287e-01 
 1.60213383e-03 -4.78863044e+00 -1.19658279e+00 -1.57480136e-01 
 1.60263383e-03 -4.80873971e+00 -1.20161140e+00 -1.63035431e-01 
 1.60313383e-03 -4.82880152e+00 -1.20662815e+00 -1.68589118e-01 
 1.60363383e-03 -4.84881566e+00 -1.21163299e+00 -1.74141142e-01 
 1.60413383e-03 -4.86878196e+00 -1.21662587e+00 -1.79691448e-01 
 1.60463383e-03 -4.88870020e+00 -1.22160675e+00 -1.85239981e-01 
 1.60513383e-03 -4.90857019e+00 -1.22657556e+00 -1.90786687e-01 
 1.60563383e-03 -4.92839174e+00 -1.23153228e+00 -1.96331511e-01 
 1.60613383e-03 -4.94816464e+00 -1.23647683e+00 -2.01874397e-01 
 1.60663383e-03 -4.96788871e+00 -1.24140919e+00 -2.07415293e-01 
 1.60713383e-03 -4.98756375e+00 -1.24632929e+00 -2.12954142e-01 
 1.60763383e-03 -5.00718956e+00 -1.25123709e+00 -2.18490890e-01 
 1.60813383e-03 -5.02676595e+00 -1.25613254e+00 -2.24025483e-01 
 1.60863383e-03 -5.04629273e+00 -1.26101560e+00 -2.29557865e-01 
 1.60913383e-03 -5.06576971e+00 -1.26588621e+00 -2.35087982e-01 
 1.60963383e-03 -5.08519669e+00 -1.27074432e+00 -2.40615781e-01 
 1.61013383e-03 -5.10457348e+00 -1.27558990e+00 -2.46141205e-01 
 1.61063383e-03 -5.12389989e+00 -1.28042288e+00 -2.51664201e-01 
 1.61113383e-03 -5.14317573e+00 -1.28524323e+00 -2.57184713e-01 
 1.61163383e-03 -5.16240080e+00 -1.29005089e+00 -2.62702689e-01 
 1.61213383e-03 -5.18157493e+00 -1.29484582e+00 -2.68218072e-01 
 1.61263383e-03 -5.20069792e+00 -1.29962797e+00 -2.73730809e-01 
 1.61313383e-03 -5.21976958e+00 -1.30439730e+00 -2.79240845e-01 
 1.61363383e-03 -5.23878972e+00 -1.30915375e+00 -2.84748127e-01 
 1.61413383e-03 -5.25775816e+00 -1.31389728e+00 -2.90252598e-01 
 1.61463383e-03 -5.27667470e+00 -1.31862784e+00 -2.95754206e-01 
 1.61513383e-03 -5.29553917e+00 -1.32334539e+00 -3.01252896e-01 
 1.61563383e-03 -5.31435137e+00 -1.32804987e+00 -3.06748613e-01 
 1.61613383e-03 -5.33311112e+00 -1.33274125e+00 -3.12241304e-01 
 1.61663383e-03 -5.35181823e+00 -1.33741948e+00 -3.17730913e-01 
 1.61713383e-03 -5.37047253e+00 -1.34208451e+00 -3.23217388e-01 
 1.61763383e-03 -5.38907382e+00 -1.34673629e+00 -3.28700674e-01 
 1.61813383e-03 -5.40762192e+00 -1.35137478e+00 -3.34180716e-01 
 1.61863383e-03 -5.42611665e+00 -1.35599993e+00 -3.39657461e-01 
 1.61913383e-03 -5.44455783e+00 -1.36061170e+00 -3.45130855e-01 
 1.61963383e-03 -5.46294527e+00 -1.36521004e+00 -3.50600843e-01 
 1.62013383e-03 -5.48127880e+00 -1.36979491e+00 -3.56067371e-01 
 1.62063383e-03 -5.49955822e+00 -1.37436625e+00 -3.61530387e-01 
 1.62113383e-03 -5.51778337e+00 -1.37892404e+00 -3.66989834e-01 
 1.62163383e-03 -5.53595406e+00 -1.38346821e+00 -3.72445661e-01 
 1.62213383e-03 -5.55407012e+00 -1.38799873e+00 -3.77897813e-01 
 1.62263383e-03 -5.57213135e+00 -1.39251555e+00 -3.83346236e-01 
 1.62313383e-03 -5.59013759e+00 -1.39701863e+00 -3.88790876e-01 
 1.62363383e-03 -5.60808866e+00 -1.40150792e+00 -3.94231680e-01 
 1.62413383e-03 -5.62598438e+00 -1.40598338e+00 -3.99668594e-01 
 1.62463383e-03 -5.64382458e+00 -1.41044496e+00 -4.05101564e-01 
 1.62513383e-03 -5.66160907e+00 -1.41489262e+00 -4.10530537e-01 
 1.62563383e-03 -5.67933768e+00 -1.41932632e+00 -4.15955459e-01 
 1.62613383e-03 -5.69701024e+00 -1.42374600e+00 -4.21376277e-01 
 1.62663383e-03 -5.71462657e+00 -1.42815164e+00 -4.26792936e-01 
 1.62713383e-03 -5.73218651e+00 -1.43254318e+00 -4.32205384e-01 
 1.62763383e-03 -5.74968986e+00 -1.43692059e+00 -4.37613568e-01 
 1.62813383e-03 -5.76713648e+00 -1.44128381e+00 -4.43017433e-01 
 1.62863383e-03 -5.78452617e+00 -1.44563281e+00 -4.48416926e-01 
 1.62913383e-03 -5.80185877e+00 -1.44996754e+00 -4.53811995e-01 
 1.62963383e-03 -5.81913411e+00 -1.45428796e+00 -4.59202586e-01 
 1.63013383e-03 -5.83635201e+00 -1.45859402e+00 -4.64588645e-01 
 1.63063383e-03 -5.85351232e+00 -1.46288569e+00 -4.69970120e-01 
 1.63113383e-03 -5.87061485e+00 -1.46716293e+00 -4.75346958e-01 
 1.63163383e-03 -5.88765944e+00 -1.47142568e+00 -4.80719105e-01 
 1.63213383e-03 -5.90464592e+00 -1.47567391e+00 -4.86086508e-01 
 1.63263383e-03 -5.92157413e+00 -1.47990758e+00 -4.91449115e-01 
 1.63313383e-03 -5.93844389e+00 -1.48412664e+00 -4.96806872e-01 
 1.63363383e-03 -5.95525504e+00 -1.48833105e+00 -5.02159726e-01 
 1.63413383e-03 -5.97200742e+00 -1.49252077e+00 -5.07507626e-01 
 1.63463383e-03 -5.98870085e+00 -1.49669577e+00 -5.12850517e-01 
 1.63513383e-03 -6.00533518e+00 -1.50085599e+00 -5.18188348e-01 
 1.63563383e-03 -6.02191024e+00 -1.50500140e+00 -5.23521065e-01 
 1.63613383e-03 -6.03842587e+00 -1.50913196e+00 -5.28848617e-01 
 1.63663383e-03 -6.05488190e+00 -1.51324762e+00 -5.34170949e-01 
 1.63713383e-03 -6.07127816e+00 -1.51734835e+00 -5.39488011e-01 
 1.63763383e-03 -6.08761451e+00 -1.52143410e+00 -5.44799748e-01 
 1.63813383e-03 -6.10389078e+00 -1.52550483e+00 -5.50106110e-01 
 1.63863383e-03 -6.12010680e+00 -1.52956051e+00 -5.55407043e-01 
 1.63913383e-03 -6.13626242e+00 -1.53360110e+00 -5.60702496e-01 
 1.63963383e-03 -6.15235748e+00 -1.53762655e+00 -5.65992415e-01 
 1.64013383e-03 -6.16839181e+00 -1.54163682e+00 -5.71276750e-01 
 1.64063383e-03 -6.18436527e+00 -1.54563188e+00 -5.76555447e-01 
 1.64113383e-03 -6.20027769e+00 -1.54961168e+00 -5.81828454e-01 
 1.64163383e-03 -6.21612891e+00 -1.55357619e+00 -5.87095720e-01 
 1.64213383e-03 -6.23191879e+00 -1.55752537e+00 -5.92357193e-01 
 1.64263383e-03 -6.24764716e+00 -1.56145918e+00 -5.97612820e-01 
 1.64313383e-03 -6.26331386e+00 -1.56537757e+00 -6.02862549e-01 
 1.64363383e-03 -6.27891875e+00 -1.56928052e+00 -6.08106330e-01 
 1.64413383e-03 -6.29446167e+00 -1.57316797e+00 -6.13344110e-01 
 1.64463383e-03 -6.30994247e+00 -1.57703990e+00 -6.18575837e-01 
 1.64513383e-03 -6.32536099e+00 -1.58089627e+00 -6.23801460e-01 
 1.64563383e-03 -6.34071708e+00 -1.58473704e+00 -6.29020927e-01 
 1.64613383e-03 -6.35601058e+00 -1.58856216e+00 -6.34234187e-01 
 1.64663383e-03 -6.37124136e+00 -1.59237161e+00 -6.39441188e-01 
 1.64713383e-03 -6.38640926e+00 -1.59616534e+00 -6.44641880e-01 
 1.64763383e-03 -6.40151413e+00 -1.59994331e+00 -6.49836209e-01 
 1.64813383e-03 -6.41655581e+00 -1.60370550e+00 -6.55024126e-01 
 1.64863383e-03 -6.43153417e+00 -1.60745186e+00 -6.60205579e-01 
 1.64913383e-03 -6.44644905e+00 -1.61118235e+00 -6.65380517e-01 
 1.64963383e-03 -6.46130030e+00 -1.61489695e+00 -6.70548889e-01 
 1.65013383e-03 -6.47608779e+00 -1.61859560e+00 -6.75710644e-01 
 1.65063383e-03 -6.49081136e+00 -1.62227828e+00 -6.80865731e-01 
 1.65113383e-03 -6.50547087e+00 -1.62594495e+00 -6.86014099e-01 
 1.65163383e-03 -6.52006617e+00 -1.62959558e+00 -6.91155697e-01 
 1.65213383e-03 -6.53459712e+00 -1.63323012e+00 -6.96290474e-01 
 1.65263383e-03 -6.54906357e+00 -1.63684854e+00 -7.01418381e-01 
 1.65313383e-03 -6.56346540e+00 -1.64045080e+00 -7.06539365e-01 
 1.65363383e-03 -6.57780244e+00 -1.64403688e+00 -7.11653377e-01 
 1.65413383e-03 -6.59207456e+00 -1.64760673e+00 -7.16760367e-01 
 1.65463383e-03 -6.60628162e+00 -1.65116032e+00 -7.21860283e-01 
 1.65513383e-03 -6.62042348e+00 -1.65469761e+00 -7.26953076e-01 
 1.65563383e-03 -6.63449999e+00 -1.65821858e+00 -7.32038695e-01 
 1.65613383e-03 -6.64851103e+00 -1.66172318e+00 -7.37117090e-01 
 1.65663383e-03 -6.66245645e+00 -1.66521137e+00 -7.42188210e-01 
 1.65713383e-03 -6.67633612e+00 -1.66868314e+00 -7.47252007e-01 
 1.65763383e-03 -6.69014989e+00 -1.67213843e+00 -7.52308430e-01 
 1.65813383e-03 -6.70389763e+00 -1.67557722e+00 -7.57357428e-01 
 1.65863383e-03 -6.71757921e+00 -1.67899948e+00 -7.62398953e-01 
 1.65913383e-03 -6.73119449e+00 -1.68240516e+00 -7.67432954e-01 
 1.65963383e-03 -6.74474333e+00 -1.68579424e+00 -7.72459382e-01 
 1.66013383e-03 -6.75822561e+00 -1.68916668e+00 -7.77478186e-01 
 1.66063383e-03 -6.77164118e+00 -1.69252245e+00 -7.82489319e-01 
 1.66113383e-03 -6.78498992e+00 -1.69586152e+00 -7.87492729e-01 
 1.66163383e-03 -6.79827170e+00 -1.69918385e+00 -7.92488368e-01 
 1.66213383e-03 -6.81148638e+00 -1.70248941e+00 -7.97476187e-01 
 1.66263383e-03 -6.82463383e+00 -1.70577817e+00 -8.02456136e-01 
 1.66313383e-03 -6.83771393e+00 -1.70905009e+00 -8.07428166e-01 
 1.66363383e-03 -6.85072654e+00 -1.71230515e+00 -8.12392228e-01 
 1.66413383e-03 -6.86367154e+00 -1.71554331e+00 -8.17348273e-01 
 1.66463383e-03 -6.87654879e+00 -1.71876453e+00 -8.22296251e-01 
 1.66513383e-03 -6.88935818e+00 -1.72196880e+00 -8.27236116e-01 
 1.66563383e-03 -6.90209957e+00 -1.72515606e+00 -8.32167816e-01 
 1.66613383e-03 -6.91477285e+00 -1.72832631e+00 -8.37091305e-01 
 1.66663383e-03 -6.92737787e+00 -1.73147949e+00 -8.42006532e-01 
 1.66713383e-03 -6.93991453e+00 -1.73461559e+00 -8.46913451e-01 
 1.66763383e-03 -6.95238269e+00 -1.73773456e+00 -8.51812012e-01 
 1.66813383e-03 -6.96478223e+00 -1.74083639e+00 -8.56702166e-01 
 1.66863383e-03 -6.97711303e+00 -1.74392104e+00 -8.61583867e-01 
 1.66913383e-03 -6.98937498e+00 -1.74698847e+00 -8.66457064e-01 
 1.66963383e-03 -7.00156794e+00 -1.75003867e+00 -8.71321712e-01 
 1.67013383e-03 -7.01369179e+00 -1.75307159e+00 -8.76177760e-01 
 1.67063383e-03 -7.02574643e+00 -1.75608721e+00 -8.81025162e-01 
 1.67113383e-03 -7.03773172e+00 -1.75908550e+00 -8.85863870e-01 
 1.67163383e-03 -7.04964756e+00 -1.76206642e+00 -8.90693836e-01 
 1.67213383e-03 -7.06149381e+00 -1.76502996e+00 -8.95515012e-01 
 1.67263383e-03 -7.07327038e+00 -1.76797608e+00 -9.00327350e-01 
 1.67313383e-03 -7.08497713e+00 -1.77090475e+00 -9.05130804e-01 
 1.67363383e-03 -7.09661396e+00 -1.77381594e+00 -9.09925325e-01 
 1.67413383e-03 -7.10818074e+00 -1.77670963e+00 -9.14710867e-01 
 1.67463383e-03 -7.11967737e+00 -1.77958578e+00 -9.19487382e-01 
 1.67513383e-03 -7.13110374e+00 -1.78244437e+00 -9.24254823e-01 
 1.67563383e-03 -7.14245972e+00 -1.78528536e+00 -9.29013143e-01 
 1.67613383e-03 -7.15374521e+00 -1.78810874e+00 -9.33762295e-01 
 1.67663383e-03 -7.16496009e+00 -1.79091447e+00 -9.38502232e-01 
 1.67713383e-03 -7.17610426e+00 -1.79370253e+00 -9.43232908e-01 
 1.67763383e-03 -7.18717761e+00 -1.79647288e+00 -9.47954275e-01 
 1.67813383e-03 -7.19818001e+00 -1.79922550e+00 -9.52666288e-01 
 1.67863383e-03 -7.20911138e+00 -1.80196037e+00 -9.57368899e-01 
 1.67913383e-03 -7.21997160e+00 -1.80467745e+00 -9.62062062e-01 
 1.67963383e-03 -7.23076055e+00 -1.80737672e+00 -9.66745731e-01 
 1.68013383e-03 -7.24147814e+00 -1.81005815e+00 -9.71419860e-01 
 1.68063383e-03 -7.25212427e+00 -1.81272172e+00 -9.76084402e-01 
 1.68113383e-03 -7.26269881e+00 -1.81536740e+00 -9.80739312e-01 
 1.68163383e-03 -7.27320168e+00 -1.81799517e+00 -9.85384543e-01 
 1.68213383e-03 -7.28363276e+00 -1.82060499e+00 -9.90020050e-01 
 1.68263383e-03 -7.29399196e+00 -1.82319684e+00 -9.94645787e-01 
 1.68313383e-03 -7.30427916e+00 -1.82577070e+00 -9.99261708e-01 
 1.68363383e-03 -7.31449428e+00 -1.82832654e+00 -1.00386777e+00 
 1.68413383e-03 -7.32463721e+00 -1.83086434e+00 -1.00846392e+00 
 1.68463383e-03 -7.33470784e+00 -1.83338407e+00 -1.01305012e+00 
 1.68513383e-03 -7.34470609e+00 -1.83588570e+00 -1.01762633e+00 
 1.68563383e-03 -7.35463184e+00 -1.83836922e+00 -1.02219249e+00 
 1.68613383e-03 -7.36448501e+00 -1.84083459e+00 -1.02674856e+00 
 1.68663383e-03 -7.37426549e+00 -1.84328179e+00 -1.03129450e+00 
 1.68713383e-03 -7.38397319e+00 -1.84571080e+00 -1.03583027e+00 
 1.68763383e-03 -7.39360802e+00 -1.84812160e+00 -1.04035581e+00 
 1.68813383e-03 -7.40316987e+00 -1.85051416e+00 -1.04487108e+00 
 1.68863383e-03 -7.41265866e+00 -1.85288845e+00 -1.04937605e+00 
 1.68913383e-03 -7.42207429e+00 -1.85524446e+00 -1.05387066e+00 
 1.68963383e-03 -7.43141666e+00 -1.85758216e+00 -1.05835486e+00 
 1.69013383e-03 -7.44068569e+00 -1.85990152e+00 -1.06282863e+00 
 1.69063383e-03 -7.44988128e+00 -1.86220253e+00 -1.06729190e+00 
 1.69113383e-03 -7.45900335e+00 -1.86448516e+00 -1.07174464e+00 
 1.69163383e-03 -7.46805179e+00 -1.86674939e+00 -1.07618681e+00 
 1.69213383e-03 -7.47702654e+00 -1.86899520e+00 -1.08061835e+00 
 1.69263383e-03 -7.48592748e+00 -1.87122256e+00 -1.08503923e+00 
 1.69313383e-03 -7.49475454e+00 -1.87343146e+00 -1.08944941e+00 
 1.69363383e-03 -7.50350764e+00 -1.87562186e+00 -1.09384883e+00 
 1.69413383e-03 -7.51218667e+00 -1.87779375e+00 -1.09823746e+00 
 1.69463383e-03 -7.52079157e+00 -1.87994712e+00 -1.10261524e+00 
 1.69513383e-03 -7.52932223e+00 -1.88208192e+00 -1.10698215e+00 
 1.69563383e-03 -7.53777859e+00 -1.88419816e+00 -1.11133813e+00 
 1.69613383e-03 -7.54616055e+00 -1.88629580e+00 -1.11568315e+00 
 1.69663383e-03 -7.55446803e+00 -1.88837482e+00 -1.12001716e+00 
 1.69713383e-03 -7.56270095e+00 -1.89043520e+00 -1.12434011e+00 
 1.69763383e-03 -7.57085924e+00 -1.89247693e+00 -1.12865197e+00 
 1.69813383e-03 -7.57894280e+00 -1.89449998e+00 -1.13295269e+00 
 1.69863383e-03 -7.58695156e+00 -1.89650434e+00 -1.13724222e+00 
 1.69913383e-03 -7.59488544e+00 -1.89848997e+00 -1.14152054e+00 
 1.69963383e-03 -7.60274436e+00 -1.90045687e+00 -1.14578759e+00 
 1.70013383e-03 -7.61052825e+00 -1.90240502e+00 -1.15004333e+00 
 1.70063383e-03 -7.61823702e+00 -1.90433439e+00 -1.15428773e+00 
 1.70113383e-03 -7.62587060e+00 -1.90624496e+00 -1.15852073e+00 
 1.70163383e-03 -7.63342892e+00 -1.90813672e+00 -1.16274230e+00 
 1.70213383e-03 -7.64091190e+00 -1.91000966e+00 -1.16695239e+00 
 1.70263383e-03 -7.64831947e+00 -1.91186374e+00 -1.17115097e+00 
 1.70313383e-03 -7.65565155e+00 -1.91369895e+00 -1.17533799e+00 
 1.70363383e-03 -7.66290808e+00 -1.91551527e+00 -1.17951341e+00 
 1.70413383e-03 -7.67008897e+00 -1.91731269e+00 -1.18367719e+00 
 1.70463383e-03 -7.67719416e+00 -1.91909119e+00 -1.18782930e+00 
 1.70513383e-03 -7.68422359e+00 -1.92085075e+00 -1.19196967e+00 
 1.70563383e-03 -7.69117717e+00 -1.92259135e+00 -1.19609829e+00 
 1.70613383e-03 -7.69805484e+00 -1.92431298e+00 -1.20021510e+00 
 1.70663383e-03 -7.70485654e+00 -1.92601561e+00 -1.20432007e+00 
 1.70713383e-03 -7.71158219e+00 -1.92769924e+00 -1.20841315e+00 
 1.70763383e-03 -7.71823173e+00 -1.92936384e+00 -1.21249431e+00 
 1.70813383e-03 -7.72480510e+00 -1.93100941e+00 -1.21656350e+00 
 1.70863383e-03 -7.73130223e+00 -1.93263591e+00 -1.22062068e+00 
 1.70913383e-03 -7.73772305e+00 -1.93424334e+00 -1.22466582e+00 
 1.70963383e-03 -7.74406750e+00 -1.93583168e+00 -1.22869888e+00 
 1.71013383e-03 -7.75033552e+00 -1.93740092e+00 -1.23271980e+00 
 1.71063383e-03 -7.75652705e+00 -1.93895103e+00 -1.23672857e+00 
 1.71113383e-03 -7.76264203e+00 -1.94048201e+00 -1.24072512e+00 
 1.71163383e-03 -7.76868039e+00 -1.94199384e+00 -1.24470944e+00 
 1.71213383e-03 -7.77464208e+00 -1.94348650e+00 -1.24868147e+00 
 1.71263383e-03 -7.78052704e+00 -1.94495999e+00 -1.25264118e+00 
 1.71313383e-03 -7.78633520e+00 -1.94641427e+00 -1.25658852e+00 
 1.71363383e-03 -7.79206652e+00 -1.94784935e+00 -1.26052347e+00 
 1.71413383e-03 -7.79772093e+00 -1.94926520e+00 -1.26444597e+00 
 1.71463383e-03 -7.80329838e+00 -1.95066182e+00 -1.26835600e+00 
 1.71513383e-03 -7.80879882e+00 -1.95203919e+00 -1.27225351e+00 
 1.71563383e-03 -7.81422219e+00 -1.95339729e+00 -1.27613846e+00 
 1.71613383e-03 -7.81956843e+00 -1.95473611e+00 -1.28001082e+00 
 1.71663383e-03 -7.82483750e+00 -1.95605564e+00 -1.28387055e+00 
 1.71713383e-03 -7.83002934e+00 -1.95735586e+00 -1.28771761e+00 
 1.71763383e-03 -7.83514390e+00 -1.95863677e+00 -1.29155196e+00 
 1.71813383e-03 -7.84018113e+00 -1.95989835e+00 -1.29537357e+00 
 1.71863383e-03 -7.84514098e+00 -1.96114058e+00 -1.29918239e+00 
 1.71913383e-03 -7.85002340e+00 -1.96236346e+00 -1.30297839e+00 
 1.71963383e-03 -7.85482835e+00 -1.96356697e+00 -1.30676153e+00 
 1.72013383e-03 -7.85955577e+00 -1.96475111e+00 -1.31053178e+00 
 1.72063383e-03 -7.86420562e+00 -1.96591585e+00 -1.31428909e+00 
 1.72113383e-03 -7.86877786e+00 -1.96706119e+00 -1.31803343e+00 
 1.72163383e-03 -7.87327243e+00 -1.96818712e+00 -1.32176477e+00 
 1.72213383e-03 -7.87768930e+00 -1.96929362e+00 -1.32548306e+00 
 1.72263383e-03 -7.88202842e+00 -1.97038069e+00 -1.32918827e+00 
 1.72313383e-03 -7.88628974e+00 -1.97144831e+00 -1.33288036e+00 
 1.72363383e-03 -7.89047323e+00 -1.97249648e+00 -1.33655930e+00 
 1.72413383e-03 -7.89457885e+00 -1.97352518e+00 -1.34022505e+00 
 1.72463383e-03 -7.89860655e+00 -1.97453440e+00 -1.34387757e+00 
 1.72513383e-03 -7.90255629e+00 -1.97552413e+00 -1.34751684e+00 
 1.72563383e-03 -7.90642804e+00 -1.97649437e+00 -1.35114280e+00 
 1.72613383e-03 -7.91022175e+00 -1.97744510e+00 -1.35475543e+00 
 1.72663383e-03 -7.91393740e+00 -1.97837631e+00 -1.35835469e+00 
 1.72713383e-03 -7.91757493e+00 -1.97928800e+00 -1.36194054e+00 
 1.72763383e-03 -7.92113433e+00 -1.98018016e+00 -1.36551296e+00 
 1.72813383e-03 -7.92461554e+00 -1.98105277e+00 -1.36907189e+00 
 1.72863383e-03 -7.92801854e+00 -1.98190583e+00 -1.37261732e+00 
 1.72913383e-03 -7.93134330e+00 -1.98273933e+00 -1.37614920e+00 
 1.72963383e-03 -7.93458978e+00 -1.98355326e+00 -1.37966750e+00 
 1.73013383e-03 -7.93775794e+00 -1.98434762e+00 -1.38317219e+00 
 1.73063383e-03 -7.94084776e+00 -1.98512239e+00 -1.38666322e+00 
 1.73113383e-03 -7.94385921e+00 -1.98587757e+00 -1.39014057e+00 
 1.73163383e-03 -7.94679226e+00 -1.98661315e+00 -1.39360420e+00 
 1.73213383e-03 -7.94964688e+00 -1.98732913e+00 -1.39705408e+00 
 1.73263383e-03 -7.95242303e+00 -1.98802549e+00 -1.40049017e+00 
 1.73313383e-03 -7.95512070e+00 -1.98870223e+00 -1.40391245e+00 
 1.73363383e-03 -7.95773986e+00 -1.98935934e+00 -1.40732086e+00 
 1.73413383e-03 -7.96028047e+00 -1.98999682e+00 -1.41071539e+00 
 1.73463383e-03 -7.96274252e+00 -1.99061466e+00 -1.41409599e+00 
 1.73513383e-03 -7.96512598e+00 -1.99121286e+00 -1.41746264e+00 
 1.73563383e-03 -7.96743083e+00 -1.99179140e+00 -1.42081531e+00 
 1.73613383e-03 -7.96965704e+00 -1.99235028e+00 -1.42415395e+00 
 1.73663383e-03 -7.97180460e+00 -1.99288950e+00 -1.42747853e+00 
 1.73713383e-03 -7.97387348e+00 -1.99340906e+00 -1.43078903e+00 
 1.73763383e-03 -7.97586366e+00 -1.99390894e+00 -1.43408541e+00 
 1.73813383e-03 -7.97777512e+00 -1.99438914e+00 -1.43736764e+00 
 1.73863383e-03 -7.97960784e+00 -1.99484965e+00 -1.44063568e+00 
 1.73913383e-03 -7.98136181e+00 -1.99529048e+00 -1.44388950e+00 
 1.73963383e-03 -7.98303700e+00 -1.99571162e+00 -1.44712908e+00 
 1.74013383e-03 -7.98463341e+00 -1.99611306e+00 -1.45035437e+00 
 1.74063383e-03 -7.98615101e+00 -1.99649480e+00 -1.45356535e+00 
 1.74113383e-03 -7.98758979e+00 -1.99685683e+00 -1.45676199e+00 
 1.74163383e-03 -7.98894973e+00 -1.99719916e+00 -1.45994425e+00 
 1.74213383e-03 -7.99023083e+00 -1.99752178e+00 -1.46311210e+00 
 1.74263383e-03 -7.99143307e+00 -1.99782468e+00 -1.46626551e+00 
 1.74313383e-03 -7.99255643e+00 -1.99810786e+00 -1.46940445e+00 
 1.74363383e-03 -7.99360091e+00 -1.99837133e+00 -1.47252890e+00 
 1.74413383e-03 -7.99456650e+00 -1.99861507e+00 -1.47563881e+00 
 1.74463383e-03 -7.99545319e+00 -1.99883908e+00 -1.47873415e+00 
 1.74513383e-03 -7.99626096e+00 -1.99904337e+00 -1.48181491e+00 
 1.74563383e-03 -7.99698981e+00 -1.99922793e+00 -1.48488104e+00 
 1.74613383e-03 -7.99763974e+00 -1.99939276e+00 -1.48793251e+00 
 1.74663383e-03 -7.99821073e+00 -1.99953785e+00 -1.49096931e+00 
 1.74713383e-03 -7.99870279e+00 -1.99966321e+00 -1.49399138e+00 
 1.74763383e-03 -7.99911590e+00 -1.99976884e+00 -1.49699872e+00 
 1.74813383e-03 -7.99945006e+00 -1.99985473e+00 -1.49999128e+00 
 1.74863383e-03 -7.99970527e+00 -1.99992088e+00 -1.50296904e+00 
 1.74913383e-03 -7.99988153e+00 -1.99996729e+00 -1.50593197e+00 
 1.74963383e-03 -7.99997883e+00 -1.99999396e+00 -1.50888003e+00 
 1.75013383e-03 -7.99999717e+00 -2.00000090e+00 -1.51181320e+00 
 1.75063383e-03 -7.99993656e+00 -1.99998809e+00 -1.51473146e+00 
 1.75113383e-03 -7.99979699e+00 -1.99995555e+00 -1.51763476e+00 
 1.75163383e-03 -7.99957847e+00 -1.99990327e+00 -1.52052309e+00 
 1.75213383e-03 -7.99928099e+00 -1.99983124e+00 -1.52339642e+00 
 1.75263383e-03 -7.99890457e+00 -1.99973949e+00 -1.52625470e+00 
 1.75313383e-03 -7.99844919e+00 -1.99962799e+00 -1.52909793e+00 
 1.75363383e-03 -7.99791488e+00 -1.99949676e+00 -1.53192607e+00 
 1.75413383e-03 -7.99730163e+00 -1.99934580e+00 -1.53473909e+00 
 1.75463383e-03 -7.99660945e+00 -1.99917510e+00 -1.53753696e+00 
 1.75513383e-03 -7.99583835e+00 -1.99898467e+00 -1.54031966e+00 
 1.75563383e-03 -7.99498833e+00 -1.99877451e+00 -1.54308716e+00 
 1.75613383e-03 -7.99405941e+00 -1.99854463e+00 -1.54583943e+00 
 1.75663383e-03 -7.99305158e+00 -1.99829502e+00 -1.54857644e+00 
 1.75713383e-03 -7.99196487e+00 -1.99802569e+00 -1.55129817e+00 
 1.75763383e-03 -7.99079928e+00 -1.99773664e+00 -1.55400459e+00 
 1.75813383e-03 -7.98955483e+00 -1.99742787e+00 -1.55669568e+00 
 1.75863383e-03 -7.98823152e+00 -1.99709939e+00 -1.55937140e+00 
 1.75913383e-03 -7.98682937e+00 -1.99675119e+00 -1.56203174e+00 
 1.75963383e-03 -7.98534839e+00 -1.99638329e+00 -1.56467666e+00 
 1.76013383e-03 -7.98378860e+00 -1.99599569e+00 -1.56730614e+00 
 1.76063383e-03 -7.98215002e+00 -1.99558839e+00 -1.56992015e+00 
 1.76113383e-03 -7.98043265e+00 -1.99516139e+00 -1.57251866e+00 
 1.76163383e-03 -7.97863652e+00 -1.99471469e+00 -1.57510166e+00 
 1.76213383e-03 -7.97676165e+00 -1.99424832e+00 -1.57766912e+00 
 1.76263383e-03 -7.97480804e+00 -1.99376225e+00 -1.58022100e+00 
 1.76313383e-03 -7.97277573e+00 -1.99325652e+00 -1.58275729e+00 
 1.76363383e-03 -7.97066473e+00 -1.99273110e+00 -1.58527796e+00 
 1.76413383e-03 -7.96847507e+00 -1.99218602e+00 -1.58778299e+00 
 1.76463383e-03 -7.96620675e+00 -1.99162128e+00 -1.59027234e+00 
 1.76513383e-03 -7.96385982e+00 -1.99103688e+00 -1.59274601e+00 
 1.76563383e-03 -7.96143428e+00 -1.99043283e+00 -1.59520395e+00 
 1.76613383e-03 -7.95893017e+00 -1.98980914e+00 -1.59764615e+00 
 1.76663383e-03 -7.95634751e+00 -1.98916581e+00 -1.60007258e+00 
 1.76713383e-03 -7.95368632e+00 -1.98850284e+00 -1.60248323e+00 
 1.76763383e-03 -7.95094663e+00 -1.98782025e+00 -1.60487805e+00 
 1.76813383e-03 -7.94812847e+00 -1.98711804e+00 -1.60725704e+00 
 1.76863383e-03 -7.94523187e+00 -1.98639621e+00 -1.60962017e+00 
 1.76913383e-03 -7.94225684e+00 -1.98565478e+00 -1.61196742e+00 
 1.76963383e-03 -7.93920343e+00 -1.98489376e+00 -1.61429875e+00 
 1.77013383e-03 -7.93607167e+00 -1.98411314e+00 -1.61661416e+00 
 1.77063383e-03 -7.93286158e+00 -1.98331294e+00 -1.61891361e+00 
 1.77113383e-03 -7.92957319e+00 -1.98249316e+00 -1.62119708e+00 
 1.77163383e-03 -7.92620654e+00 -1.98165382e+00 -1.62346455e+00 
 1.77213383e-03 -7.92276167e+00 -1.98079492e+00 -1.62571601e+00 
 1.77263383e-03 -7.91923860e+00 -1.97991647e+00 -1.62795141e+00 
 1.77313383e-03 -7.91563737e+00 -1.97901848e+00 -1.63017076e+00 
 1.77363383e-03 -7.91195801e+00 -1.97810095e+00 -1.63237401e+00 
 1.77413383e-03 -7.90820057e+00 -1.97716390e+00 -1.63456116e+00 
 1.77463383e-03 -7.90436508e+00 -1.97620734e+00 -1.63673217e+00 
 1.77513383e-03 -7.90045157e+00 -1.97523127e+00 -1.63888703e+00 
 1.77563383e-03 -7.89646009e+00 -1.97423571e+00 -1.64102572e+00 
 1.77613383e-03 -7.89239068e+00 -1.97322066e+00 -1.64314821e+00 
 1.77663383e-03 -7.88824337e+00 -1.97218614e+00 -1.64525449e+00 
 1.77713383e-03 -7.88401820e+00 -1.97113215e+00 -1.64734453e+00 
 1.77763383e-03 -7.87971523e+00 -1.97005871e+00 -1.64941831e+00 
 1.77813383e-03 -7.87533448e+00 -1.96896582e+00 -1.65147581e+00 
 1.77863383e-03 -7.87087601e+00 -1.96785350e+00 -1.65351702e+00 
 1.77913383e-03 -7.86633986e+00 -1.96672176e+00 -1.65554191e+00 
 1.77963383e-03 -7.86172607e+00 -1.96557060e+00 -1.65755046e+00 
 1.78013383e-03 -7.85703468e+00 -1.96440005e+00 -1.65954265e+00 
 1.78063383e-03 -7.85226576e+00 -1.96321011e+00 -1.66151846e+00 
 1.78113383e-03 -7.84741933e+00 -1.96200079e+00 -1.66347788e+00 
 1.78163383e-03 -7.84249545e+00 -1.96077210e+00 -1.66542088e+00 
 1.78213383e-03 -7.83749417e+00 -1.95952407e+00 -1.66734744e+00 
 1.78263383e-03 -7.83241553e+00 -1.95825669e+00 -1.66925755e+00 
 1.78313383e-03 -7.82725960e+00 -1.95696998e+00 -1.67115118e+00 
 1.78363383e-03 -7.82202641e+00 -1.95566396e+00 -1.67302833e+00 
 1.78413383e-03 -7.81671602e+00 -1.95433864e+00 -1.67488896e+00 
 1.78463383e-03 -7.81132848e+00 -1.95299403e+00 -1.67673306e+00 
 1.78513383e-03 -7.80586385e+00 -1.95163015e+00 -1.67856062e+00 
 1.78563383e-03 -7.80032218e+00 -1.95024700e+00 -1.68037161e+00 
 1.78613383e-03 -7.79470352e+00 -1.94884460e+00 -1.68216601e+00 
 1.78663383e-03 -7.78900793e+00 -1.94742297e+00 -1.68394382e+00 
 1.78713383e-03 -7.78323547e+00 -1.94598211e+00 -1.68570500e+00 
 1.78763383e-03 -7.77738619e+00 -1.94452205e+00 -1.68744955e+00 
 1.78813383e-03 -7.77146015e+00 -1.94304280e+00 -1.68917745e+00 
 1.78863383e-03 -7.76545741e+00 -1.94154437e+00 -1.69088868e+00 
 1.78913383e-03 -7.75937803e+00 -1.94002678e+00 -1.69258322e+00 
 1.78963383e-03 -7.75322206e+00 -1.93849003e+00 -1.69426105e+00 
 1.79013383e-03 -7.74698957e+00 -1.93693416e+00 -1.69592217e+00 
 1.79063383e-03 -7.74068063e+00 -1.93535917e+00 -1.69756654e+00 
 1.79113383e-03 -7.73429528e+00 -1.93376508e+00 -1.69919417e+00 
 1.79163383e-03 -7.72783361e+00 -1.93215190e+00 -1.70080502e+00 
 1.79213383e-03 -7.72129566e+00 -1.93051965e+00 -1.70239909e+00 
 1.79263383e-03 -7.71468150e+00 -1.92886835e+00 -1.70397636e+00 
 1.79313383e-03 -7.70799121e+00 -1.92719800e+00 -1.70553682e+00 
 1.79363383e-03 -7.70122484e+00 -1.92550864e+00 -1.70708044e+00 
 1.79413383e-03 -7.69438246e+00 -1.92380028e+00 -1.70860721e+00 
 1.79463383e-03 -7.68746414e+00 -1.92207292e+00 -1.71011712e+00 
 1.79513383e-03 -7.68046995e+00 -1.92032660e+00 -1.71161016e+00 
 1.79563383e-03 -7.67339996e+00 -1.91856132e+00 -1.71308630e+00 
 1.79613383e-03 -7.66625423e+00 -1.91677710e+00 -1.71454554e+00 
 1.79663383e-03 -7.65903284e+00 -1.91497397e+00 -1.71598785e+00 
 1.79713383e-03 -7.65173586e+00 -1.91315194e+00 -1.71741323e+00 
 1.79763383e-03 -7.64436336e+00 -1.91131102e+00 -1.71882167e+00 
 1.79813383e-03 -7.63691541e+00 -1.90945124e+00 -1.72021313e+00 
 1.79863383e-03 -7.62939209e+00 -1.90757261e+00 -1.72158763e+00 
 1.79913383e-03 -7.62179347e+00 -1.90567516e+00 -1.72294513e+00 
 1.79963383e-03 -7.61411963e+00 -1.90375889e+00 -1.72428562e+00 
 1.80013383e-03 -7.60637064e+00 -1.90182384e+00 -1.72560911e+00 
 1.80063383e-03 -7.59854657e+00 -1.89987002e+00 -1.72691556e+00 
 1.80113383e-03 -7.59064751e+00 -1.89789744e+00 -1.72820496e+00 
 1.80163383e-03 -7.58267354e+00 -1.89590613e+00 -1.72947732e+00 
 1.80213383e-03 -7.57462472e+00 -1.89389611e+00 -1.73073260e+00 
 1.80263383e-03 -7.56650115e+00 -1.89186740e+00 -1.73197080e+00 
 1.80313383e-03 -7.55830290e+00 -1.88982001e+00 -1.73319191e+00 
 1.80363383e-03 -7.55003005e+00 -1.88775398e+00 -1.73439592e+00 
 1.80413383e-03 -7.54168269e+00 -1.88566931e+00 -1.73558281e+00 
 1.80463383e-03 -7.53326089e+00 -1.88356602e+00 -1.73675257e+00 
 1.80513383e-03 -7.52476475e+00 -1.88144415e+00 -1.73790519e+00 
 1.80563383e-03 -7.51619433e+00 -1.87930371e+00 -1.73904066e+00 
 1.80613383e-03 -7.50754974e+00 -1.87714472e+00 -1.74015896e+00 
 1.80663383e-03 -7.49883105e+00 -1.87496720e+00 -1.74126010e+00 
 1.80713383e-03 -7.49003835e+00 -1.87277118e+00 -1.74234405e+00 
 1.80763383e-03 -7.48117172e+00 -1.87055667e+00 -1.74341080e+00 
 1.80813383e-03 -7.47223126e+00 -1.86832371e+00 -1.74446035e+00 
 1.80863383e-03 -7.46321705e+00 -1.86607230e+00 -1.74549268e+00 
 1.80913383e-03 -7.45412918e+00 -1.86380247e+00 -1.74650778e+00 
 1.80963383e-03 -7.44496774e+00 -1.86151425e+00 -1.74750565e+00 
 1.81013383e-03 -7.43573283e+00 -1.85920765e+00 -1.74848627e+00 
 1.81063383e-03 -7.42642452e+00 -1.85688270e+00 -1.74944964e+00 
 1.81113383e-03 -7.41704292e+00 -1.85453943e+00 -1.75039574e+00 
 1.81163383e-03 -7.40758812e+00 -1.85217785e+00 -1.75132456e+00 
 1.81213383e-03 -7.39806021e+00 -1.84979800e+00 -1.75223611e+00 
 1.81263383e-03 -7.38845928e+00 -1.84739988e+00 -1.75313036e+00 
 1.81313383e-03 -7.37878543e+00 -1.84498353e+00 -1.75400730e+00 
 1.81363383e-03 -7.36903875e+00 -1.84254897e+00 -1.75486694e+00 
 1.81413383e-03 -7.35921934e+00 -1.84009623e+00 -1.75570926e+00 
 1.81463383e-03 -7.34932731e+00 -1.83762532e+00 -1.75653425e+00 
 1.81513383e-03 -7.33936273e+00 -1.83513628e+00 -1.75734190e+00 
 1.81563383e-03 -7.32932572e+00 -1.83262912e+00 -1.75813222e+00 
 1.81613383e-03 -7.31921638e+00 -1.83010388e+00 -1.75890518e+00 
 1.81663383e-03 -7.30903479e+00 -1.82756057e+00 -1.75966078e+00 
 1.81713383e-03 -7.29878107e+00 -1.82499923e+00 -1.76039902e+00 
 1.81763383e-03 -7.28845531e+00 -1.82241987e+00 -1.76111988e+00 
 1.81813383e-03 -7.27805762e+00 -1.81982253e+00 -1.76182336e+00 
 1.81863383e-03 -7.26758810e+00 -1.81720722e+00 -1.76250945e+00 
 1.81913383e-03 -7.25704685e+00 -1.81457398e+00 -1.76317815e+00 
 1.81963383e-03 -7.24643397e+00 -1.81192283e+00 -1.76382945e+00 
 1.82013383e-03 -7.23574958e+00 -1.80925380e+00 -1.76446334e+00 
 1.82063383e-03 -7.22499377e+00 -1.80656691e+00 -1.76507982e+00 
 1.82113383e-03 -7.21416665e+00 -1.80386219e+00 -1.76567888e+00 
 1.82163383e-03 -7.20326833e+00 -1.80113966e+00 -1.76626051e+00 
 1.82213383e-03 -7.19229892e+00 -1.79839936e+00 -1.76682471e+00 
 1.82263383e-03 -7.18125853e+00 -1.79564131e+00 -1.76737148e+00 
 1.82313383e-03 -7.17014725e+00 -1.79286553e+00 -1.76790080e+00 
 1.82363383e-03 -7.15896522e+00 -1.79007206e+00 -1.76841267e+00 
 1.82413383e-03 -7.14771252e+00 -1.78726092e+00 -1.76890710e+00 
 1.82463383e-03 -7.13638928e+00 -1.78443215e+00 -1.76938406e+00 
 1.82513383e-03 -7.12499561e+00 -1.78158576e+00 -1.76984356e+00 
 1.82563383e-03 -7.11353161e+00 -1.77872178e+00 -1.77028560e+00 
 1.82613383e-03 -7.10199741e+00 -1.77584025e+00 -1.77071016e+00 
 1.82663383e-03 -7.09039312e+00 -1.77294120e+00 -1.77111725e+00 
 1.82713383e-03 -7.07871884e+00 -1.77002464e+00 -1.77150686e+00 
 1.82763383e-03 -7.06697470e+00 -1.76709062e+00 -1.77187898e+00 
 1.82813383e-03 -7.05516082e+00 -1.76413915e+00 -1.77223362e+00 
 1.82863383e-03 -7.04327730e+00 -1.76117027e+00 -1.77257077e+00 
 1.82913383e-03 -7.03132427e+00 -1.75818401e+00 -1.77289043e+00 
 1.82963383e-03 -7.01930184e+00 -1.75518040e+00 -1.77319259e+00 
 1.83013383e-03 -7.00721013e+00 -1.75215946e+00 -1.77347724e+00 
 1.83063383e-03 -6.99504926e+00 -1.74912123e+00 -1.77374440e+00 
 1.83113383e-03 -6.98281936e+00 -1.74606574e+00 -1.77399405e+00 
 1.83163383e-03 -6.97052054e+00 -1.74299301e+00 -1.77422619e+00 
 1.83213383e-03 -6.95815292e+00 -1.73990308e+00 -1.77444082e+00 
 1.83263383e-03 -6.94571663e+00 -1.73679598e+00 -1.77463794e+00 
 1.83313383e-03 -6.93321179e+00 -1.73367174e+00 -1.77481755e+00 
 1.83363383e-03 -6.92063852e+00 -1.73053038e+00 -1.77497964e+00 
 1.83413383e-03 -6.90799694e+00 -1.72737195e+00 -1.77512421e+00 
 1.83463383e-03 -6.89528719e+00 -1.72419646e+00 -1.77525127e+00 
 1.83513383e-03 -6.88250938e+00 -1.72100396e+00 -1.77536080e+00 
 1.83563383e-03 -6.86966365e+00 -1.71779448e+00 -1.77545281e+00 
 1.83613383e-03 -6.85675011e+00 -1.71456804e+00 -1.77552730e+00 
 1.83663383e-03 -6.84376890e+00 -1.71132467e+00 -1.77558427e+00 
 1.83713383e-03 -6.83072015e+00 -1.70806442e+00 -1.77562371e+00 
 1.83763383e-03 -6.81760397e+00 -1.70478731e+00 -1.77564563e+00 
 1.83813383e-03 -6.80442052e+00 -1.70149337e+00 -1.77565003e+00 
 1.83863383e-03 -6.79116990e+00 -1.69818264e+00 -1.77563690e+00 
 1.83913383e-03 -6.77785226e+00 -1.69485514e+00 -1.77560625e+00 
 1.83963383e-03 -6.76446772e+00 -1.69151092e+00 -1.77555807e+00 
 1.84013383e-03 -6.75101643e+00 -1.68815001e+00 -1.77549237e+00 
 1.84063383e-03 -6.73749850e+00 -1.68477243e+00 -1.77540915e+00 
 1.84113383e-03 -6.72391407e+00 -1.68137823e+00 -1.77530841e+00 
 1.84163383e-03 -6.71026329e+00 -1.67796743e+00 -1.77519014e+00 
 1.84213383e-03 -6.69654627e+00 -1.67454007e+00 -1.77505436e+00 
 1.84263383e-03 -6.68276317e+00 -1.67109618e+00 -1.77490105e+00 
 1.84313383e-03 -6.66891410e+00 -1.66763580e+00 -1.77473023e+00 
 1.84363383e-03 -6.65499922e+00 -1.66415896e+00 -1.77454190e+00 
 1.84413383e-03 -6.64101866e+00 -1.66066570e+00 -1.77433605e+00 
 1.84463383e-03 -6.62697255e+00 -1.65715604e+00 -1.77411269e+00 
 1.84513383e-03 -6.61286103e+00 -1.65363003e+00 -1.77387182e+00 
 1.84563383e-03 -6.59868425e+00 -1.65008770e+00 -1.77361345e+00 
 1.84613383e-03 -6.58444235e+00 -1.64652908e+00 -1.77333757e+00 
 1.84663383e-03 -6.57013545e+00 -1.64295421e+00 -1.77304419e+00 
 1.84713383e-03 -6.55576372e+00 -1.63936313e+00 -1.77273331e+00 
 1.84763383e-03 -6.54132728e+00 -1.63575586e+00 -1.77240494e+00 
 1.84813383e-03 -6.52682628e+00 -1.63213246e+00 -1.77205907e+00 
 1.84863383e-03 -6.51226086e+00 -1.62849294e+00 -1.77169572e+00 
 1.84913383e-03 -6.49763117e+00 -1.62483735e+00 -1.77131488e+00 
 1.84963383e-03 -6.48293735e+00 -1.62116572e+00 -1.77091656e+00 
 1.85013383e-03 -6.46817954e+00 -1.61747809e+00 -1.77050076e+00 
 1.85063383e-03 -6.45335790e+00 -1.61377450e+00 -1.77006749e+00 
 1.85113383e-03 -6.43847257e+00 -1.61005499e+00 -1.76961674e+00 
 1.85163383e-03 -6.42352369e+00 -1.60631958e+00 -1.76914854e+00 
 1.85213383e-03 -6.40851141e+00 -1.60256831e+00 -1.76866287e+00 
 1.85263383e-03 -6.39343589e+00 -1.59880123e+00 -1.76815975e+00 
 1.85313383e-03 -6.37829726e+00 -1.59501837e+00 -1.76763918e+00 
 1.85363383e-03 -6.36309568e+00 -1.59121977e+00 -1.76710116e+00 
 1.85413383e-03 -6.34783130e+00 -1.58740547e+00 -1.76654571e+00 
 1.85463383e-03 -6.33250427e+00 -1.58357549e+00 -1.76597282e+00 
 1.85513383e-03 -6.31711474e+00 -1.57972989e+00 -1.76538250e+00 
 1.85563383e-03 -6.30166287e+00 -1.57586869e+00 -1.76477476e+00 
 1.85613383e-03 -6.28614880e+00 -1.57199195e+00 -1.76414960e+00 
 1.85663383e-03 -6.27057268e+00 -1.56809968e+00 -1.76350703e+00 
 1.85713383e-03 -6.25493468e+00 -1.56419194e+00 -1.76284705e+00 
 1.85763383e-03 -6.23923495e+00 -1.56026877e+00 -1.76216968e+00 
 1.85813383e-03 -6.22347363e+00 -1.55633019e+00 -1.76147492e+00 
 1.85863383e-03 -6.20765090e+00 -1.55237625e+00 -1.76076277e+00 
 1.85913383e-03 -6.19176689e+00 -1.54840699e+00 -1.76003324e+00 
 1.85963383e-03 -6.17582178e+00 -1.54442245e+00 -1.75928635e+00 
 1.86013383e-03 -6.15981571e+00 -1.54042267e+00 -1.75852209e+00 
 1.86063383e-03 -6.14374885e+00 -1.53640768e+00 -1.75774048e+00 
 1.86113383e-03 -6.12762135e+00 -1.53237753e+00 -1.75694152e+00 
 1.86163383e-03 -6.11143338e+00 -1.52833225e+00 -1.75612522e+00 
 1.86213383e-03 -6.09518509e+00 -1.52427189e+00 -1.75529159e+00 
 1.86263383e-03 -6.07887664e+00 -1.52019649e+00 -1.75444063e+00 
 1.86313383e-03 -6.06250819e+00 -1.51610608e+00 -1.75357237e+00 
 1.86363383e-03 -6.04607991e+00 -1.51200071e+00 -1.75268679e+00 
 1.86413383e-03 -6.02959196e+00 -1.50788042e+00 -1.75178392e+00 
 1.86463383e-03 -6.01304450e+00 -1.50374524e+00 -1.75086375e+00 
 1.86513383e-03 -5.99643769e+00 -1.49959523e+00 -1.74992631e+00 
 1.86563383e-03 -5.97977170e+00 -1.49543041e+00 -1.74897160e+00 
 1.86613383e-03 -5.96304669e+00 -1.49125083e+00 -1.74799963e+00 
 1.86663383e-03 -5.94626283e+00 -1.48705654e+00 -1.74701041e+00 
 1.86713383e-03 -5.92942028e+00 -1.48284757e+00 -1.74600394e+00 
 1.86763383e-03 -5.91251921e+00 -1.47862396e+00 -1.74498024e+00 
 1.86813383e-03 -5.89555978e+00 -1.47438576e+00 -1.74393932e+00 
 1.86863383e-03 -5.87854217e+00 -1.47013301e+00 -1.74288119e+00 
 1.86913383e-03 -5.86146654e+00 -1.46586575e+00 -1.74180586e+00 
 1.86963383e-03 -5.84433306e+00 -1.46158402e+00 -1.74071334e+00 
 1.87013383e-03 -5.82714190e+00 -1.45728786e+00 -1.73960364e+00 
 1.87063383e-03 -5.80989323e+00 -1.45297733e+00 -1.73847678e+00 
 1.87113383e-03 -5.79258722e+00 -1.44865245e+00 -1.73733275e+00 
 1.87163383e-03 -5.77522403e+00 -1.44431328e+00 -1.73617158e+00 
 1.87213383e-03 -5.75780385e+00 -1.43995985e+00 -1.73499327e+00 
 1.87263383e-03 -5.74032684e+00 -1.43559221e+00 -1.73379784e+00 
 1.87313383e-03 -5.72279317e+00 -1.43121040e+00 -1.73258530e+00 
 1.87363383e-03 -5.70520302e+00 -1.42681446e+00 -1.73135566e+00 
 1.87413383e-03 -5.68755657e+00 -1.42240444e+00 -1.73010893e+00 
 1.87463383e-03 -5.66985398e+00 -1.41798039e+00 -1.72884513e+00 
 1.87513383e-03 -5.65209543e+00 -1.41354234e+00 -1.72756427e+00 
 1.87563383e-03 -5.63428110e+00 -1.40909033e+00 -1.72626636e+00 
 1.87613383e-03 -5.61641116e+00 -1.40462442e+00 -1.72495141e+00 
 1.87663383e-03 -5.59848579e+00 -1.40014465e+00 -1.72361943e+00 
 1.87713383e-03 -5.58050516e+00 -1.39565106e+00 -1.72227045e+00 
 1.87763383e-03 -5.56246946e+00 -1.39114370e+00 -1.72090447e+00 
 1.87813383e-03 -5.54437885e+00 -1.38662260e+00 -1.71952150e+00 
 1.87863383e-03 -5.52623353e+00 -1.38208782e+00 -1.71812156e+00 
 1.87913383e-03 -5.50803366e+00 -1.37753940e+00 -1.71670467e+00 
 1.87963383e-03 -5.48977944e+00 -1.37297738e+00 -1.71527084e+00 
 1.88013383e-03 -5.47147103e+00 -1.36840181e+00 -1.71382007e+00 
 1.88063383e-03 -5.45310861e+00 -1.36381274e+00 -1.71235240e+00 
 1.88113383e-03 -5.43469238e+00 -1.35921021e+00 -1.71086782e+00 
 1.88163383e-03 -5.41622251e+00 -1.35459426e+00 -1.70936636e+00 
 1.88213383e-03 -5.39769919e+00 -1.34996494e+00 -1.70784803e+00 
 1.88263383e-03 -5.37912259e+00 -1.34532230e+00 -1.70631284e+00 
 1.88313383e-03 -5.36049290e+00 -1.34066638e+00 -1.70476081e+00 
 1.88363383e-03 -5.34181031e+00 -1.33599723e+00 -1.70319196e+00 
 1.88413383e-03 -5.32307499e+00 -1.33131490e+00 -1.70160630e+00 
 1.88463383e-03 -5.30428714e+00 -1.32661942e+00 -1.70000385e+00 
 1.88513383e-03 -5.28544694e+00 -1.32191085e+00 -1.69838462e+00 
 1.88563383e-03 -5.26655457e+00 -1.31718924e+00 -1.69674863e+00 
 1.88613383e-03 -5.24761022e+00 -1.31245462e+00 -1.69509589e+00 
 1.88663383e-03 -5.22861408e+00 -1.30770705e+00 -1.69342642e+00 
 1.88713383e-03 -5.20956634e+00 -1.30294658e+00 -1.69174024e+00 
 1.88763383e-03 -5.19046718e+00 -1.29817324e+00 -1.69003737e+00 
 1.88813383e-03 -5.17131679e+00 -1.29338710e+00 -1.68831781e+00 
 1.88863383e-03 -5.15211537e+00 -1.28858819e+00 -1.68658159e+00 
 1.88913383e-03 -5.13286309e+00 -1.28377656e+00 -1.68482873e+00 
 1.88963383e-03 -5.11356016e+00 -1.27895226e+00 -1.68305924e+00 
 1.89013383e-03 -5.09420675e+00 -1.27411534e+00 -1.68127314e+00 
 1.89063383e-03 -5.07480307e+00 -1.26926584e+00 -1.67947045e+00 
 1.89113383e-03 -5.05534930e+00 -1.26440381e+00 -1.67765118e+00 
 1.89163383e-03 -5.03584564e+00 -1.25952931e+00 -1.67581536e+00 
 1.89213383e-03 -5.01629228e+00 -1.25464238e+00 -1.67396299e+00 
 1.89263383e-03 -4.99668941e+00 -1.24974306e+00 -1.67209411e+00 
 1.89313383e-03 -4.97703722e+00 -1.24483141e+00 -1.67020872e+00 
 1.89363383e-03 -4.95733591e+00 -1.23990747e+00 -1.66830685e+00 
 1.89413383e-03 -4.93758567e+00 -1.23497130e+00 -1.66638852e+00 
 1.89463383e-03 -4.91778670e+00 -1.23002294e+00 -1.66445374e+00 
 1.89513383e-03 -4.89793920e+00 -1.22506243e+00 -1.66250253e+00 
 1.89563383e-03 -4.87804335e+00 -1.22008984e+00 -1.66053491e+00 
 1.89613383e-03 -4.85809937e+00 -1.21510520e+00 -1.65855091e+00 
 1.89663383e-03 -4.83810743e+00 -1.21010858e+00 -1.65655054e+00 
 1.89713383e-03 -4.81806774e+00 -1.20510001e+00 -1.65453382e+00 
 1.89763383e-03 -4.79798050e+00 -1.20007954e+00 -1.65250077e+00 
 1.89813383e-03 -4.77784591e+00 -1.19504724e+00 -1.65045141e+00 
 1.89863383e-03 -4.75766416e+00 -1.19000313e+00 -1.64838577e+00 
 1.89913383e-03 -4.73743545e+00 -1.18494729e+00 -1.64630385e+00 
 1.89963383e-03 -4.71715999e+00 -1.17987974e+00 -1.64420569e+00 
 1.90013383e-03 -4.69683797e+00 -1.17480056e+00 -1.64209130e+00 
 1.90063383e-03 -4.67646960e+00 -1.16970978e+00 -1.63996071e+00 
 1.90113383e-03 -4.65605507e+00 -1.16460745e+00 -1.63781393e+00 
 1.90163383e-03 -4.63559459e+00 -1.15949363e+00 -1.63565099e+00 
 1.90213383e-03 -4.61508835e+00 -1.15436837e+00 -1.63347190e+00 
 1.90263383e-03 -4.59453657e+00 -1.14923171e+00 -1.63127669e+00 
 1.90313383e-03 -4.57393944e+00 -1.14408371e+00 -1.62906539e+00 
 1.90363383e-03 -4.55329717e+00 -1.13892442e+00 -1.62683801e+00 
 1.90413383e-03 -4.53260996e+00 -1.13375389e+00 -1.62459457e+00 
 1.90463383e-03 -4.51187801e+00 -1.12857217e+00 -1.62233509e+00 
 1.90513383e-03 -4.49110153e+00 -1.12337931e+00 -1.62005961e+00 
 1.90563383e-03 -4.47028073e+00 -1.11817537e+00 -1.61776814e+00 
 1.90613383e-03 -4.44941581e+00 -1.11296039e+00 -1.61546070e+00 
 1.90663383e-03 -4.42850697e+00 -1.10773442e+00 -1.61313732e+00 
 1.90713383e-03 -4.40755443e+00 -1.10249752e+00 -1.61079802e+00 
 1.90763383e-03 -4.38655839e+00 -1.09724974e+00 -1.60844282e+00 
 1.90813383e-03 -4.36551905e+00 -1.09199113e+00 -1.60607175e+00 
 1.90863383e-03 -4.34443662e+00 -1.08672175e+00 -1.60368483e+00 
 1.90913383e-03 -4.32331132e+00 -1.08144164e+00 -1.60128208e+00 
 1.90963383e-03 -4.30214335e+00 -1.07615085e+00 -1.59886353e+00 
 1.91013383e-03 -4.28093292e+00 -1.07084945e+00 -1.59642920e+00 
 1.91063383e-03 -4.25968024e+00 -1.06553748e+00 -1.59397911e+00 
 1.91113383e-03 -4.23838551e+00 -1.06021499e+00 -1.59151329e+00 
 1.91163383e-03 -4.21704896e+00 -1.05488203e+00 -1.58903177e+00 
 1.91213383e-03 -4.19567078e+00 -1.04953867e+00 -1.58653456e+00 
 1.91263383e-03 -4.17425120e+00 -1.04418494e+00 -1.58402170e+00 
 1.91313383e-03 -4.15279041e+00 -1.03882092e+00 -1.58149320e+00 
 1.91363383e-03 -4.13128864e+00 -1.03344663e+00 -1.57894910e+00 
 1.91413383e-03 -4.10974610e+00 -1.02806215e+00 -1.57638941e+00 
 1.91463383e-03 -4.08816299e+00 -1.02266753e+00 -1.57381416e+00 
 1.91513383e-03 -4.06653954e+00 -1.01726281e+00 -1.57122338e+00 
 1.91563383e-03 -4.04487595e+00 -1.01184805e+00 -1.56861710e+00 
 1.91613383e-03 -4.02317244e+00 -1.00642330e+00 -1.56599534e+00 
 1.91663383e-03 -4.00142922e+00 -1.00098862e+00 -1.56335812e+00 
 1.91713383e-03 -3.97964651e+00 -9.95544067e-01 -1.56070547e+00 
 1.91763383e-03 -3.95782453e+00 -9.90089684e-01 -1.55803742e+00 
 1.91813383e-03 -3.93596348e+00 -9.84625529e-01 -1.55535399e+00 
 1.91863383e-03 -3.91406358e+00 -9.79151657e-01 -1.55265521e+00 
 1.91913383e-03 -3.89212506e+00 -9.73668121e-01 -1.54994111e+00 
 1.91963383e-03 -3.87014812e+00 -9.68174976e-01 -1.54721171e+00 
 1.92013383e-03 -3.84813298e+00 -9.62672275e-01 -1.54446705e+00 
 1.92063383e-03 -3.82607986e+00 -9.57160074e-01 -1.54170714e+00 
 1.92113383e-03 -3.80398898e+00 -9.51638426e-01 -1.53893201e+00 
 1.92163383e-03 -3.78186056e+00 -9.46107386e-01 -1.53614170e+00 
 1.92213383e-03 -3.75969482e+00 -9.40567009e-01 -1.53333623e+00 
 1.92263383e-03 -3.73749196e+00 -9.35017348e-01 -1.53051562e+00 
 1.92313383e-03 -3.71525222e+00 -9.29458460e-01 -1.52767991e+00 
 1.92363383e-03 -3.69297581e+00 -9.23890399e-01 -1.52482913e+00 
 1.92413383e-03 -3.67066295e+00 -9.18313220e-01 -1.52196329e+00 
 1.92463383e-03 -3.64831387e+00 -9.12726977e-01 -1.51908244e+00 
 1.92513383e-03 -3.62592877e+00 -9.07131727e-01 -1.51618659e+00 
 1.92563383e-03 -3.60350790e+00 -9.01527523e-01 -1.51327578e+00 
 1.92613383e-03 -3.58105145e+00 -8.95914423e-01 -1.51035004e+00 
 1.92663383e-03 -3.55855966e+00 -8.90292480e-01 -1.50740939e+00 
 1.92713383e-03 -3.53603275e+00 -8.84661751e-01 -1.50445386e+00 
 1.92763383e-03 -3.51347094e+00 -8.79022290e-01 -1.50148348e+00 
 1.92813383e-03 -3.49087446e+00 -8.73374155e-01 -1.49849829e+00 
 1.92863383e-03 -3.46824352e+00 -8.67717400e-01 -1.49549831e+00 
 1.92913383e-03 -3.44557835e+00 -8.62052081e-01 -1.49248357e+00 
 1.92963383e-03 -3.42287917e+00 -8.56378254e-01 -1.48945410e+00 
 1.93013383e-03 -3.40014622e+00 -8.50695975e-01 -1.48640993e+00 
 1.93063383e-03 -3.37737970e+00 -8.45005301e-01 -1.48335109e+00 
 1.93113383e-03 -3.35457985e+00 -8.39306287e-01 -1.48027761e+00 
 1.93163383e-03 -3.33174689e+00 -8.33598990e-01 -1.47718953e+00 
 1.93213383e-03 -3.30888105e+00 -8.27883466e-01 -1.47408686e+00 
 1.93263383e-03 -3.28598255e+00 -8.22159771e-01 -1.47096965e+00 
 1.93313383e-03 -3.26305162e+00 -8.16427962e-01 -1.46783792e+00 
 1.93363383e-03 -3.24008849e+00 -8.10688096e-01 -1.46469170e+00 
 1.93413383e-03 -3.21709338e+00 -8.04940228e-01 -1.46153103e+00 
 1.93463383e-03 -3.19406651e+00 -7.99184417e-01 -1.45835594e+00 
 1.93513383e-03 -3.17100812e+00 -7.93420718e-01 -1.45516645e+00 
 1.93563383e-03 -3.14791844e+00 -7.87649189e-01 -1.45196260e+00 
 1.93613383e-03 -3.12479769e+00 -7.81869886e-01 -1.44874442e+00 
 1.93663383e-03 -3.10164609e+00 -7.76082867e-01 -1.44551195e+00 
 1.93713383e-03 -3.07846388e+00 -7.70288189e-01 -1.44226521e+00 
 1.93763383e-03 -3.05525130e+00 -7.64485908e-01 -1.43900423e+00 
 1.93813383e-03 -3.03200855e+00 -7.58676083e-01 -1.43572905e+00 
 1.93863383e-03 -3.00873588e+00 -7.52858770e-01 -1.43243971e+00 
 1.93913383e-03 -2.98543352e+00 -7.47034026e-01 -1.42913623e+00 
 1.93963383e-03 -2.96210169e+00 -7.41201911e-01 -1.42581864e+00 
 1.94013383e-03 -2.93874063e+00 -7.35362480e-01 -1.42248698e+00 
 1.94063383e-03 -2.91535056e+00 -7.29515792e-01 -1.41914129e+00 
 1.94113383e-03 -2.89193172e+00 -7.23661904e-01 -1.41578159e+00 
 1.94163383e-03 -2.86848434e+00 -7.17800874e-01 -1.41240791e+00 
 1.94213383e-03 -2.84500865e+00 -7.11932760e-01 -1.40902030e+00 
 1.94263383e-03 -2.82150487e+00 -7.06057620e-01 -1.40561878e+00 
 1.94313383e-03 -2.79797325e+00 -7.00175511e-01 -1.40220339e+00 
 1.94363383e-03 -2.77441402e+00 -6.94286493e-01 -1.39877416e+00 
 1.94413383e-03 -2.75082740e+00 -6.88390622e-01 -1.39533113e+00 
 1.94463383e-03 -2.72721364e+00 -6.82487958e-01 -1.39187433e+00 
 1.94513383e-03 -2.70357295e+00 -6.76578558e-01 -1.38840379e+00 
 1.94563383e-03 -2.67990559e+00 -6.70662481e-01 -1.38491954e+00 
 1.94613383e-03 -2.65621177e+00 -6.64739785e-01 -1.38142164e+00 
 1.94663383e-03 -2.63249174e+00 -6.58810529e-01 -1.37791009e+00 
 1.94713383e-03 -2.60874573e+00 -6.52874770e-01 -1.37438495e+00 
 1.94763383e-03 -2.58497397e+00 -6.46932569e-01 -1.37084625e+00 
 1.94813383e-03 -2.56117669e+00 -6.40983983e-01 -1.36729401e+00 
 1.94863383e-03 -2.53735414e+00 -6.35029071e-01 -1.36372829e+00 
 1.94913383e-03 -2.51350655e+00 -6.29067891e-01 -1.36014910e+00 
 1.94963383e-03 -2.48963415e+00 -6.23100504e-01 -1.35655649e+00 
 1.95013383e-03 -2.46573718e+00 -6.17126967e-01 -1.35295050e+00 
 1.95063383e-03 -2.44181587e+00 -6.11147339e-01 -1.34933115e+00 
 1.95113383e-03 -2.41787046e+00 -6.05161680e-01 -1.34569848e+00 
 1.95163383e-03 -2.39390119e+00 -5.99170049e-01 -1.34205254e+00 
 1.95213383e-03 -2.36990829e+00 -5.93172504e-01 -1.33839335e+00 
 1.95263383e-03 -2.34589200e+00 -5.87169106e-01 -1.33472095e+00 
 1.95313383e-03 -2.32185256e+00 -5.81159912e-01 -1.33103538e+00 
 1.95363383e-03 -2.29779020e+00 -5.75144983e-01 -1.32733667e+00 
 1.95413383e-03 -2.27370517e+00 -5.69124378e-01 -1.32362486e+00 
 1.95463383e-03 -2.24959769e+00 -5.63098157e-01 -1.31989999e+00 
 1.95513383e-03 -2.22546801e+00 -5.57066378e-01 -1.31616210e+00 
 1.95563383e-03 -2.20131637e+00 -5.51029101e-01 -1.31241122e+00 
 1.95613383e-03 -2.17714300e+00 -5.44986386e-01 -1.30864738e+00 
 1.95663383e-03 -2.15294815e+00 -5.38938293e-01 -1.30487063e+00 
 1.95713383e-03 -2.12873204e+00 -5.32884881e-01 -1.30108100e+00 
 1.95763383e-03 -2.10449493e+00 -5.26826210e-01 -1.29727853e+00 
 1.95813383e-03 -2.08023704e+00 -5.20762340e-01 -1.29346326e+00 
 1.95863383e-03 -2.05595862e+00 -5.14693330e-01 -1.28963523e+00 
 1.95913383e-03 -2.03165992e+00 -5.08619241e-01 -1.28579446e+00 
 1.95963383e-03 -2.00734116e+00 -5.02540133e-01 -1.28194101e+00 
 1.96013383e-03 -1.98300258e+00 -4.96456064e-01 -1.27807491e+00 
 1.96063383e-03 -1.95864444e+00 -4.90367097e-01 -1.27419619e+00 
 1.96113383e-03 -1.93426697e+00 -4.84273290e-01 -1.27030490e+00 
 1.96163383e-03 -1.90987040e+00 -4.78174704e-01 -1.26640107e+00 
 1.96213383e-03 -1.88545499e+00 -4.72071398e-01 -1.26248474e+00 
 1.96263383e-03 -1.86102097e+00 -4.65963434e-01 -1.25855596e+00 
 1.96313383e-03 -1.83656858e+00 -4.59850872e-01 -1.25461475e+00 
 1.96363383e-03 -1.81209806e+00 -4.53733771e-01 -1.25066117e+00 
 1.96413383e-03 -1.78760966e+00 -4.47612192e-01 -1.24669524e+00 
 1.96463383e-03 -1.76310362e+00 -4.41486196e-01 -1.24271700e+00 
 1.96513383e-03 -1.73858017e+00 -4.35355843e-01 -1.23872651e+00 
 1.96563383e-03 -1.71403957e+00 -4.29221194e-01 -1.23472378e+00 
 1.96613383e-03 -1.68948205e+00 -4.23082308e-01 -1.23070888e+00 
 1.96663383e-03 -1.66490785e+00 -4.16939247e-01 -1.22668182e+00 
 1.96713383e-03 -1.64031722e+00 -4.10792072e-01 -1.22264266e+00 
 1.96763383e-03 -1.61571041e+00 -4.04640843e-01 -1.21859144e+00 
 1.96813383e-03 -1.59108764e+00 -3.98485620e-01 -1.21452819e+00 
 1.96863383e-03 -1.56644918e+00 -3.92326465e-01 -1.21045295e+00 
 1.96913383e-03 -1.54179525e+00 -3.86163438e-01 -1.20636577e+00 
 1.96963383e-03 -1.51712610e+00 -3.79996600e-01 -1.20226668e+00 
 1.97013383e-03 -1.49244199e+00 -3.73826012e-01 -1.19815573e+00 
 1.97063383e-03 -1.46774314e+00 -3.67651735e-01 -1.19403295e+00 
 1.97113383e-03 -1.44302981e+00 -3.61473830e-01 -1.18989839e+00 
 1.97163383e-03 -1.41830223e+00 -3.55292357e-01 -1.18575209e+00 
 1.97213383e-03 -1.39356066e+00 -3.49107378e-01 -1.18159408e+00 
 1.97263383e-03 -1.36880533e+00 -3.42918954e-01 -1.17742442e+00 
 1.97313383e-03 -1.34403650e+00 -3.36727146e-01 -1.17324313e+00 
 1.97363383e-03 -1.31925439e+00 -3.30532015e-01 -1.16905027e+00 
 1.97413383e-03 -1.29445927e+00 -3.24333622e-01 -1.16484586e+00 
 1.97463383e-03 -1.26965137e+00 -3.18132028e-01 -1.16062997e+00 
 1.97513383e-03 -1.24483094e+00 -3.11927295e-01 -1.15640262e+00 
 1.97563383e-03 -1.21999823e+00 -3.05719484e-01 -1.15216385e+00 
 1.97613383e-03 -1.19515347e+00 -2.99508655e-01 -1.14791372e+00 
 1.97663383e-03 -1.17029692e+00 -2.93294871e-01 -1.14365226e+00 
 1.97713383e-03 -1.14542882e+00 -2.87078193e-01 -1.13937951e+00 
 1.97763383e-03 -1.12054941e+00 -2.80858681e-01 -1.13509552e+00 
 1.97813383e-03 -1.09565895e+00 -2.74636398e-01 -1.13080032e+00 
 1.97863383e-03 -1.07075767e+00 -2.68411405e-01 -1.12649397e+00 
 1.97913383e-03 -1.04584582e+00 -2.62183763e-01 -1.12217650e+00 
 1.97963383e-03 -1.02092365e+00 -2.55953534e-01 -1.11784795e+00 
 1.98013383e-03 -9.95991404e-01 -2.49720779e-01 -1.11350838e+00 
 1.98063383e-03 -9.71049328e-01 -2.43485560e-01 -1.10915781e+00 
 1.98113383e-03 -9.46097668e-01 -2.37247937e-01 -1.10479630e+00 
 1.98163383e-03 -9.21136671e-01 -2.31007974e-01 -1.10042388e+00 
 1.98213383e-03 -8.96166582e-01 -2.24765731e-01 -1.09604061e+00 
 1.98263383e-03 -8.71187649e-01 -2.18521270e-01 -1.09164652e+00 
 1.98313383e-03 -8.46200117e-01 -2.12274653e-01 -1.08724166e+00 
 1.98363383e-03 -8.21204233e-01 -2.06025941e-01 -1.08282606e+00 
 1.98413383e-03 -7.96200245e-01 -1.99775196e-01 -1.07839978e+00 
 1.98463383e-03 -7.71188398e-01 -1.93522480e-01 -1.07396286e+00 
 1.98513383e-03 -7.46168940e-01 -1.87267854e-01 -1.06951534e+00 
 1.98563383e-03 -7.21142118e-01 -1.81011380e-01 -1.06505727e+00 
 1.98613383e-03 -6.96108178e-01 -1.74753120e-01 -1.06058868e+00 
 1.98663383e-03 -6.71067368e-01 -1.68493136e-01 -1.05610963e+00 
 1.98713383e-03 -6.46019935e-01 -1.62231489e-01 -1.05162015e+00 
 1.98763383e-03 -6.20966126e-01 -1.55968241e-01 -1.04712030e+00 
 1.98813383e-03 -5.95906188e-01 -1.49703454e-01 -1.04261011e+00 
 1.98863383e-03 -5.70840369e-01 -1.43437190e-01 -1.03808964e+00 
 1.98913383e-03 -5.45768916e-01 -1.37169511e-01 -1.03355892e+00 
 1.98963383e-03 -5.20692076e-01 -1.30900478e-01 -1.02901800e+00 
 1.99013383e-03 -4.95610098e-01 -1.24630154e-01 -1.02446693e+00 
 1.99063383e-03 -4.70523228e-01 -1.18358600e-01 -1.01990574e+00 
 1.99113383e-03 -4.45431714e-01 -1.12085879e-01 -1.01533449e+00 
 1.99163383e-03 -4.20335803e-01 -1.05812051e-01 -1.01075322e+00 
 1.99213383e-03 -3.95235745e-01 -9.95371794e-02 -1.00616198e+00 
 1.99263383e-03 -3.70131785e-01 -9.32613258e-02 -1.00156081e+00 
 1.99313383e-03 -3.45024172e-01 -8.69845522e-02 -9.96949748e-01 
 1.99363383e-03 -3.19913155e-01 -8.07069203e-02 -9.92328852e-01 
 1.99413383e-03 -2.94798979e-01 -7.44284923e-02 -9.87698163e-01 
 1.99463383e-03 -2.69681894e-01 -6.81493301e-02 -9.83057728e-01 
 1.99513383e-03 -2.44562148e-01 -6.18694956e-02 -9.78407591e-01 
 1.99563383e-03 -2.19439988e-01 -5.55890509e-02 -9.73747798e-01 
 1.99613383e-03 -1.94315662e-01 -4.93080579e-02 -9.69078396e-01 
 1.99663383e-03 -1.69189418e-01 -4.30265786e-02 -9.64399431e-01 
 1.99713383e-03 -1.44061504e-01 -3.67446750e-02 -9.59710949e-01 
 1.99763383e-03 -1.18932169e-01 -3.04624091e-02 -9.55012995e-01 
 1.99813383e-03 -9.38016593e-02 -2.41798429e-02 -9.50305617e-01 
 1.99863383e-03 -6.86702242e-02 -1.78970385e-02 -9.45588862e-01 
 1.99913383e-03 -4.35381114e-02 -1.16140578e-02 -9.40862774e-01 
 1.99963383e-03 -1.84055689e-02 -5.33096276e-03 -9.36127402e-01 
 2.00013383e-03  6.72715535e-03  9.52184484e-04 -9.31382791e-01 
 2.00063383e-03  3.18598131e-02  7.23532197e-03 -9.26628990e-01 
 2.00113383e-03  5.69921565e-02  1.35183877e-02 -9.21866044e-01 
 2.00163383e-03  8.21239374e-02  1.98013196e-02 -9.17094000e-01 
 2.00213383e-03  1.07254908e-01  2.60840558e-02 -9.12312906e-01 
 2.00263383e-03  1.32384820e-01  3.23665341e-02 -9.07522810e-01 
 2.00313383e-03  1.57513425e-01  3.86486926e-02 -9.02723757e-01 
 2.00363383e-03  1.82640475e-01  4.49304693e-02 -8.97915796e-01 
 2.00413383e-03  2.07765723e-01  5.12118023e-02 -8.93098974e-01 
 2.00463383e-03  2.32888921e-01  5.74926294e-02 -8.88273338e-01 
 2.00513383e-03  2.58009820e-01  6.37728887e-02 -8.83438937e-01 
 2.00563383e-03  2.83128172e-01  7.00525182e-02 -8.78595818e-01 
 2.00613383e-03  3.08243730e-01  7.63314560e-02 -8.73744028e-01 
 2.00663383e-03  3.33356246e-01  8.26096401e-02 -8.68883616e-01 
 2.00713383e-03  3.58465472e-01  8.88870085e-02 -8.64014629e-01 
 2.00763383e-03  3.83571160e-01  9.51634992e-02 -8.59137116e-01 
 2.00813383e-03  4.08673062e-01  1.01439050e-01 -8.54251125e-01 
 2.00863383e-03  4.33770931e-01  1.07713600e-01 -8.49356704e-01 
 2.00913383e-03  4.58864518e-01  1.13987086e-01 -8.44453901e-01 
 2.00963383e-03  4.83953577e-01  1.20259447e-01 -8.39542765e-01 
 2.01013383e-03  5.09037859e-01  1.26530621e-01 -8.34623343e-01 
 2.01063383e-03  5.34117118e-01  1.32800545e-01 -8.29695686e-01 
 2.01113383e-03  5.59191105e-01  1.39069158e-01 -8.24759841e-01 
 2.01163383e-03  5.84259573e-01  1.45336399e-01 -8.19815857e-01 
 2.01213383e-03  6.09322274e-01  1.51602204e-01 -8.14863782e-01 
 2.01263383e-03  6.34378962e-01  1.57866513e-01 -8.09903667e-01 
 2.01313383e-03  6.59429388e-01  1.64129264e-01 -8.04935559e-01 
 2.01363383e-03  6.84473307e-01  1.70390394e-01 -7.99959508e-01 
 2.01413383e-03  7.09510469e-01  1.76649843e-01 -7.94975563e-01 
 2.01463383e-03  7.34540630e-01  1.82907547e-01 -7.89983772e-01 
 2.01513383e-03  7.59563540e-01  1.89163446e-01 -7.84984186e-01 
 2.01563383e-03  7.84578954e-01  1.95417477e-01 -7.79976854e-01 
 2.01613383e-03  8.09586625e-01  2.01669580e-01 -7.74961825e-01 
 2.01663383e-03  8.34586305e-01  2.07919692e-01 -7.69939148e-01 
 2.01713383e-03  8.59577749e-01  2.14167751e-01 -7.64908873e-01 
 2.01763383e-03  8.84560708e-01  2.20413696e-01 -7.59871050e-01 
 2.01813383e-03  9.09534937e-01  2.26657466e-01 -7.54825729e-01 
 2.01863383e-03  9.34500190e-01  2.32898998e-01 -7.49772959e-01 
 2.01913383e-03  9.59456219e-01  2.39138231e-01 -7.44712790e-01 
 2.01963383e-03  9.84402779e-01  2.45375103e-01 -7.39645272e-01 
 2.02013383e-03  1.00933962e+00  2.51609554e-01 -7.34570455e-01 
 2.02063383e-03  1.03426651e+00  2.57841521e-01 -7.29488389e-01 
 2.02113383e-03  1.05918318e+00  2.64070942e-01 -7.24399125e-01 
 2.02163383e-03  1.08408940e+00  2.70297757e-01 -7.19302712e-01 
 2.02213383e-03  1.10898492e+00  2.76521904e-01 -7.14199202e-01 
 2.02263383e-03  1.13386950e+00  2.82743322e-01 -7.09088643e-01 
 2.02313383e-03  1.15874289e+00  2.88961948e-01 -7.03971087e-01 
 2.02363383e-03  1.18360483e+00  2.95177722e-01 -6.98846585e-01 
 2.02413383e-03  1.20845510e+00  3.01390583e-01 -6.93715186e-01 
 2.02463383e-03  1.23329344e+00  3.07600469e-01 -6.88576941e-01 
 2.02513383e-03  1.25811961e+00  3.13807318e-01 -6.83431902e-01 
 2.02563383e-03  1.28293336e+00  3.20011070e-01 -6.78280119e-01 
 2.02613383e-03  1.30773445e+00  3.26211663e-01 -6.73121642e-01 
 2.02663383e-03  1.33252263e+00  3.32409036e-01 -6.67956523e-01 
 2.02713383e-03  1.35729766e+00  3.38603128e-01 -6.62784813e-01 
 2.02763383e-03  1.38205930e+00  3.44793878e-01 -6.57606563e-01 
 2.02813383e-03  1.40680729e+00  3.50981225e-01 -6.52421823e-01 
 2.02863383e-03  1.43154140e+00  3.57165107e-01 -6.47230645e-01 
 2.02913383e-03  1.45626139e+00  3.63345464e-01 -6.42033081e-01 
 2.02963383e-03  1.48096699e+00  3.69522234e-01 -6.36829181e-01 
 2.03013383e-03  1.50565799e+00  3.75695357e-01 -6.31618996e-01 
 2.03063383e-03  1.53033412e+00  3.81864771e-01 -6.26402580e-01 
 2.03113383e-03  1.55499515e+00  3.88030417e-01 -6.21179982e-01 
 2.03163383e-03  1.57964083e+00  3.94192232e-01 -6.15951254e-01 
 2.03213383e-03  1.60427092e+00  4.00350157e-01 -6.10716448e-01 
 2.03263383e-03  1.62888517e+00  4.06504130e-01 -6.05475616e-01 
 2.03313383e-03  1.65348335e+00  4.12654090e-01 -6.00228809e-01 
 2.03363383e-03  1.67806521e+00  4.18799977e-01 -5.94976079e-01 
 2.03413383e-03  1.70263051e+00  4.24941731e-01 -5.89717479e-01 
 2.03463383e-03  1.72717901e+00  4.31079290e-01 -5.84453059e-01 
 2.03513383e-03  1.75171046e+00  4.37212595e-01 -5.79182872e-01 
 2.03563383e-03  1.77622462e+00  4.43341584e-01 -5.73906969e-01 
 2.03613383e-03  1.80072125e+00  4.49466197e-01 -5.68625404e-01 
 2.03663383e-03  1.82520010e+00  4.55586373e-01 -5.63338228e-01 
 2.03713383e-03  1.84966095e+00  4.61702053e-01 -5.58045493e-01 
 2.03763383e-03  1.87410353e+00  4.67813176e-01 -5.52747251e-01 
 2.03813383e-03  1.89852762e+00  4.73919681e-01 -5.47443555e-01 
 2.03863383e-03  1.92293298e+00  4.80021508e-01 -5.42134457e-01 
 2.03913383e-03  1.94731935e+00  4.86118598e-01 -5.36820010e-01 
 2.03963383e-03  1.97168651e+00  4.92210889e-01 -5.31500265e-01 
 2.04013383e-03  1.99603420e+00  4.98298322e-01 -5.26175277e-01 
 2.04063383e-03  2.02036220e+00  5.04380837e-01 -5.20845096e-01 
 2.04113383e-03  2.04467025e+00  5.10458374e-01 -5.15509775e-01 
 2.04163383e-03  2.06895813e+00  5.16530872e-01 -5.10169368e-01 
 2.04213383e-03  2.09322558e+00  5.22598271e-01 -5.04823927e-01 
 2.04263383e-03  2.11747238e+00  5.28660513e-01 -4.99473505e-01 
 2.04313383e-03  2.14169828e+00  5.34717536e-01 -4.94118154e-01 
 2.04363383e-03  2.16590304e+00  5.40769282e-01 -4.88757927e-01 
 2.04413383e-03  2.19008642e+00  5.46815691e-01 -4.83392878e-01 
 2.04463383e-03  2.21424819e+00  5.52856702e-01 -4.78023060e-01 
 2.04513383e-03  2.23838810e+00  5.58892256e-01 -4.72648524e-01 
 2.04563383e-03  2.26250593e+00  5.64922294e-01 -4.67269325e-01 
 2.04613383e-03  2.28660142e+00  5.70946756e-01 -4.61885515e-01 
 2.04663383e-03  2.31067434e+00  5.76965583e-01 -4.56497147e-01 
 2.04713383e-03  2.33472446e+00  5.82978714e-01 -4.51104275e-01 
 2.04763383e-03  2.35875154e+00  5.88986092e-01 -4.45706953e-01 
 2.04813383e-03  2.38275533e+00  5.94987657e-01 -4.40305232e-01 
 2.04863383e-03  2.40673561e+00  6.00983349e-01 -4.34899167e-01 
 2.04913383e-03  2.43069214e+00  6.06973109e-01 -4.29488811e-01 
 2.04963383e-03  2.45462468e+00  6.12956878e-01 -4.24074217e-01 
 2.05013383e-03  2.47853299e+00  6.18934597e-01 -4.18655439e-01 
 2.05063383e-03  2.50241683e+00  6.24906207e-01 -4.13232530e-01 
 2.05113383e-03  2.52627598e+00  6.30871650e-01 -4.07805543e-01 
 2.05163383e-03  2.55011020e+00  6.36830865e-01 -4.02374533e-01 
 2.05213383e-03  2.57391925e+00  6.42783795e-01 -3.96939553e-01 
 2.05263383e-03  2.59770289e+00  6.48730381e-01 -3.91500656e-01 
 2.05313383e-03  2.62146090e+00  6.54670564e-01 -3.86057897e-01 
 2.05363383e-03  2.64519303e+00  6.60604285e-01 -3.80611328e-01 
 2.05413383e-03  2.66889906e+00  6.66531485e-01 -3.75161005e-01 
 2.05463383e-03  2.69257874e+00  6.72452107e-01 -3.69706979e-01 
 2.05513383e-03  2.71623185e+00  6.78366092e-01 -3.64249306e-01 
 2.05563383e-03  2.73985816e+00  6.84273382e-01 -3.58788039e-01 
 2.05613383e-03  2.76345742e+00  6.90173917e-01 -3.53323232e-01 
 2.05663383e-03  2.78702941e+00  6.96067641e-01 -3.47854939e-01 
 2.05713383e-03  2.81057389e+00  7.01954494e-01 -3.42383214e-01 
 2.05763383e-03  2.83409063e+00  7.07834419e-01 -3.36908112e-01 
 2.05813383e-03  2.85757940e+00  7.13707358e-01 -3.31429685e-01 
 2.05863383e-03  2.88103996e+00  7.19573252e-01 -3.25947988e-01 
 2.05913383e-03  2.90447210e+00  7.25432044e-01 -3.20463075e-01 
 2.05963383e-03  2.92787556e+00  7.31283676e-01 -3.14975001e-01 
 2.06013383e-03  2.95125013e+00  7.37128090e-01 -3.09483819e-01 
 2.06063383e-03  2.97459557e+00  7.42965229e-01 -3.03989584e-01 
 2.06113383e-03  2.99791166e+00  7.48795035e-01 -2.98492349e-01 
 2.06163383e-03  3.02119815e+00  7.54617450e-01 -2.92992170e-01 
 2.06213383e-03  3.04445483e+00  7.60432417e-01 -2.87489101e-01 
 2.06263383e-03  3.06768146e+00  7.66239879e-01 -2.81983195e-01 
 2.06313383e-03  3.09087781e+00  7.72039778e-01 -2.76474507e-01 
 2.06363383e-03  3.11404366e+00  7.77832057e-01 -2.70963091e-01 
 2.06413383e-03  3.13717877e+00  7.83616658e-01 -2.65449003e-01 
 2.06463383e-03  3.16028292e+00  7.89393526e-01 -2.59932296e-01 
 2.06513383e-03  3.18335588e+00  7.95162602e-01 -2.54413024e-01 
 2.06563383e-03  3.20639742e+00  8.00923830e-01 -2.48891243e-01 
 2.06613383e-03  3.22940732e+00  8.06677152e-01 -2.43367006e-01 
 2.06663383e-03  3.25238534e+00  8.12422513e-01 -2.37840369e-01 
 2.06713383e-03  3.27533126e+00  8.18159856e-01 -2.32311385e-01 
 2.06763383e-03  3.29824486e+00  8.23889123e-01 -2.26780110e-01 
 2.06813383e-03  3.32112590e+00  8.29610258e-01 -2.21246598e-01 
 2.06863383e-03  3.34397417e+00  8.35323205e-01 -2.15710903e-01 
 2.06913383e-03  3.36678943e+00  8.41027908e-01 -2.10173081e-01 
 2.06963383e-03  3.38957146e+00  8.46724310e-01 -2.04633185e-01 
 2.07013383e-03  3.41232004e+00  8.52412354e-01 -1.99091271e-01 
 2.07063383e-03  3.43503494e+00  8.58091986e-01 -1.93547393e-01 
 2.07113383e-03  3.45771594e+00  8.63763148e-01 -1.88001606e-01 
 2.07163383e-03  3.48036281e+00  8.69425784e-01 -1.82453964e-01 
 2.07213383e-03  3.50297534e+00  8.75079840e-01 -1.76904523e-01 
 2.07263383e-03  3.52555329e+00  8.80725259e-01 -1.71353338e-01 
 2.07313383e-03  3.54809644e+00  8.86361985e-01 -1.65800462e-01 
 2.07363383e-03  3.57060458e+00  8.91989962e-01 -1.60245951e-01 
 2.07413383e-03  3.59307747e+00  8.97609136e-01 -1.54689859e-01 
 2.07463383e-03  3.61551490e+00  9.03219451e-01 -1.49132242e-01 
 2.07513383e-03  3.63791665e+00  9.08820850e-01 -1.43573155e-01 
 2.07563383e-03  3.66028250e+00  9.14413280e-01 -1.38012651e-01 
 2.07613383e-03  3.68261222e+00  9.19996685e-01 -1.32450787e-01 
 2.07663383e-03  3.70490559e+00  9.25571009e-01 -1.26887616e-01 
 2.07713383e-03  3.72716240e+00  9.31136198e-01 -1.21323194e-01 
 2.07763383e-03  3.74938242e+00  9.36692197e-01 -1.15757576e-01 
 2.07813383e-03  3.77156544e+00  9.42238951e-01 -1.10190817e-01 
 2.07863383e-03  3.79371123e+00  9.47776405e-01 -1.04622971e-01 
 2.07913383e-03  3.81581958e+00  9.53304505e-01 -9.90540942e-02 
 2.07963383e-03  3.83789027e+00  9.58823196e-01 -9.34842407e-02 
 2.08013383e-03  3.85992308e+00  9.64332423e-01 -8.79134656e-02 
 2.08063383e-03  3.88191780e+00  9.69832133e-01 -8.23418241e-02 
 2.08113383e-03  3.90387420e+00  9.75322270e-01 -7.67693710e-02 
 2.08163383e-03  3.92579207e+00  9.80802781e-01 -7.11961615e-02 
 2.08213383e-03  3.94767120e+00  9.86273612e-01 -6.56222504e-02 
 2.08263383e-03  3.96951137e+00  9.91734708e-01 -6.00476928e-02 
 2.08313383e-03  3.99131235e+00  9.97186016e-01 -5.44725437e-02 
 2.08363383e-03  4.01307395e+00  1.00262748e+00 -4.88968582e-02 
 2.08413383e-03  4.03479594e+00  1.00805905e+00 -4.33206913e-02 
 2.08463383e-03  4.05647810e+00  1.01348067e+00 -3.77440979e-02 
 2.08513383e-03  4.07812023e+00  1.01889229e+00 -3.21671332e-02 
 2.08563383e-03  4.09972211e+00  1.02429385e+00 -2.65898522e-02 
 2.08613383e-03  4.12128353e+00  1.02968530e+00 -2.10123100e-02 
 2.08663383e-03  4.14280427e+00  1.03506659e+00 -1.54345615e-02 
 2.08713383e-03  4.16428413e+00  1.04043767e+00 -9.85666183e-03 
 2.08763383e-03  4.18572288e+00  1.04579847e+00 -4.27866607e-03 
 2.08813383e-03  4.20712033e+00  1.05114895e+00  1.29937076e-03 
 2.08863383e-03  4.22847625e+00  1.05648906e+00  6.87739360e-03 
 2.08913383e-03  4.24979044e+00  1.06181874e+00  1.24553474e-02 
 2.08963383e-03  4.27106268e+00  1.06713794e+00  1.80331771e-02 
 2.09013383e-03  4.29229277e+00  1.07244661e+00  2.36108276e-02 
 2.09063383e-03  4.31348050e+00  1.07774469e+00  2.91882440e-02 
 2.09113383e-03  4.33462565e+00  1.08303214e+00  3.47653711e-02 
 2.09163383e-03  4.35572803e+00  1.08830890e+00  4.03421540e-02 
 2.09213383e-03  4.37678741e+00  1.09357491e+00  4.59185375e-02 
 2.09263383e-03  4.39780360e+00  1.09883014e+00  5.14944666e-02 
 2.09313383e-03  4.41877638e+00  1.10407451e+00  5.70698864e-02 
 2.09363383e-03  4.43970555e+00  1.10930799e+00  6.26447417e-02 
 2.09413383e-03  4.46059090e+00  1.11453052e+00  6.82189776e-02 
 2.09463383e-03  4.48143223e+00  1.11974205e+00  7.37925390e-02 
 2.09513383e-03  4.50222933e+00  1.12494253e+00  7.93653710e-02 
 2.09563383e-03  4.52298200e+00  1.13013191e+00  8.49374185e-02 
 2.09613383e-03  4.54369002e+00  1.13531013e+00  9.05086265e-02 
 2.09663383e-03  4.56435320e+00  1.14047715e+00  9.60789401e-02 
 2.09713383e-03  4.58497133e+00  1.14563291e+00  1.01648304e-01 
 2.09763383e-03  4.60554421e+00  1.15077737e+00  1.07216664e-01 
 2.09813383e-03  4.62607163e+00  1.15591046e+00  1.12783964e-01 
 2.09863383e-03  4.64655340e+00  1.16103215e+00  1.18350151e-01 
 2.09913383e-03  4.66698931e+00  1.16614238e+00  1.23915167e-01 
 2.09963383e-03  4.68737916e+00  1.17124110e+00  1.29478960e-01 
 2.10013383e-03  4.70772274e+00  1.17632826e+00  1.35041474e-01 
 2.10063383e-03  4.72801986e+00  1.18140380e+00  1.40602654e-01 
 2.10113383e-03  4.74827032e+00  1.18646769e+00  1.46162444e-01 
 2.10163383e-03  4.76847391e+00  1.19151987e+00  1.51720792e-01 
 2.10213383e-03  4.78863044e+00  1.19656029e+00  1.57277640e-01 
 2.10263383e-03  4.80873971e+00  1.20158890e+00  1.62832935e-01 
 2.10313383e-03  4.82880152e+00  1.20660565e+00  1.68386622e-01 
 2.10363383e-03  4.84881566e+00  1.21161049e+00  1.73938646e-01 
 2.10413383e-03  4.86878196e+00  1.21660337e+00  1.79488952e-01 
 2.10463383e-03  4.88870020e+00  1.22158425e+00  1.85037485e-01 
 2.10513383e-03  4.90857019e+00  1.22655306e+00  1.90584191e-01 
 2.10563383e-03  4.92839174e+00  1.23150978e+00  1.96129015e-01 
 2.10613383e-03  4.94816464e+00  1.23645433e+00  2.01671902e-01 
 2.10663383e-03  4.96788871e+00  1.24138669e+00  2.07212797e-01 
 2.10713383e-03  4.98756375e+00  1.24630679e+00  2.12751646e-01 
 2.10763383e-03  5.00718956e+00  1.25121459e+00  2.18288394e-01 
 2.10813383e-03  5.02676595e+00  1.25611004e+00  2.23822987e-01 
 2.10863383e-03  5.04629273e+00  1.26099310e+00  2.29355369e-01 
 2.10913383e-03  5.06576971e+00  1.26586371e+00  2.34885487e-01 
 2.10963383e-03  5.08519669e+00  1.27072182e+00  2.40413285e-01 
 2.11013383e-03  5.10457348e+00  1.27556740e+00  2.45938709e-01 
 2.11063383e-03  5.12389989e+00  1.28040038e+00  2.51461705e-01 
 2.11113383e-03  5.14317573e+00  1.28522073e+00  2.56982217e-01 
 2.11163383e-03  5.16240080e+00  1.29002839e+00  2.62500193e-01 
 2.11213383e-03  5.18157493e+00  1.29482332e+00  2.68015576e-01 
 2.11263383e-03  5.20069792e+00  1.29960547e+00  2.73528313e-01 
 2.11313383e-03  5.21976958e+00  1.30437480e+00  2.79038349e-01 
 2.11363383e-03  5.23878972e+00  1.30913125e+00  2.84545631e-01 
 2.11413383e-03  5.25775816e+00  1.31387478e+00  2.90050102e-01 
 2.11463383e-03  5.27667470e+00  1.31860534e+00  2.95551710e-01 
 2.11513383e-03  5.29553917e+00  1.32332289e+00  3.01050400e-01 
 2.11563383e-03  5.31435137e+00  1.32802737e+00  3.06546117e-01 
 2.11613383e-03  5.33311112e+00  1.33271875e+00  3.12038807e-01 
 2.11663383e-03  5.35181823e+00  1.33739698e+00  3.17528417e-01 
 2.11713383e-03  5.37047253e+00  1.34206201e+00  3.23014892e-01 
 2.11763383e-03  5.38907382e+00  1.34671379e+00  3.28498178e-01 
 2.11813383e-03  5.40762192e+00  1.35135228e+00  3.33978220e-01 
 2.11863383e-03  5.42611665e+00  1.35597743e+00  3.39454965e-01 
 2.11913383e-03  5.44455783e+00  1.36058920e+00  3.44928358e-01 
 2.11963383e-03  5.46294527e+00  1.36518754e+00  3.50398346e-01 
 2.12013383e-03  5.48127880e+00  1.36977241e+00  3.55864875e-01 
 2.12063383e-03  5.49955822e+00  1.37434375e+00  3.61327890e-01 
 2.12113383e-03  5.51778337e+00  1.37890154e+00  3.66787338e-01 
 2.12163383e-03  5.53595406e+00  1.38344571e+00  3.72243165e-01 
 2.12213383e-03  5.55407012e+00  1.38797623e+00  3.77695317e-01 
 2.12263383e-03  5.57213135e+00  1.39249305e+00  3.83143740e-01 
 2.12313383e-03  5.59013759e+00  1.39699613e+00  3.88588380e-01 
 2.12363383e-03  5.60808866e+00  1.40148542e+00  3.94029184e-01 
 2.12413383e-03  5.62598438e+00  1.40596088e+00  3.99466098e-01 
 2.12463383e-03  5.64382458e+00  1.41042246e+00  4.04899068e-01 
 2.12513383e-03  5.66160907e+00  1.41487012e+00  4.10328041e-01 
 2.12563383e-03  5.67933768e+00  1.41930382e+00  4.15752963e-01 
 2.12613383e-03  5.69701024e+00  1.42372350e+00  4.21173780e-01 
 2.12663383e-03  5.71462657e+00  1.42812914e+00  4.26590440e-01 
 2.12713383e-03  5.73218651e+00  1.43252068e+00  4.32002888e-01 
 2.12763383e-03  5.74968986e+00  1.43689809e+00  4.37411071e-01 
 2.12813383e-03  5.76713648e+00  1.44126131e+00  4.42814936e-01 
 2.12863383e-03  5.78452617e+00  1.44561031e+00  4.48214430e-01 
 2.12913383e-03  5.80185877e+00  1.44994504e+00  4.53609499e-01 
 2.12963383e-03  5.81913411e+00  1.45426546e+00  4.59000089e-01 
 2.13013383e-03  5.83635201e+00  1.45857152e+00  4.64386149e-01 
 2.13063383e-03  5.85351232e+00  1.46286319e+00  4.69767624e-01 
 2.13113383e-03  5.87061485e+00  1.46714043e+00  4.75144461e-01 
 2.13163383e-03  5.88765944e+00  1.47140318e+00  4.80516608e-01 
 2.13213383e-03  5.90464592e+00  1.47565141e+00  4.85884011e-01 
 2.13263383e-03  5.92157413e+00  1.47988508e+00  4.91246618e-01 
 2.13313383e-03  5.93844389e+00  1.48410414e+00  4.96604375e-01 
 2.13363383e-03  5.95525504e+00  1.48830855e+00  5.01957230e-01 
 2.13413383e-03  5.97200742e+00  1.49249827e+00  5.07305129e-01 
 2.13463383e-03  5.98870085e+00  1.49667327e+00  5.12648021e-01 
 2.13513383e-03  6.00533518e+00  1.50083349e+00  5.17985851e-01 
 2.13563383e-03  6.02191024e+00  1.50497890e+00  5.23318569e-01 
 2.13613383e-03  6.03842587e+00  1.50910946e+00  5.28646120e-01 
 2.13663383e-03  6.05488190e+00  1.51322512e+00  5.33968453e-01 
 2.13713383e-03  6.07127816e+00  1.51732585e+00  5.39285514e-01 
 2.13763383e-03  6.08761451e+00  1.52141160e+00  5.44597252e-01 
 2.13813383e-03  6.10389078e+00  1.52548233e+00  5.49903613e-01 
 2.13863383e-03  6.12010680e+00  1.52953801e+00  5.55204547e-01 
 2.13913383e-03  6.13626242e+00  1.53357860e+00  5.60499999e-01 
 2.13963383e-03  6.15235748e+00  1.53760405e+00  5.65789919e-01 
 2.14013383e-03  6.16839181e+00  1.54161432e+00  5.71074253e-01 
 2.14063383e-03  6.18436527e+00  1.54560938e+00  5.76352950e-01 
 2.14113383e-03  6.20027769e+00  1.54958918e+00  5.81625957e-01 
 2.14163383e-03  6.21612891e+00  1.55355369e+00  5.86893223e-01 
 2.14213383e-03  6.23191879e+00  1.55750287e+00  5.92154696e-01 
 2.14263383e-03  6.24764716e+00  1.56143668e+00  5.97410323e-01 
 2.14313383e-03  6.26331386e+00  1.56535507e+00  6.02660053e-01 
 2.14363383e-03  6.27891875e+00  1.56925802e+00  6.07903833e-01 
 2.14413383e-03  6.29446167e+00  1.57314547e+00  6.13141613e-01 
 2.14463383e-03  6.30994247e+00  1.57701740e+00  6.18373340e-01 
 2.14513383e-03  6.32536099e+00  1.58087377e+00  6.23598963e-01 
 2.14563383e-03  6.34071708e+00  1.58471454e+00  6.28818430e-01 
 2.14613383e-03  6.35601059e+00  1.58853966e+00  6.34031690e-01 
 2.14663383e-03  6.37124136e+00  1.59234911e+00  6.39238692e-01 
 2.14713383e-03  6.38640926e+00  1.59614284e+00  6.44439383e-01 
 2.14763383e-03  6.40151413e+00  1.59992081e+00  6.49633712e-01 
 2.14813383e-03  6.41655581e+00  1.60368300e+00  6.54821629e-01 
 2.14863383e-03  6.43153417e+00  1.60742936e+00  6.60003082e-01 
 2.14913383e-03  6.44644905e+00  1.61115985e+00  6.65178021e-01 
 2.14963383e-03  6.46130030e+00  1.61487445e+00  6.70346392e-01 
 2.15013383e-03  6.47608779e+00  1.61857310e+00  6.75508147e-01 
 2.15063383e-03  6.49081136e+00  1.62225578e+00  6.80663234e-01 
 2.15113383e-03  6.50547087e+00  1.62592245e+00  6.85811602e-01 
 2.15163383e-03  6.52006617e+00  1.62957308e+00  6.90953200e-01 
 2.15213383e-03  6.53459712e+00  1.63320762e+00  6.96087977e-01 
 2.15263383e-03  6.54906357e+00  1.63682604e+00  7.01215884e-01 
 2.15313383e-03  6.56346540e+00  1.64042830e+00  7.06336868e-01 
 2.15363383e-03  6.57780244e+00  1.64401438e+00  7.11450880e-01 
 2.15413383e-03  6.59207456e+00  1.64758423e+00  7.16557870e-01 
 2.15463383e-03  6.60628162e+00  1.65113782e+00  7.21657786e-01 
 2.15513383e-03  6.62042348e+00  1.65467511e+00  7.26750579e-01 
 2.15563383e-03  6.63449999e+00  1.65819608e+00  7.31836198e-01 
 2.15613383e-03  6.64851103e+00  1.66170068e+00  7.36914593e-01 
 2.15663383e-03  6.66245645e+00  1.66518887e+00  7.41985713e-01 
 2.15713383e-03  6.67633612e+00  1.66866064e+00  7.47049510e-01 
 2.15763383e-03  6.69014989e+00  1.67211593e+00  7.52105933e-01 
 2.15813383e-03  6.70389763e+00  1.67555472e+00  7.57154931e-01 
 2.15863383e-03  6.71757921e+00  1.67897698e+00  7.62196456e-01 
 2.15913383e-03  6.73119449e+00  1.68238266e+00  7.67230457e-01 
 2.15963383e-03  6.74474333e+00  1.68577174e+00  7.72256885e-01 
 2.16013383e-03  6.75822561e+00  1.68914418e+00  7.77275689e-01 
 2.16063383e-03  6.77164118e+00  1.69249995e+00  7.82286822e-01 
 2.16113383e-03  6.78498992e+00  1.69583902e+00  7.87290232e-01 
 2.16163383e-03  6.79827170e+00  1.69916135e+00  7.92285871e-01 
 2.16213383e-03  6.81148638e+00  1.70246691e+00  7.97273690e-01 
 2.16263383e-03  6.82463383e+00  1.70575567e+00  8.02253639e-01 
 2.16313383e-03  6.83771393e+00  1.70902759e+00  8.07225669e-01 
 2.16363383e-03  6.85072654e+00  1.71228265e+00  8.12189731e-01 
 2.16413383e-03  6.86367154e+00  1.71552081e+00  8.17145775e-01 
 2.16463383e-03  6.87654879e+00  1.71874203e+00  8.22093754e-01 
 2.16513383e-03  6.88935818e+00  1.72194630e+00  8.27033619e-01 
 2.16563383e-03  6.90209957e+00  1.72513356e+00  8.31965319e-01 
 2.16613383e-03  6.91477285e+00  1.72830381e+00  8.36888808e-01 
 2.16663383e-03  6.92737787e+00  1.73145699e+00  8.41804035e-01 
 2.16713383e-03  6.93991453e+00  1.73459309e+00  8.46710954e-01 
 2.16763383e-03  6.95238269e+00  1.73771206e+00  8.51609514e-01 
 2.16813383e-03  6.96478223e+00  1.74081389e+00  8.56499669e-01 
 2.16863383e-03  6.97711303e+00  1.74389854e+00  8.61381369e-01 
 2.16913383e-03  6.98937498e+00  1.74696597e+00  8.66254567e-01 
 2.16963383e-03  7.00156794e+00  1.75001617e+00  8.71119214e-01 
 2.17013383e-03  7.01369179e+00  1.75304909e+00  8.75975263e-01 
 2.17063383e-03  7.02574643e+00  1.75606471e+00  8.80822665e-01 
 2.17113383e-03  7.03773172e+00  1.75906300e+00  8.85661373e-01 
 2.17163383e-03  7.04964756e+00  1.76204392e+00  8.90491339e-01 
 2.17213383e-03  7.06149381e+00  1.76500746e+00  8.95312514e-01 
 2.17263383e-03  7.07327038e+00  1.76795358e+00  9.00124853e-01 
 2.17313383e-03  7.08497713e+00  1.77088225e+00  9.04928307e-01 
 2.17363383e-03  7.09661396e+00  1.77379344e+00  9.09722828e-01 
 2.17413383e-03  7.10818074e+00  1.77668713e+00  9.14508370e-01 
 2.17463383e-03  7.11967737e+00  1.77956328e+00  9.19284885e-01 
 2.17513383e-03  7.13110374e+00  1.78242187e+00  9.24052326e-01 
 2.17563383e-03  7.14245972e+00  1.78526286e+00  9.28810646e-01 
 2.17613383e-03  7.15374521e+00  1.78808624e+00  9.33559798e-01 
 2.17663383e-03  7.16496009e+00  1.79089197e+00  9.38299735e-01 
 2.17713383e-03  7.17610426e+00  1.79368003e+00  9.43030411e-01 
 2.17763383e-03  7.18717761e+00  1.79645038e+00  9.47751778e-01 
 2.17813383e-03  7.19818001e+00  1.79920300e+00  9.52463790e-01 
 2.17863383e-03  7.20911138e+00  1.80193787e+00  9.57166401e-01 
 2.17913383e-03  7.21997160e+00  1.80465495e+00  9.61859564e-01 
 2.17963383e-03  7.23076055e+00  1.80735422e+00  9.66543234e-01 
 2.18013383e-03  7.24147814e+00  1.81003565e+00  9.71217362e-01 
 2.18063383e-03  7.25212427e+00  1.81269922e+00  9.75881905e-01 
 2.18113383e-03  7.26269881e+00  1.81534490e+00  9.80536814e-01 
 2.18163383e-03  7.27320168e+00  1.81797267e+00  9.85182046e-01 
 2.18213383e-03  7.28363276e+00  1.82058249e+00  9.89817553e-01 
 2.18263383e-03  7.29399196e+00  1.82317434e+00  9.94443289e-01 
 2.18313383e-03  7.30427916e+00  1.82574820e+00  9.99059211e-01 
 2.18363383e-03  7.31449428e+00  1.82830404e+00  1.00366527e+00 
 2.18413383e-03  7.32463721e+00  1.83084184e+00  1.00826142e+00 
 2.18463383e-03  7.33470784e+00  1.83336157e+00  1.01284763e+00 
 2.18513383e-03  7.34470609e+00  1.83586320e+00  1.01742383e+00 
 2.18563383e-03  7.35463184e+00  1.83834672e+00  1.02198999e+00 
 2.18613383e-03  7.36448501e+00  1.84081209e+00  1.02654606e+00 
 2.18663383e-03  7.37426549e+00  1.84325929e+00  1.03109201e+00 
 2.18713383e-03  7.38397319e+00  1.84568830e+00  1.03562777e+00 
 2.18763383e-03  7.39360802e+00  1.84809910e+00  1.04015331e+00 
 2.18813383e-03  7.40316987e+00  1.85049166e+00  1.04466859e+00 
 2.18863383e-03  7.41265866e+00  1.85286595e+00  1.04917355e+00 
 2.18913383e-03  7.42207429e+00  1.85522196e+00  1.05366816e+00 
 2.18963383e-03  7.43141666e+00  1.85755966e+00  1.05815237e+00 
 2.19013383e-03  7.44068569e+00  1.85987902e+00  1.06262613e+00 
 2.19063383e-03  7.44988128e+00  1.86218003e+00  1.06708940e+00 
 2.19113383e-03  7.45900335e+00  1.86446266e+00  1.07154215e+00 
 2.19163383e-03  7.46805179e+00  1.86672689e+00  1.07598431e+00 
 2.19213383e-03  7.47702654e+00  1.86897270e+00  1.08041586e+00 
 2.19263383e-03  7.48592748e+00  1.87120006e+00  1.08483674e+00 
 2.19313383e-03  7.49475454e+00  1.87340896e+00  1.08924691e+00 
 2.19363383e-03  7.50350764e+00  1.87559936e+00  1.09364633e+00 
 2.19413383e-03  7.51218667e+00  1.87777125e+00  1.09803496e+00 
 2.19463383e-03  7.52079157e+00  1.87992462e+00  1.10241275e+00 
 2.19513383e-03  7.52932223e+00  1.88205942e+00  1.10677965e+00 
 2.19563383e-03  7.53777859e+00  1.88417566e+00  1.11113564e+00 
 2.19613383e-03  7.54616055e+00  1.88627330e+00  1.11548065e+00 
 2.19663383e-03  7.55446803e+00  1.88835232e+00  1.11981466e+00 
 2.19713383e-03  7.56270095e+00  1.89041270e+00  1.12413761e+00 
 2.19763383e-03  7.57085924e+00  1.89245443e+00  1.12844947e+00 
 2.19813383e-03  7.57894280e+00  1.89447748e+00  1.13275019e+00 
 2.19863383e-03  7.58695156e+00  1.89648184e+00  1.13703973e+00 
 2.19913383e-03  7.59488544e+00  1.89846747e+00  1.14131804e+00 
 2.19963383e-03  7.60274436e+00  1.90043437e+00  1.14558509e+00 
 2.20013383e-03  7.61052825e+00  1.90238252e+00  1.14984083e+00 
 2.20063383e-03  7.61823702e+00  1.90431189e+00  1.15408523e+00 
 2.20113383e-03  7.62587060e+00  1.90622246e+00  1.15831823e+00 
 2.20163383e-03  7.63342892e+00  1.90811422e+00  1.16253980e+00 
 2.20213383e-03  7.64091190e+00  1.90998716e+00  1.16674989e+00 
 2.20263383e-03  7.64831947e+00  1.91184124e+00  1.17094847e+00 
 2.20313383e-03  7.65565155e+00  1.91367645e+00  1.17513549e+00 
 2.20363383e-03  7.66290808e+00  1.91549277e+00  1.17931092e+00 
 2.20413383e-03  7.67008897e+00  1.91729019e+00  1.18347470e+00 
 2.20463383e-03  7.67719416e+00  1.91906869e+00  1.18762680e+00 
 2.20513383e-03  7.68422359e+00  1.92082825e+00  1.19176718e+00 
 2.20563383e-03  7.69117717e+00  1.92256885e+00  1.19589579e+00 
 2.20613383e-03  7.69805484e+00  1.92429048e+00  1.20001260e+00 
 2.20663383e-03  7.70485654e+00  1.92599311e+00  1.20411757e+00 
 2.20713383e-03  7.71158219e+00  1.92767674e+00  1.20821065e+00 
 2.20763383e-03  7.71823173e+00  1.92934134e+00  1.21229181e+00 
 2.20813383e-03  7.72480510e+00  1.93098691e+00  1.21636100e+00 
 2.20863383e-03  7.73130223e+00  1.93261341e+00  1.22041818e+00 
 2.20913383e-03  7.73772305e+00  1.93422084e+00  1.22446332e+00 
 2.20963383e-03  7.74406750e+00  1.93580918e+00  1.22849638e+00 
 2.21013383e-03  7.75033552e+00  1.93737842e+00  1.23251731e+00 
 2.21063383e-03  7.75652705e+00  1.93892853e+00  1.23652607e+00 
 2.21113383e-03  7.76264203e+00  1.94045951e+00  1.24052263e+00 
 2.21163383e-03  7.76868039e+00  1.94197134e+00  1.24450694e+00 
 2.21213383e-03  7.77464208e+00  1.94346400e+00  1.24847897e+00 
 2.21263383e-03  7.78052704e+00  1.94493749e+00  1.25243868e+00 
 2.21313383e-03  7.78633520e+00  1.94639177e+00  1.25638602e+00 
 2.21363383e-03  7.79206652e+00  1.94782685e+00  1.26032097e+00 
 2.21413383e-03  7.79772093e+00  1.94924270e+00  1.26424347e+00 
 2.21463383e-03  7.80329838e+00  1.95063932e+00  1.26815350e+00 
 2.21513383e-03  7.80879882e+00  1.95201669e+00  1.27205101e+00 
 2.21563383e-03  7.81422219e+00  1.95337479e+00  1.27593597e+00 
 2.21613383e-03  7.81956843e+00  1.95471361e+00  1.27980833e+00 
 2.21663383e-03  7.82483750e+00  1.95603314e+00  1.28366806e+00 
 2.21713383e-03  7.83002934e+00  1.95733336e+00  1.28751511e+00 
 2.21763383e-03  7.83514390e+00  1.95861427e+00  1.29134947e+00 
 2.21813383e-03  7.84018113e+00  1.95987585e+00  1.29517107e+00 
 2.21863383e-03  7.84514098e+00  1.96111808e+00  1.29897989e+00 
 2.21913383e-03  7.85002340e+00  1.96234096e+00  1.30277589e+00 
 2.21963383e-03  7.85482835e+00  1.96354447e+00  1.30655903e+00 
 2.22013383e-03  7.85955577e+00  1.96472861e+00  1.31032928e+00 
 2.22063383e-03  7.86420562e+00  1.96589335e+00  1.31408659e+00 
 2.22113383e-03  7.86877786e+00  1.96703869e+00  1.31783093e+00 
 2.22163383e-03  7.87327243e+00  1.96816462e+00  1.32156227e+00 
 2.22213383e-03  7.87768930e+00  1.96927112e+00  1.32528056e+00 
 2.22263383e-03  7.88202842e+00  1.97035819e+00  1.32898577e+00 
 2.22313383e-03  7.88628974e+00  1.97142581e+00  1.33267786e+00 
 2.22363383e-03  7.89047323e+00  1.97247398e+00  1.33635680e+00 
 2.22413383e-03  7.89457885e+00  1.97350268e+00  1.34002255e+00 
 2.22463383e-03  7.89860655e+00  1.97451190e+00  1.34367508e+00 
 2.22513383e-03  7.90255629e+00  1.97550163e+00  1.34731434e+00 
 2.22563383e-03  7.90642804e+00  1.97647187e+00  1.35094030e+00 
 2.22613383e-03  7.91022175e+00  1.97742260e+00  1.35455293e+00 
 2.22663383e-03  7.91393740e+00  1.97835381e+00  1.35815219e+00 
 2.22713383e-03  7.91757493e+00  1.97926550e+00  1.36173804e+00 
 2.22763383e-03  7.92113433e+00  1.98015766e+00  1.36531046e+00 
 2.22813383e-03  7.92461554e+00  1.98103027e+00  1.36886940e+00 
 2.22863383e-03  7.92801854e+00  1.98188333e+00  1.37241482e+00 
 2.22913383e-03  7.93134330e+00  1.98271683e+00  1.37594670e+00 
 2.22963383e-03  7.93458978e+00  1.98353076e+00  1.37946500e+00 
 2.23013383e-03  7.93775794e+00  1.98432512e+00  1.38296969e+00 
 2.23063383e-03  7.94084776e+00  1.98509989e+00  1.38646072e+00 
 2.23113383e-03  7.94385921e+00  1.98585507e+00  1.38993807e+00 
 2.23163383e-03  7.94679226e+00  1.98659065e+00  1.39340171e+00 
 2.23213383e-03  7.94964688e+00  1.98730663e+00  1.39685158e+00 
 2.23263383e-03  7.95242303e+00  1.98800299e+00  1.40028768e+00 
 2.23313383e-03  7.95512070e+00  1.98867973e+00  1.40370995e+00 
 2.23363383e-03  7.95773986e+00  1.98933684e+00  1.40711836e+00 
 2.23413383e-03  7.96028047e+00  1.98997432e+00  1.41051289e+00 
 2.23463383e-03  7.96274252e+00  1.99059216e+00  1.41389350e+00 
 2.23513383e-03  7.96512598e+00  1.99119036e+00  1.41726015e+00 
 2.23563383e-03  7.96743083e+00  1.99176890e+00  1.42061281e+00 
 2.23613383e-03  7.96965704e+00  1.99232778e+00  1.42395145e+00 
 2.23663383e-03  7.97180460e+00  1.99286700e+00  1.42727604e+00 
 2.23713383e-03  7.97387348e+00  1.99338656e+00  1.43058653e+00 
 2.23763383e-03  7.97586366e+00  1.99388644e+00  1.43388291e+00 
 2.23813383e-03  7.97777512e+00  1.99436664e+00  1.43716514e+00 
 2.23863383e-03  7.97960784e+00  1.99482715e+00  1.44043318e+00 
 2.23913383e-03  7.98136181e+00  1.99526798e+00  1.44368700e+00 
 2.23963383e-03  7.98303700e+00  1.99568912e+00  1.44692658e+00 
 2.24013383e-03  7.98463341e+00  1.99609056e+00  1.45015187e+00 
 2.24063383e-03  7.98615101e+00  1.99647230e+00  1.45336285e+00 
 2.24113383e-03  7.98758979e+00  1.99683433e+00  1.45655949e+00 
 2.24163383e-03  7.98894973e+00  1.99717666e+00  1.45974175e+00 
 2.24213383e-03  7.99023083e+00  1.99749928e+00  1.46290960e+00 
 2.24263383e-03  7.99143307e+00  1.99780218e+00  1.46606301e+00 
 2.24313383e-03  7.99255643e+00  1.99808536e+00  1.46920196e+00 
 2.24363383e-03  7.99360091e+00  1.99834883e+00  1.47232640e+00 
 2.24413383e-03  7.99456650e+00  1.99859257e+00  1.47543631e+00 
 2.24463383e-03  7.99545319e+00  1.99881658e+00  1.47853165e+00 
 2.24513383e-03  7.99626096e+00  1.99902087e+00  1.48161241e+00 
 2.24563383e-03  7.99698981e+00  1.99920543e+00  1.48467854e+00 
 2.24613383e-03  7.99763974e+00  1.99937026e+00  1.48773002e+00 
 2.24663383e-03  7.99821073e+00  1.99951535e+00  1.49076681e+00 
 2.24713383e-03  7.99870279e+00  1.99964071e+00  1.49378889e+00 
 2.24763383e-03  7.99911590e+00  1.99974634e+00  1.49679622e+00 
 2.24813383e-03  7.99945006e+00  1.99983223e+00  1.49978878e+00 
 2.24863383e-03  7.99970527e+00  1.99989838e+00  1.50276654e+00 
 2.24913383e-03  7.99988153e+00  1.99994479e+00  1.50572947e+00 
 2.24963383e-03  7.99997883e+00  1.99997146e+00  1.50867753e+00 
 2.25013383e-03  7.99999717e+00  1.99997840e+00  1.51161071e+00 
 2.25063383e-03  7.99993656e+00  1.99996559e+00  1.51452896e+00 
 2.25113383e-03  7.99979699e+00  1.99993305e+00  1.51743227e+00 
 2.25163383e-03  7.99957847e+00  1.99988077e+00  1.52032059e+00 
 2.25213383e-03  7.99928099e+00  1.99980874e+00  1.52319392e+00 
 2.25263383e-03  7.99890457e+00  1.99971699e+00  1.52605221e+00 
 2.25313383e-03  7.99844919e+00  1.99960549e+00  1.52889543e+00 
 2.25363383e-03  7.99791488e+00  1.99947426e+00  1.53172357e+00 
 2.25413383e-03  7.99730163e+00  1.99932330e+00  1.53453659e+00 
 2.25463383e-03  7.99660945e+00  1.99915260e+00  1.53733446e+00 
 2.25513383e-03  7.99583835e+00  1.99896217e+00  1.54011716e+00 
 2.25563383e-03  7.99498833e+00  1.99875201e+00  1.54288466e+00 
 2.25613383e-03  7.99405941e+00  1.99852213e+00  1.54563693e+00 
 2.25663383e-03  7.99305158e+00  1.99827252e+00  1.54837394e+00 
 2.25713383e-03  7.99196487e+00  1.99800319e+00  1.55109567e+00 
 2.25763383e-03  7.99079928e+00  1.99771414e+00  1.55380210e+00 
 2.25813383e-03  7.98955483e+00  1.99740537e+00  1.55649318e+00 
 2.25863383e-03  7.98823152e+00  1.99707689e+00  1.55916891e+00 
 2.25913383e-03  7.98682937e+00  1.99672869e+00  1.56182924e+00 
 2.25963383e-03  7.98534839e+00  1.99636079e+00  1.56447416e+00 
 2.26013383e-03  7.98378860e+00  1.99597319e+00  1.56710364e+00 
 2.26063383e-03  7.98215002e+00  1.99556589e+00  1.56971765e+00 
 2.26113383e-03  7.98043265e+00  1.99513889e+00  1.57231617e+00 
 2.26163383e-03  7.97863652e+00  1.99469219e+00  1.57489917e+00 
 2.26213383e-03  7.97676165e+00  1.99422582e+00  1.57746662e+00 
 2.26263383e-03  7.97480804e+00  1.99373975e+00  1.58001850e+00 
 2.26313383e-03  7.97277573e+00  1.99323402e+00  1.58255479e+00 
 2.26363383e-03  7.97066473e+00  1.99270860e+00  1.58507546e+00 
 2.26413383e-03  7.96847507e+00  1.99216352e+00  1.58758049e+00 
 2.26463383e-03  7.96620675e+00  1.99159878e+00  1.59006985e+00 
 2.26513383e-03  7.96385982e+00  1.99101438e+00  1.59254351e+00 
 2.26563383e-03  7.96143428e+00  1.99041033e+00  1.59500145e+00 
 2.26613383e-03  7.95893017e+00  1.98978664e+00  1.59744365e+00 
 2.26663383e-03  7.95634751e+00  1.98914331e+00  1.59987008e+00 
 2.26713383e-03  7.95368632e+00  1.98848034e+00  1.60228073e+00 
 2.26763383e-03  7.95094663e+00  1.98779775e+00  1.60467556e+00 
 2.26813383e-03  7.94812847e+00  1.98709554e+00  1.60705455e+00 
 2.26863383e-03  7.94523187e+00  1.98637371e+00  1.60941768e+00 
 2.26913383e-03  7.94225684e+00  1.98563228e+00  1.61176492e+00 
 2.26963383e-03  7.93920343e+00  1.98487126e+00  1.61409625e+00 
 2.27013383e-03  7.93607167e+00  1.98409064e+00  1.61641166e+00 
 2.27063383e-03  7.93286158e+00  1.98329044e+00  1.61871111e+00 
 2.27113383e-03  7.92957319e+00  1.98247066e+00  1.62099458e+00 
 2.27163383e-03  7.92620654e+00  1.98163132e+00  1.62326206e+00 
 2.27213383e-03  7.92276167e+00  1.98077242e+00  1.62551351e+00 
 2.27263383e-03  7.91923860e+00  1.97989397e+00  1.62774892e+00 
 2.27313383e-03  7.91563737e+00  1.97899598e+00  1.62996826e+00 
 2.27363383e-03  7.91195801e+00  1.97807845e+00  1.63217151e+00 
 2.27413383e-03  7.90820057e+00  1.97714140e+00  1.63435866e+00 
 2.27463383e-03  7.90436508e+00  1.97618484e+00  1.63652967e+00 
 2.27513383e-03  7.90045157e+00  1.97520877e+00  1.63868453e+00 
 2.27563383e-03  7.89646009e+00  1.97421321e+00  1.64082322e+00 
 2.27613383e-03  7.89239068e+00  1.97319816e+00  1.64294571e+00 
 2.27663383e-03  7.88824337e+00  1.97216364e+00  1.64505199e+00 
 2.27713383e-03  7.88401820e+00  1.97110965e+00  1.64714203e+00 
 2.27763383e-03  7.87971523e+00  1.97003621e+00  1.64921581e+00 
 2.27813383e-03  7.87533448e+00  1.96894332e+00  1.65127332e+00 
 2.27863383e-03  7.87087601e+00  1.96783100e+00  1.65331452e+00 
 2.27913383e-03  7.86633986e+00  1.96669926e+00  1.65533941e+00 
 2.27963383e-03  7.86172607e+00  1.96554810e+00  1.65734796e+00 
 2.28013383e-03  7.85703468e+00  1.96437755e+00  1.65934015e+00 
 2.28063383e-03  7.85226576e+00  1.96318761e+00  1.66131596e+00 
 2.28113383e-03  7.84741933e+00  1.96197829e+00  1.66327538e+00 
 2.28163383e-03  7.84249545e+00  1.96074960e+00  1.66521838e+00 
 2.28213383e-03  7.83749417e+00  1.95950157e+00  1.66714494e+00 
 2.28263383e-03  7.83241553e+00  1.95823419e+00  1.66905505e+00 
 2.28313383e-03  7.82725960e+00  1.95694748e+00  1.67094869e+00 
 2.28363383e-03  7.82202641e+00  1.95564146e+00  1.67282583e+00 
 2.28413383e-03  7.81671602e+00  1.95431614e+00  1.67468646e+00 
 2.28463383e-03  7.81132848e+00  1.95297153e+00  1.67653056e+00 
 2.28513383e-03  7.80586385e+00  1.95160765e+00  1.67835812e+00 
 2.28563383e-03  7.80032218e+00  1.95022450e+00  1.68016911e+00 
 2.28613383e-03  7.79470352e+00  1.94882210e+00  1.68196351e+00 
 2.28663383e-03  7.78900793e+00  1.94740047e+00  1.68374132e+00 
 2.28713383e-03  7.78323547e+00  1.94595961e+00  1.68550251e+00 
 2.28763383e-03  7.77738619e+00  1.94449955e+00  1.68724706e+00 
 2.28813383e-03  7.77146015e+00  1.94302030e+00  1.68897495e+00 
 2.28863383e-03  7.76545741e+00  1.94152187e+00  1.69068618e+00 
 2.28913383e-03  7.75937803e+00  1.94000428e+00  1.69238072e+00 
 2.28963383e-03  7.75322206e+00  1.93846753e+00  1.69405855e+00 
 2.29013383e-03  7.74698957e+00  1.93691166e+00  1.69571967e+00 
 2.29063383e-03  7.74068063e+00  1.93533667e+00  1.69736405e+00 
 2.29113383e-03  7.73429528e+00  1.93374258e+00  1.69899167e+00 
 2.29163383e-03  7.72783361e+00  1.93212940e+00  1.70060253e+00 
 2.29213383e-03  7.72129566e+00  1.93049715e+00  1.70219660e+00 
 2.29263383e-03  7.71468150e+00  1.92884585e+00  1.70377387e+00 
 2.29313383e-03  7.70799121e+00  1.92717550e+00  1.70533432e+00 
 2.29363383e-03  7.70122484e+00  1.92548614e+00  1.70687794e+00 
 2.29413383e-03  7.69438246e+00  1.92377778e+00  1.70840471e+00 
 2.29463383e-03  7.68746414e+00  1.92205042e+00  1.70991463e+00 
 2.29513383e-03  7.68046995e+00  1.92030410e+00  1.71140766e+00 
 2.29563383e-03  7.67339996e+00  1.91853882e+00  1.71288380e+00 
 2.29613383e-03  7.66625423e+00  1.91675460e+00  1.71434304e+00 
 2.29663383e-03  7.65903284e+00  1.91495147e+00  1.71578535e+00 
 2.29713383e-03  7.65173586e+00  1.91312944e+00  1.71721074e+00 
 2.29763383e-03  7.64436336e+00  1.91128852e+00  1.71861917e+00 
 2.29813383e-03  7.63691541e+00  1.90942874e+00  1.72001064e+00 
 2.29863383e-03  7.62939209e+00  1.90755011e+00  1.72138513e+00 
 2.29913383e-03  7.62179347e+00  1.90565266e+00  1.72274263e+00 
 2.29963383e-03  7.61411963e+00  1.90373639e+00  1.72408313e+00 
 2.30013383e-03  7.60637064e+00  1.90180134e+00  1.72540661e+00 
 2.30063383e-03  7.59854657e+00  1.89984752e+00  1.72671306e+00 
 2.30113383e-03  7.59064751e+00  1.89787494e+00  1.72800247e+00 
 2.30163383e-03  7.58267354e+00  1.89588363e+00  1.72927482e+00 
 2.30213383e-03  7.57462472e+00  1.89387361e+00  1.73053010e+00 
 2.30263383e-03  7.56650115e+00  1.89184490e+00  1.73176831e+00 
 2.30313383e-03  7.55830290e+00  1.88979751e+00  1.73298942e+00 
 2.30363383e-03  7.55003005e+00  1.88773148e+00  1.73419342e+00 
 2.30413383e-03  7.54168269e+00  1.88564681e+00  1.73538031e+00 
 2.30463383e-03  7.53326089e+00  1.88354352e+00  1.73655007e+00 
 2.30513383e-03  7.52476475e+00  1.88142165e+00  1.73770269e+00 
 2.30563383e-03  7.51619433e+00  1.87928121e+00  1.73883816e+00 
 2.30613383e-03  7.50754974e+00  1.87712222e+00  1.73995647e+00 
 2.30663383e-03  7.49883105e+00  1.87494470e+00  1.74105760e+00 
 2.30713383e-03  7.49003835e+00  1.87274868e+00  1.74214155e+00 
 2.30763383e-03  7.48117172e+00  1.87053417e+00  1.74320830e+00 
 2.30813383e-03  7.47223126e+00  1.86830121e+00  1.74425785e+00 
 2.30863383e-03  7.46321705e+00  1.86604980e+00  1.74529018e+00 
 2.30913383e-03  7.45412918e+00  1.86377997e+00  1.74630528e+00 
 2.30963383e-03  7.44496774e+00  1.86149175e+00  1.74730315e+00 
 2.31013383e-03  7.43573283e+00  1.85918515e+00  1.74828377e+00 
 2.31063383e-03  7.42642452e+00  1.85686020e+00  1.74924714e+00 
 2.31113383e-03  7.41704292e+00  1.85451693e+00  1.75019324e+00 
 2.31163383e-03  7.40758812e+00  1.85215535e+00  1.75112207e+00 
 2.31213383e-03  7.39806021e+00  1.84977550e+00  1.75203361e+00 
 2.31263383e-03  7.38845928e+00  1.84737738e+00  1.75292786e+00 
 2.31313383e-03  7.37878543e+00  1.84496103e+00  1.75380480e+00 
 2.31363383e-03  7.36903875e+00  1.84252647e+00  1.75466444e+00 
 2.31413383e-03  7.35921934e+00  1.84007373e+00  1.75550676e+00 
 2.31463383e-03  7.34932731e+00  1.83760282e+00  1.75633175e+00 
 2.31513383e-03  7.33936273e+00  1.83511378e+00  1.75713941e+00 
 2.31563383e-03  7.32932572e+00  1.83260662e+00  1.75792972e+00 
 2.31613383e-03  7.31921638e+00  1.83008138e+00  1.75870268e+00 
 2.31663383e-03  7.30903479e+00  1.82753807e+00  1.75945828e+00 
 2.31713383e-03  7.29878107e+00  1.82497673e+00  1.76019652e+00 
 2.31763383e-03  7.28845531e+00  1.82239737e+00  1.76091738e+00 
 2.31813383e-03  7.27805762e+00  1.81980003e+00  1.76162086e+00 
 2.31863383e-03  7.26758810e+00  1.81718472e+00  1.76230696e+00 
 2.31913383e-03  7.25704685e+00  1.81455148e+00  1.76297566e+00 
 2.31963383e-03  7.24643397e+00  1.81190033e+00  1.76362696e+00 
 2.32013383e-03  7.23574958e+00  1.80923130e+00  1.76426085e+00 
 2.32063383e-03  7.22499377e+00  1.80654441e+00  1.76487732e+00 
 2.32113383e-03  7.21416665e+00  1.80383969e+00  1.76547638e+00 
 2.32163383e-03  7.20326833e+00  1.80111716e+00  1.76605802e+00 
 2.32213383e-03  7.19229892e+00  1.79837686e+00  1.76662222e+00 
 2.32263383e-03  7.18125853e+00  1.79561881e+00  1.76716898e+00 
 2.32313383e-03  7.17014725e+00  1.79284303e+00  1.76769830e+00 
 2.32363383e-03  7.15896522e+00  1.79004956e+00  1.76821018e+00 
 2.32413383e-03  7.14771252e+00  1.78723842e+00  1.76870460e+00 
 2.32463383e-03  7.13638928e+00  1.78440965e+00  1.76918156e+00 
 2.32513383e-03  7.12499561e+00  1.78156326e+00  1.76964106e+00 
 2.32563383e-03  7.11353161e+00  1.77869928e+00  1.77008310e+00 
 2.32613383e-03  7.10199741e+00  1.77581775e+00  1.77050766e+00 
 2.32663383e-03  7.09039312e+00  1.77291870e+00  1.77091475e+00 
 2.32713383e-03  7.07871884e+00  1.77000214e+00  1.77130436e+00 
 2.32763383e-03  7.06697470e+00  1.76706812e+00  1.77167649e+00 
 2.32813383e-03  7.05516082e+00  1.76411665e+00  1.77203113e+00 
 2.32863383e-03  7.04327730e+00  1.76114777e+00  1.77236827e+00 
 2.32913383e-03  7.03132427e+00  1.75816151e+00  1.77268793e+00 
 2.32963383e-03  7.01930184e+00  1.75515790e+00  1.77299009e+00 
 2.33013383e-03  7.00721013e+00  1.75213696e+00  1.77327475e+00 
 2.33063383e-03  6.99504926e+00  1.74909873e+00  1.77354190e+00 
 2.33113383e-03  6.98281936e+00  1.74604324e+00  1.77379155e+00 
 2.33163383e-03  6.97052054e+00  1.74297051e+00  1.77402369e+00 
 2.33213383e-03  6.95815292e+00  1.73988058e+00  1.77423833e+00 
 2.33263383e-03  6.94571663e+00  1.73677348e+00  1.77443545e+00 
 2.33313383e-03  6.93321179e+00  1.73364924e+00  1.77461505e+00 
 2.33363383e-03  6.92063852e+00  1.73050788e+00  1.77477714e+00 
 2.33413383e-03  6.90799694e+00  1.72734945e+00  1.77492172e+00 
 2.33463383e-03  6.89528719e+00  1.72417396e+00  1.77504877e+00 
 2.33513383e-03  6.88250938e+00  1.72098146e+00  1.77515830e+00 
 2.33563383e-03  6.86966365e+00  1.71777198e+00  1.77525031e+00 
 2.33613383e-03  6.85675011e+00  1.71454554e+00  1.77532480e+00 
 2.33663383e-03  6.84376890e+00  1.71130217e+00  1.77538177e+00 
 2.33713383e-03  6.83072015e+00  1.70804192e+00  1.77542122e+00 
 2.33763383e-03  6.81760397e+00  1.70476481e+00  1.77544313e+00 
 2.33813383e-03  6.80442052e+00  1.70147087e+00  1.77544753e+00 
 2.33863383e-03  6.79116990e+00  1.69816014e+00  1.77543440e+00 
 2.33913383e-03  6.77785226e+00  1.69483264e+00  1.77540375e+00 
 2.33963383e-03  6.76446772e+00  1.69148842e+00  1.77535557e+00 
 2.34013383e-03  6.75101643e+00  1.68812751e+00  1.77528987e+00 
 2.34063383e-03  6.73749850e+00  1.68474993e+00  1.77520665e+00 
 2.34113383e-03  6.72391407e+00  1.68135573e+00  1.77510591e+00 
 2.34163383e-03  6.71026329e+00  1.67794493e+00  1.77498764e+00 
 2.34213383e-03  6.69654627e+00  1.67451757e+00  1.77485186e+00 
 2.34263383e-03  6.68276317e+00  1.67107368e+00  1.77469856e+00 
 2.34313383e-03  6.66891410e+00  1.66761330e+00  1.77452774e+00 
 2.34363383e-03  6.65499922e+00  1.66413646e+00  1.77433940e+00 
 2.34413383e-03  6.64101866e+00  1.66064320e+00  1.77413355e+00 
 2.34463383e-03  6.62697255e+00  1.65713354e+00  1.77391019e+00 
 2.34513383e-03  6.61286103e+00  1.65360753e+00  1.77366933e+00 
 2.34563383e-03  6.59868425e+00  1.65006520e+00  1.77341095e+00 
 2.34613383e-03  6.58444235e+00  1.64650658e+00  1.77313507e+00 
 2.34663383e-03  6.57013545e+00  1.64293171e+00  1.77284169e+00 
 2.34713383e-03  6.55576372e+00  1.63934063e+00  1.77253081e+00 
 2.34763383e-03  6.54132728e+00  1.63573336e+00  1.77220244e+00 
 2.34813383e-03  6.52682628e+00  1.63210996e+00  1.77185657e+00 
 2.34863383e-03  6.51226086e+00  1.62847044e+00  1.77149322e+00 
 2.34913383e-03  6.49763117e+00  1.62481485e+00  1.77111238e+00 
 2.34963383e-03  6.48293735e+00  1.62114322e+00  1.77071406e+00 
 2.35013383e-03  6.46817954e+00  1.61745559e+00  1.77029826e+00 
 2.35063383e-03  6.45335790e+00  1.61375200e+00  1.76986499e+00 
 2.35113383e-03  6.43847257e+00  1.61003249e+00  1.76941425e+00 
 2.35163383e-03  6.42352369e+00  1.60629708e+00  1.76894604e+00 
 2.35213383e-03  6.40851141e+00  1.60254581e+00  1.76846037e+00 
 2.35263383e-03  6.39343589e+00  1.59877873e+00  1.76795725e+00 
 2.35313383e-03  6.37829726e+00  1.59499587e+00  1.76743668e+00 
 2.35363383e-03  6.36309568e+00  1.59119727e+00  1.76689867e+00 
 2.35413383e-03  6.34783130e+00  1.58738297e+00  1.76634321e+00 
 2.35463383e-03  6.33250427e+00  1.58355299e+00  1.76577032e+00 
 2.35513383e-03  6.31711474e+00  1.57970739e+00  1.76518000e+00 
 2.35563383e-03  6.30166287e+00  1.57584619e+00  1.76457226e+00 
 2.35613383e-03  6.28614880e+00  1.57196945e+00  1.76394710e+00 
 2.35663383e-03  6.27057268e+00  1.56807718e+00  1.76330453e+00 
 2.35713383e-03  6.25493468e+00  1.56416944e+00  1.76264455e+00 
 2.35763383e-03  6.23923495e+00  1.56024627e+00  1.76196718e+00 
 2.35813383e-03  6.22347363e+00  1.55630769e+00  1.76127242e+00 
 2.35863383e-03  6.20765090e+00  1.55235375e+00  1.76056027e+00 
 2.35913383e-03  6.19176689e+00  1.54838449e+00  1.75983075e+00 
 2.35963383e-03  6.17582178e+00  1.54439995e+00  1.75908385e+00 
 2.36013383e-03  6.15981571e+00  1.54040017e+00  1.75831959e+00 
 2.36063383e-03  6.14374885e+00  1.53638518e+00  1.75753798e+00 
 2.36113383e-03  6.12762135e+00  1.53235503e+00  1.75673902e+00 
 2.36163383e-03  6.11143338e+00  1.52830975e+00  1.75592272e+00 
 2.36213383e-03  6.09518509e+00  1.52424939e+00  1.75508909e+00 
 2.36263383e-03  6.07887664e+00  1.52017399e+00  1.75423814e+00 
 2.36313383e-03  6.06250819e+00  1.51608358e+00  1.75336987e+00 
 2.36363383e-03  6.04607991e+00  1.51197821e+00  1.75248429e+00 
 2.36413383e-03  6.02959196e+00  1.50785792e+00  1.75158142e+00 
 2.36463383e-03  6.01304450e+00  1.50372274e+00  1.75066126e+00 
 2.36513383e-03  5.99643769e+00  1.49957273e+00  1.74972382e+00 
 2.36563383e-03  5.97977170e+00  1.49540791e+00  1.74876910e+00 
 2.36613383e-03  5.96304669e+00  1.49122833e+00  1.74779713e+00 
 2.36663383e-03  5.94626283e+00  1.48703404e+00  1.74680791e+00 
 2.36713383e-03  5.92942028e+00  1.48282507e+00  1.74580144e+00 
 2.36763383e-03  5.91251921e+00  1.47860146e+00  1.74477774e+00 
 2.36813383e-03  5.89555978e+00  1.47436326e+00  1.74373683e+00 
 2.36863383e-03  5.87854217e+00  1.47011051e+00  1.74267870e+00 
 2.36913383e-03  5.86146654e+00  1.46584325e+00  1.74160337e+00 
 2.36963383e-03  5.84433306e+00  1.46156152e+00  1.74051085e+00 
 2.37013383e-03  5.82714190e+00  1.45726536e+00  1.73940115e+00 
 2.37063383e-03  5.80989323e+00  1.45295483e+00  1.73827428e+00 
 2.37113383e-03  5.79258722e+00  1.44862995e+00  1.73713025e+00 
 2.37163383e-03  5.77522403e+00  1.44429078e+00  1.73596908e+00 
 2.37213383e-03  5.75780385e+00  1.43993735e+00  1.73479077e+00 
 2.37263383e-03  5.74032684e+00  1.43556971e+00  1.73359534e+00 
 2.37313383e-03  5.72279317e+00  1.43118790e+00  1.73238280e+00 
 2.37363383e-03  5.70520302e+00  1.42679196e+00  1.73115316e+00 
 2.37413383e-03  5.68755657e+00  1.42238194e+00  1.72990644e+00 
 2.37463383e-03  5.66985398e+00  1.41795789e+00  1.72864264e+00 
 2.37513383e-03  5.65209543e+00  1.41351984e+00  1.72736177e+00 
 2.37563383e-03  5.63428110e+00  1.40906783e+00  1.72606386e+00 
 2.37613383e-03  5.61641116e+00  1.40460192e+00  1.72474891e+00 
 2.37663383e-03  5.59848579e+00  1.40012215e+00  1.72341693e+00 
 2.37713383e-03  5.58050516e+00  1.39562856e+00  1.72206795e+00 
 2.37763383e-03  5.56246946e+00  1.39112120e+00  1.72070197e+00 
 2.37813383e-03  5.54437885e+00  1.38660010e+00  1.71931900e+00 
 2.37863383e-03  5.52623353e+00  1.38206532e+00  1.71791907e+00 
 2.37913383e-03  5.50803366e+00  1.37751690e+00  1.71650217e+00 
 2.37963383e-03  5.48977944e+00  1.37295488e+00  1.71506834e+00 
 2.38013383e-03  5.47147103e+00  1.36837931e+00  1.71361758e+00 
 2.38063383e-03  5.45310861e+00  1.36379024e+00  1.71214990e+00 
 2.38113383e-03  5.43469238e+00  1.35918771e+00  1.71066532e+00 
 2.38163383e-03  5.41622251e+00  1.35457176e+00  1.70916386e+00 
 2.38213383e-03  5.39769919e+00  1.34994244e+00  1.70764553e+00 
 2.38263383e-03  5.37912259e+00  1.34529980e+00  1.70611034e+00 
 2.38313383e-03  5.36049290e+00  1.34064388e+00  1.70455832e+00 
 2.38363383e-03  5.34181031e+00  1.33597473e+00  1.70298947e+00 
 2.38413383e-03  5.32307499e+00  1.33129240e+00  1.70140381e+00 
 2.38463383e-03  5.30428714e+00  1.32659692e+00  1.69980135e+00 
 2.38513383e-03  5.28544694e+00  1.32188835e+00  1.69818212e+00 
 2.38563383e-03  5.26655457e+00  1.31716674e+00  1.69654613e+00 
 2.38613383e-03  5.24761022e+00  1.31243212e+00  1.69489339e+00 
 2.38663383e-03  5.22861408e+00  1.30768455e+00  1.69322392e+00 
 2.38713383e-03  5.20956634e+00  1.30292408e+00  1.69153774e+00 
 2.38763383e-03  5.19046718e+00  1.29815075e+00  1.68983487e+00 
 2.38813383e-03  5.17131679e+00  1.29336460e+00  1.68811531e+00 
 2.38863383e-03  5.15211537e+00  1.28856569e+00  1.68637910e+00 
 2.38913383e-03  5.13286309e+00  1.28375406e+00  1.68462623e+00 
 2.38963383e-03  5.11356016e+00  1.27892976e+00  1.68285674e+00 
 2.39013383e-03  5.09420675e+00  1.27409284e+00  1.68107064e+00 
 2.39063383e-03  5.07480307e+00  1.26924334e+00  1.67926795e+00 
 2.39113383e-03  5.05534930e+00  1.26438131e+00  1.67744868e+00 
 2.39163383e-03  5.03584564e+00  1.25950681e+00  1.67561286e+00 
 2.39213383e-03  5.01629228e+00  1.25461988e+00  1.67376049e+00 
 2.39263383e-03  4.99668941e+00  1.24972056e+00  1.67189161e+00 
 2.39313383e-03  4.97703722e+00  1.24480891e+00  1.67000622e+00 
 2.39363383e-03  4.95733591e+00  1.23988497e+00  1.66810435e+00 
 2.39413383e-03  4.93758567e+00  1.23494880e+00  1.66618602e+00 
 2.39463383e-03  4.91778670e+00  1.23000044e+00  1.66425124e+00 
 2.39513383e-03  4.89793920e+00  1.22503993e+00  1.66230003e+00 
 2.39563383e-03  4.87804335e+00  1.22006734e+00  1.66033241e+00 
 2.39613383e-03  4.85809937e+00  1.21508271e+00  1.65834841e+00 
 2.39663383e-03  4.83810743e+00  1.21008608e+00  1.65634804e+00 
 2.39713383e-03  4.81806774e+00  1.20507751e+00  1.65433132e+00 
 2.39763383e-03  4.79798050e+00  1.20005704e+00  1.65229827e+00 
 2.39813383e-03  4.77784591e+00  1.19502474e+00  1.65024891e+00 
 2.39863383e-03  4.75766416e+00  1.18998063e+00  1.64818327e+00 
 2.39913383e-03  4.73743545e+00  1.18492479e+00  1.64610135e+00 
 2.39963383e-03  4.71715999e+00  1.17985724e+00  1.64400319e+00 
 2.40013383e-03  4.69683797e+00  1.17477806e+00  1.64188880e+00 
 2.40063383e-03  4.67646960e+00  1.16968728e+00  1.63975821e+00 
 2.40113383e-03  4.65605507e+00  1.16458495e+00  1.63761143e+00 
 2.40163383e-03  4.63559459e+00  1.15947113e+00  1.63544849e+00 
 2.40213383e-03  4.61508835e+00  1.15434587e+00  1.63326940e+00 
 2.40263383e-03  4.59453657e+00  1.14920921e+00  1.63107420e+00 
 2.40313383e-03  4.57393944e+00  1.14406121e+00  1.62886289e+00 
 2.40363383e-03  4.55329717e+00  1.13890192e+00  1.62663551e+00 
 2.40413383e-03  4.53260996e+00  1.13373139e+00  1.62439207e+00 
 2.40463383e-03  4.51187801e+00  1.12854967e+00  1.62213260e+00 
 2.40513383e-03  4.49110153e+00  1.12335681e+00  1.61985711e+00 
 2.40563383e-03  4.47028073e+00  1.11815287e+00  1.61756564e+00 
 2.40613383e-03  4.44941581e+00  1.11293789e+00  1.61525821e+00 
 2.40663383e-03  4.42850697e+00  1.10771192e+00  1.61293482e+00 
 2.40713383e-03  4.40755443e+00  1.10247502e+00  1.61059552e+00 
 2.40763383e-03  4.38655839e+00  1.09722724e+00  1.60824033e+00 
 2.40813383e-03  4.36551905e+00  1.09196864e+00  1.60586925e+00 
 2.40863383e-03  4.34443662e+00  1.08669925e+00  1.60348233e+00 
 2.40913383e-03  4.32331132e+00  1.08141914e+00  1.60107958e+00 
 2.40963383e-03  4.30214335e+00  1.07612835e+00  1.59866103e+00 
 2.41013383e-03  4.28093292e+00  1.07082695e+00  1.59622670e+00 
 2.41063383e-03  4.25968024e+00  1.06551498e+00  1.59377661e+00 
 2.41113383e-03  4.23838551e+00  1.06019249e+00  1.59131080e+00 
 2.41163383e-03  4.21704896e+00  1.05485953e+00  1.58882927e+00 
 2.41213383e-03  4.19567078e+00  1.04951617e+00  1.58633206e+00 
 2.41263383e-03  4.17425120e+00  1.04416244e+00  1.58381920e+00 
 2.41313383e-03  4.15279041e+00  1.03879842e+00  1.58129070e+00 
 2.41363383e-03  4.13128864e+00  1.03342414e+00  1.57874660e+00 
 2.41413383e-03  4.10974610e+00  1.02803965e+00  1.57618691e+00 
 2.41463383e-03  4.08816299e+00  1.02264503e+00  1.57361166e+00 
 2.41513383e-03  4.06653954e+00  1.01724031e+00  1.57102089e+00 
 2.41563383e-03  4.04487595e+00  1.01182555e+00  1.56841460e+00 
 2.41613383e-03  4.02317244e+00  1.00640080e+00  1.56579284e+00 
 2.41663383e-03  4.00142922e+00  1.00096612e+00  1.56315562e+00 
 2.41713383e-03  3.97964651e+00  9.95521567e-01  1.56050297e+00 
 2.41763383e-03  3.95782453e+00  9.90067184e-01  1.55783492e+00 
 2.41813383e-03  3.93596348e+00  9.84603029e-01  1.55515149e+00 
 2.41863383e-03  3.91406358e+00  9.79129157e-01  1.55245271e+00 
 2.41913383e-03  3.89212506e+00  9.73645621e-01  1.54973861e+00 
 2.41963383e-03  3.87014812e+00  9.68152476e-01  1.54700922e+00 
 2.42013383e-03  3.84813298e+00  9.62649775e-01  1.54426455e+00 
 2.42063383e-03  3.82607986e+00  9.57137574e-01  1.54150464e+00 
 2.42113383e-03  3.80398898e+00  9.51615926e-01  1.53872952e+00 
 2.42163383e-03  3.78186056e+00  9.46084886e-01  1.53593920e+00 
 2.42213383e-03  3.75969482e+00  9.40544509e-01  1.53313373e+00 
 2.42263383e-03  3.73749196e+00  9.34994849e-01  1.53031313e+00 
 2.42313383e-03  3.71525222e+00  9.29435960e-01  1.52747742e+00 
 2.42363383e-03  3.69297581e+00  9.23867899e-01  1.52462663e+00 
 2.42413383e-03  3.67066295e+00  9.18290720e-01  1.52176080e+00 
 2.42463383e-03  3.64831387e+00  9.12704477e-01  1.51887994e+00 
 2.42513383e-03  3.62592877e+00  9.07109227e-01  1.51598409e+00 
 2.42563383e-03  3.60350790e+00  9.01505024e-01  1.51307328e+00 
 2.42613383e-03  3.58105145e+00  8.95891923e-01  1.51014754e+00 
 2.42663383e-03  3.55855966e+00  8.90269980e-01  1.50720689e+00 
 2.42713383e-03  3.53603275e+00  8.84639251e-01  1.50425136e+00 
 2.42763383e-03  3.51347094e+00  8.78999790e-01  1.50128099e+00 
 2.42813383e-03  3.49087446e+00  8.73351655e-01  1.49829579e+00 
 2.42863383e-03  3.46824352e+00  8.67694900e-01  1.49529581e+00 
 2.42913383e-03  3.44557835e+00  8.62029581e-01  1.49228107e+00 
 2.42963383e-03  3.42287917e+00  8.56355754e-01  1.48925160e+00 
 2.43013383e-03  3.40014622e+00  8.50673476e-01  1.48620743e+00 
 2.43063383e-03  3.37737970e+00  8.44982801e-01  1.48314859e+00 
 2.43113383e-03  3.35457985e+00  8.39283787e-01  1.48007511e+00 
 2.43163383e-03  3.33174689e+00  8.33576490e-01  1.47698703e+00 
 2.43213383e-03  3.30888105e+00  8.27860966e-01  1.47388436e+00 
 2.43263383e-03  3.28598255e+00  8.22137271e-01  1.47076715e+00 
 2.43313383e-03  3.26305162e+00  8.16405462e-01  1.46763542e+00 
 2.43363383e-03  3.24008849e+00  8.10665596e-01  1.46448920e+00 
 2.43413383e-03  3.21709338e+00  8.04917728e-01  1.46132853e+00 
 2.43463383e-03  3.19406651e+00  7.99161917e-01  1.45815344e+00 
 2.43513383e-03  3.17100812e+00  7.93398218e-01  1.45496395e+00 
 2.43563383e-03  3.14791844e+00  7.87626689e-01  1.45176010e+00 
 2.43613383e-03  3.12479769e+00  7.81847386e-01  1.44854192e+00 
 2.43663383e-03  3.10164609e+00  7.76060367e-01  1.44530945e+00 
 2.43713383e-03  3.07846388e+00  7.70265689e-01  1.44206271e+00 
 2.43763383e-03  3.05525130e+00  7.64463408e-01  1.43880173e+00 
 2.43813383e-03  3.03200855e+00  7.58653583e-01  1.43552656e+00 
 2.43863383e-03  3.00873588e+00  7.52836270e-01  1.43223721e+00 
 2.43913383e-03  2.98543352e+00  7.47011527e-01  1.42893373e+00 
 2.43963383e-03  2.96210169e+00  7.41179411e-01  1.42561614e+00 
 2.44013383e-03  2.93874063e+00  7.35339980e-01  1.42228448e+00 
 2.44063383e-03  2.91535056e+00  7.29493292e-01  1.41893879e+00 
 2.44113383e-03  2.89193172e+00  7.23639404e-01  1.41557909e+00 
 2.44163383e-03  2.86848434e+00  7.17778374e-01  1.41220541e+00 
 2.44213383e-03  2.84500865e+00  7.11910260e-01  1.40881780e+00 
 2.44263383e-03  2.82150487e+00  7.06035120e-01  1.40541628e+00 
 2.44313383e-03  2.79797325e+00  7.00153012e-01  1.40200089e+00 
 2.44363383e-03  2.77441402e+00  6.94263993e-01  1.39857166e+00 
 2.44413383e-03  2.75082740e+00  6.88368123e-01  1.39512863e+00 
 2.44463383e-03  2.72721364e+00  6.82465458e-01  1.39167183e+00 
 2.44513383e-03  2.70357295e+00  6.76556058e-01  1.38820129e+00 
 2.44563383e-03  2.67990559e+00  6.70639981e-01  1.38471705e+00 
 2.44613383e-03  2.65621177e+00  6.64717285e-01  1.38121914e+00 
 2.44663383e-03  2.63249174e+00  6.58788029e-01  1.37770759e+00 
 2.44713383e-03  2.60874573e+00  6.52852271e-01  1.37418245e+00 
 2.44763383e-03  2.58497397e+00  6.46910069e-01  1.37064375e+00 
 2.44813383e-03  2.56117669e+00  6.40961483e-01  1.36709152e+00 
 2.44863383e-03  2.53735414e+00  6.35006571e-01  1.36352579e+00 
 2.44913383e-03  2.51350655e+00  6.29045391e-01  1.35994660e+00 
 2.44963383e-03  2.48963415e+00  6.23078004e-01  1.35635399e+00 
 2.45013383e-03  2.46573718e+00  6.17104467e-01  1.35274800e+00 
 2.45063383e-03  2.44181587e+00  6.11124839e-01  1.34912865e+00 
 2.45113383e-03  2.41787046e+00  6.05139180e-01  1.34549598e+00 
 2.45163383e-03  2.39390119e+00  5.99147549e-01  1.34185004e+00 
 2.45213383e-03  2.36990829e+00  5.93150004e-01  1.33819085e+00 
 2.45263383e-03  2.34589200e+00  5.87146606e-01  1.33451845e+00 
 2.45313383e-03  2.32185256e+00  5.81137412e-01  1.33083288e+00 
 2.45363383e-03  2.29779020e+00  5.75122483e-01  1.32713417e+00 
 2.45413383e-03  2.27370517e+00  5.69101878e-01  1.32342237e+00 
 2.45463383e-03  2.24959769e+00  5.63075657e-01  1.31969750e+00 
 2.45513383e-03  2.22546801e+00  5.57043878e-01  1.31595960e+00 
 2.45563383e-03  2.20131637e+00  5.51006601e-01  1.31220872e+00 
 2.45613383e-03  2.17714300e+00  5.44963886e-01  1.30844488e+00 
 2.45663383e-03  2.15294815e+00  5.38915793e-01  1.30466813e+00 
 2.45713383e-03  2.12873204e+00  5.32862381e-01  1.30087850e+00 
 2.45763383e-03  2.10449493e+00  5.26803710e-01  1.29707604e+00 
 2.45813383e-03  2.08023704e+00  5.20739840e-01  1.29326076e+00 
 2.45863383e-03  2.05595862e+00  5.14670830e-01  1.28943273e+00 
 2.45913383e-03  2.03165992e+00  5.08596741e-01  1.28559196e+00 
 2.45963383e-03  2.00734116e+00  5.02517633e-01  1.28173851e+00 
 2.46013383e-03  1.98300258e+00  4.96433565e-01  1.27787241e+00 
 2.46063383e-03  1.95864444e+00  4.90344597e-01  1.27399369e+00 
 2.46113383e-03  1.93426697e+00  4.84250790e-01  1.27010240e+00 
 2.46163383e-03  1.90987040e+00  4.78152204e-01  1.26619857e+00 
 2.46213383e-03  1.88545499e+00  4.72048898e-01  1.26228225e+00 
 2.46263383e-03  1.86102097e+00  4.65940934e-01  1.25835346e+00 
 2.46313383e-03  1.83656858e+00  4.59828372e-01  1.25441225e+00 
 2.46363383e-03  1.81209806e+00  4.53711271e-01  1.25045867e+00 
 2.46413383e-03  1.78760966e+00  4.47589692e-01  1.24649274e+00 
 2.46463383e-03  1.76310362e+00  4.41463696e-01  1.24251450e+00 
 2.46513383e-03  1.73858017e+00  4.35333343e-01  1.23852401e+00 
 2.46563383e-03  1.71403957e+00  4.29198694e-01  1.23452128e+00 
 2.46613383e-03  1.68948205e+00  4.23059808e-01  1.23050638e+00 
 2.46663383e-03  1.66490785e+00  4.16916748e-01  1.22647932e+00 
 2.46713383e-03  1.64031722e+00  4.10769572e-01  1.22244017e+00 
 2.46763383e-03  1.61571041e+00  4.04618343e-01  1.21838894e+00 
 2.46813383e-03  1.59108764e+00  3.98463120e-01  1.21432569e+00 
 2.46863383e-03  1.56644918e+00  3.92303965e-01  1.21025045e+00 
 2.46913383e-03  1.54179525e+00  3.86140938e-01  1.20616327e+00 
 2.46963383e-03  1.51712610e+00  3.79974100e-01  1.20206418e+00 
 2.47013383e-03  1.49244199e+00  3.73803512e-01  1.19795323e+00 
 2.47063383e-03  1.46774314e+00  3.67629235e-01  1.19383045e+00 
 2.47113383e-03  1.44302981e+00  3.61451330e-01  1.18969589e+00 
 2.47163383e-03  1.41830223e+00  3.55269857e-01  1.18554959e+00 
 2.47213383e-03  1.39356066e+00  3.49084879e-01  1.18139158e+00 
 2.47263383e-03  1.36880533e+00  3.42896454e-01  1.17722192e+00 
 2.47313383e-03  1.34403650e+00  3.36704646e-01  1.17304063e+00 
 2.47363383e-03  1.31925439e+00  3.30509515e-01  1.16884777e+00 
 2.47413383e-03  1.29445927e+00  3.24311122e-01  1.16464337e+00 
 2.47463383e-03  1.26965137e+00  3.18109528e-01  1.16042747e+00 
 2.47513383e-03  1.24483094e+00  3.11904795e-01  1.15620012e+00 
 2.47563383e-03  1.21999823e+00  3.05696984e-01  1.15196136e+00 
 2.47613383e-03  1.19515347e+00  2.99486155e-01  1.14771122e+00 
 2.47663383e-03  1.17029692e+00  2.93272371e-01  1.14344976e+00 
 2.47713383e-03  1.14542882e+00  2.87055693e-01  1.13917701e+00 
 2.47763383e-03  1.12054941e+00  2.80836182e-01  1.13489302e+00 
 2.47813383e-03  1.09565895e+00  2.74613899e-01  1.13059783e+00 
 2.47863383e-03  1.07075767e+00  2.68388905e-01  1.12629147e+00 
 2.47913383e-03  1.04584582e+00  2.62161263e-01  1.12197400e+00 
 2.47963383e-03  1.02092365e+00  2.55931034e-01  1.11764546e+00 
 2.48013383e-03  9.95991404e-01  2.49698279e-01  1.11330588e+00 
 2.48063383e-03  9.71049328e-01  2.43463060e-01  1.10895531e+00 
 2.48113383e-03  9.46097668e-01  2.37225438e-01  1.10459380e+00 
 2.48163383e-03  9.21136671e-01  2.30985474e-01  1.10022139e+00 
 2.48213383e-03  8.96166582e-01  2.24743231e-01  1.09583811e+00 
 2.48263383e-03  8.71187649e-01  2.18498771e-01  1.09144402e+00 
 2.48313383e-03  8.46200117e-01  2.12252153e-01  1.08703916e+00 
 2.48363383e-03  8.21204233e-01  2.06003441e-01  1.08262356e+00 
 2.48413383e-03  7.96200245e-01  1.99752696e-01  1.07819728e+00 
 2.48463383e-03  7.71188398e-01  1.93499980e-01  1.07376036e+00 
 2.48513383e-03  7.46168940e-01  1.87245354e-01  1.06931284e+00 
 2.48563383e-03  7.21142118e-01  1.80988880e-01  1.06485477e+00 
 2.48613383e-03  6.96108178e-01  1.74730620e-01  1.06038618e+00 
 2.48663383e-03  6.71067368e-01  1.68470636e-01  1.05590713e+00 
 2.48713383e-03  6.46019935e-01  1.62208989e-01  1.05141766e+00 
 2.48763383e-03  6.20966126e-01  1.55945741e-01  1.04691780e+00 
 2.48813383e-03  5.95906188e-01  1.49680954e-01  1.04240762e+00 
 2.48863383e-03  5.70840369e-01  1.43414690e-01  1.03788714e+00 
 2.48913383e-03  5.45768916e-01  1.37147011e-01  1.03335642e+00 
 2.48963383e-03  5.20692076e-01  1.30877979e-01  1.02881550e+00 
 2.49013383e-03  4.95610098e-01  1.24607654e-01  1.02426443e+00 
 2.49063383e-03  4.70523228e-01  1.18336100e-01  1.01970324e+00 
 2.49113383e-03  4.45431714e-01  1.12063379e-01  1.01513199e+00 
 2.49163383e-03  4.20335803e-01  1.05789551e-01  1.01055072e+00 
 2.49213383e-03  3.95235745e-01  9.95146795e-02  1.00595948e+00 
 2.49263383e-03  3.70131785e-01  9.32388259e-02  1.00135831e+00 
 2.49313383e-03  3.45024172e-01  8.69620523e-02  9.96747249e-01 
 2.49363383e-03  3.19913155e-01  8.06844204e-02  9.92126354e-01 
 2.49413383e-03  2.94798979e-01  7.44059924e-02  9.87495665e-01 
 2.49463383e-03  2.69681894e-01  6.81268302e-02  9.82855229e-01 
 2.49513383e-03  2.44562148e-01  6.18469958e-02  9.78205092e-01 
 2.49563383e-03  2.19439988e-01  5.55665510e-02  9.73545300e-01 
 2.49613383e-03  1.94315662e-01  4.92855580e-02  9.68875898e-01 
 2.49663383e-03  1.69189418e-01  4.30040787e-02  9.64196933e-01 
 2.49713383e-03  1.44061504e-01  3.67221751e-02  9.59508450e-01 
 2.49763383e-03  1.18932169e-01  3.04399092e-02  9.54810497e-01 
 2.49813383e-03  9.38016593e-02  2.41573431e-02  9.50103119e-01 
 2.49863383e-03  6.86702242e-02  1.78745386e-02  9.45386363e-01 
 2.49913383e-03  4.35381114e-02  1.15915579e-02  9.40660276e-01 
 2.49963383e-03  1.84055688e-02  5.30846287e-03  9.35924904e-01 
 2.50013383e-03 -6.72715535e-03 -9.74684373e-04  9.31180293e-01 
 2.50063383e-03 -3.18598132e-02 -7.25782186e-03  9.26426491e-01 
 2.50113383e-03 -5.69921565e-02 -1.35408876e-02  9.21663545e-01 
 2.50163383e-03 -8.21239374e-02 -1.98238195e-02  9.16891502e-01 
 2.50213383e-03 -1.07254908e-01 -2.61065556e-02  9.12110408e-01 
 2.50263383e-03 -1.32384820e-01 -3.23890340e-02  9.07320311e-01 
 2.50313383e-03 -1.57513425e-01 -3.86711925e-02  9.02521259e-01 
 2.50363383e-03 -1.82640475e-01 -4.49529692e-02  8.97713298e-01 
 2.50413383e-03 -2.07765723e-01 -5.12343021e-02  8.92896476e-01 
 2.50463383e-03 -2.32888921e-01 -5.75151293e-02  8.88070840e-01 
 2.50513383e-03 -2.58009820e-01 -6.37953886e-02  8.83236439e-01 
 2.50563383e-03 -2.83128172e-01 -7.00750181e-02  8.78393319e-01 
 2.50613383e-03 -3.08243730e-01 -7.63539559e-02  8.73541530e-01 
 2.50663383e-03 -3.33356246e-01 -8.26321400e-02  8.68681117e-01 
 2.50713383e-03 -3.58465472e-01 -8.89095084e-02  8.63812131e-01 
 2.50763383e-03 -3.83571160e-01 -9.51859991e-02  8.58934618e-01 
 2.50813383e-03 -4.08673062e-01 -1.01461550e-01  8.54048627e-01 
 2.50863383e-03 -4.33770931e-01 -1.07736100e-01  8.49154205e-01 
 2.50913383e-03 -4.58864518e-01 -1.14009586e-01  8.44251403e-01 
 2.50963383e-03 -4.83953577e-01 -1.20281947e-01  8.39340266e-01 
 2.51013383e-03 -5.09037859e-01 -1.26553120e-01  8.34420845e-01 
 2.51063383e-03 -5.34117118e-01 -1.32823045e-01  8.29493188e-01 
 2.51113383e-03 -5.59191105e-01 -1.39091658e-01  8.24557342e-01 
 2.51163383e-03 -5.84259573e-01 -1.45358899e-01  8.19613358e-01 
 2.51213383e-03 -6.09322274e-01 -1.51624704e-01  8.14661284e-01 
 2.51263383e-03 -6.34378962e-01 -1.57889013e-01  8.09701169e-01 
 2.51313383e-03 -6.59429388e-01 -1.64151764e-01  8.04733061e-01 
 2.51363383e-03 -6.84473307e-01 -1.70412894e-01  7.99757010e-01 
 2.51413383e-03 -7.09510469e-01 -1.76672342e-01  7.94773064e-01 
 2.51463383e-03 -7.34540630e-01 -1.82930047e-01  7.89781274e-01 
 2.51513383e-03 -7.59563540e-01 -1.89185946e-01  7.84781688e-01 
 2.51563383e-03 -7.84578954e-01 -1.95439977e-01  7.79774356e-01 
 2.51613383e-03 -8.09586625e-01 -2.01692080e-01  7.74759326e-01 
 2.51663383e-03 -8.34586305e-01 -2.07942192e-01  7.69736650e-01 
 2.51713383e-03 -8.59577749e-01 -2.14190251e-01  7.64706375e-01 
 2.51763383e-03 -8.84560708e-01 -2.20436196e-01  7.59668552e-01 
 2.51813383e-03 -9.09534937e-01 -2.26679966e-01  7.54623231e-01 
 2.51863383e-03 -9.34500190e-01 -2.32921498e-01  7.49570460e-01 
 2.51913383e-03 -9.59456219e-01 -2.39160731e-01  7.44510291e-01 
 2.51963383e-03 -9.84402779e-01 -2.45397603e-01  7.39442773e-01 
 2.52013383e-03 -1.00933962e+00 -2.51632054e-01  7.34367957e-01 
 2.52063383e-03 -1.03426651e+00 -2.57864021e-01  7.29285891e-01 
 2.52113383e-03 -1.05918318e+00 -2.64093442e-01  7.24196627e-01 
 2.52163383e-03 -1.08408940e+00 -2.70320257e-01  7.19100214e-01 
 2.52213383e-03 -1.10898492e+00 -2.76544404e-01  7.13996703e-01 
 2.52263383e-03 -1.13386950e+00 -2.82765822e-01  7.08886145e-01 
 2.52313383e-03 -1.15874289e+00 -2.88984448e-01  7.03768589e-01 
 2.52363383e-03 -1.18360483e+00 -2.95200222e-01  6.98644086e-01 
 2.52413383e-03 -1.20845510e+00 -3.01413083e-01  6.93512688e-01 
 2.52463383e-03 -1.23329344e+00 -3.07622968e-01  6.88374443e-01 
 2.52513383e-03 -1.25811961e+00 -3.13829818e-01  6.83229404e-01 
 2.52563383e-03 -1.28293336e+00 -3.20033570e-01  6.78077621e-01 
 2.52613383e-03 -1.30773445e+00 -3.26234163e-01  6.72919144e-01 
 2.52663383e-03 -1.33252263e+00 -3.32431536e-01  6.67754025e-01 
 2.52713383e-03 -1.35729766e+00 -3.38625628e-01  6.62582315e-01 
 2.52763383e-03 -1.38205930e+00 -3.44816378e-01  6.57404064e-01 
 2.52813383e-03 -1.40680729e+00 -3.51003725e-01  6.52219325e-01 
 2.52863383e-03 -1.43154140e+00 -3.57187607e-01  6.47028147e-01 
 2.52913383e-03 -1.45626139e+00 -3.63367963e-01  6.41830582e-01 
 2.52963383e-03 -1.48096699e+00 -3.69544734e-01  6.36626682e-01 
 2.53013383e-03 -1.50565799e+00 -3.75717857e-01  6.31416498e-01 
 2.53063383e-03 -1.53033412e+00 -3.81887271e-01  6.26200081e-01 
 2.53113383e-03 -1.55499515e+00 -3.88052917e-01  6.20977483e-01 
 2.53163383e-03 -1.57964083e+00 -3.94214732e-01  6.15748756e-01 
 2.53213383e-03 -1.60427092e+00 -4.00372657e-01  6.10513950e-01 
 2.53263383e-03 -1.62888517e+00 -4.06526629e-01  6.05273118e-01 
 2.53313383e-03 -1.65348335e+00 -4.12676590e-01  6.00026311e-01 
 2.53363383e-03 -1.67806521e+00 -4.18822477e-01  5.94773581e-01 
 2.53413383e-03 -1.70263051e+00 -4.24964231e-01  5.89514980e-01 
 2.53463383e-03 -1.72717901e+00 -4.31101790e-01  5.84250560e-01 
 2.53513383e-03 -1.75171046e+00 -4.37235095e-01  5.78980373e-01 
 2.53563383e-03 -1.77622462e+00 -4.43364084e-01  5.73704471e-01 
 2.53613383e-03 -1.80072125e+00 -4.49488697e-01  5.68422906e-01 
 2.53663383e-03 -1.82520010e+00 -4.55608873e-01  5.63135729e-01 
 2.53713383e-03 -1.84966095e+00 -4.61724553e-01  5.57842994e-01 
 2.53763383e-03 -1.87410353e+00 -4.67835676e-01  5.52544753e-01 
 2.53813383e-03 -1.89852762e+00 -4.73942181e-01  5.47241057e-01 
 2.53863383e-03 -1.92293298e+00 -4.80044008e-01  5.41931959e-01 
 2.53913383e-03 -1.94731935e+00 -4.86141098e-01  5.36617512e-01 
 2.53963383e-03 -1.97168651e+00 -4.92233389e-01  5.31297767e-01 
 2.54013383e-03 -1.99603420e+00 -4.98320822e-01  5.25972778e-01 
 2.54063383e-03 -2.02036220e+00 -5.04403337e-01  5.20642597e-01 
 2.54113383e-03 -2.04467025e+00 -5.10480873e-01  5.15307277e-01 
 2.54163383e-03 -2.06895813e+00 -5.16553371e-01  5.09966870e-01 
 2.54213383e-03 -2.09322558e+00 -5.22620771e-01  5.04621429e-01 
 2.54263383e-03 -2.11747238e+00 -5.28683013e-01  4.99271006e-01 
 2.54313383e-03 -2.14169828e+00 -5.34740036e-01  4.93915656e-01 
 2.54363383e-03 -2.16590304e+00 -5.40791782e-01  4.88555429e-01 
 2.54413383e-03 -2.19008642e+00 -5.46838190e-01  4.83190380e-01 
 2.54463383e-03 -2.21424819e+00 -5.52879201e-01  4.77820561e-01 
 2.54513383e-03 -2.23838810e+00 -5.58914756e-01  4.72446026e-01 
 2.54563383e-03 -2.26250593e+00 -5.64944794e-01  4.67066826e-01 
 2.54613383e-03 -2.28660142e+00 -5.70969256e-01  4.61683016e-01 
 2.54663383e-03 -2.31067434e+00 -5.76988082e-01  4.56294649e-01 
 2.54713383e-03 -2.33472446e+00 -5.83001214e-01  4.50901777e-01 
 2.54763383e-03 -2.35875154e+00 -5.89008592e-01  4.45504454e-01 
 2.54813383e-03 -2.38275533e+00 -5.95010157e-01  4.40102734e-01 
 2.54863383e-03 -2.40673561e+00 -6.01005849e-01  4.34696669e-01 
 2.54913383e-03 -2.43069214e+00 -6.06995609e-01  4.29286313e-01 
 2.54963383e-03 -2.45462468e+00 -6.12979378e-01  4.23871719e-01 
 2.55013383e-03 -2.47853299e+00 -6.18957097e-01  4.18452940e-01 
 2.55063383e-03 -2.50241683e+00 -6.24928707e-01  4.13030031e-01 
 2.55113383e-03 -2.52627598e+00 -6.30894150e-01  4.07603045e-01 
 2.55163383e-03 -2.55011020e+00 -6.36853365e-01  4.02172035e-01 
 2.55213383e-03 -2.57391925e+00 -6.42806295e-01  3.96737055e-01 
 2.55263383e-03 -2.59770289e+00 -6.48752881e-01  3.91298158e-01 
 2.55313383e-03 -2.62146090e+00 -6.54693063e-01  3.85855399e-01 
 2.55363383e-03 -2.64519303e+00 -6.60626784e-01  3.80408830e-01 
 2.55413383e-03 -2.66889906e+00 -6.66553985e-01  3.74958506e-01 
 2.55463383e-03 -2.69257874e+00 -6.72474607e-01  3.69504481e-01 
 2.55513383e-03 -2.71623185e+00 -6.78388592e-01  3.64046808e-01 
 2.55563383e-03 -2.73985816e+00 -6.84295882e-01  3.58585541e-01 
 2.55613383e-03 -2.76345742e+00 -6.90196417e-01  3.53120734e-01 
 2.55663383e-03 -2.78702941e+00 -6.96090141e-01  3.47652441e-01 
 2.55713383e-03 -2.81057389e+00 -7.01976994e-01  3.42180716e-01 
 2.55763383e-03 -2.83409063e+00 -7.07856919e-01  3.36705613e-01 
 2.55813383e-03 -2.85757940e+00 -7.13729858e-01  3.31227186e-01 
 2.55863383e-03 -2.88103996e+00 -7.19595752e-01  3.25745489e-01 
 2.55913383e-03 -2.90447210e+00 -7.25454544e-01  3.20260577e-01 
 2.55963383e-03 -2.92787556e+00 -7.31306176e-01  3.14772502e-01 
 2.56013383e-03 -2.95125013e+00 -7.37150590e-01  3.09281321e-01 
 2.56063383e-03 -2.97459557e+00 -7.42987729e-01  3.03787085e-01 
 2.56113383e-03 -2.99791166e+00 -7.48817535e-01  2.98289851e-01 
 2.56163383e-03 -3.02119815e+00 -7.54639950e-01  2.92789672e-01 
 2.56213383e-03 -3.04445483e+00 -7.60454917e-01  2.87286602e-01 
 2.56263383e-03 -3.06768146e+00 -7.66262379e-01  2.81780696e-01 
 2.56313383e-03 -3.09087781e+00 -7.72062278e-01  2.76272008e-01 
 2.56363383e-03 -3.11404366e+00 -7.77854557e-01  2.70760593e-01 
 2.56413383e-03 -3.13717877e+00 -7.83639158e-01  2.65246505e-01 
 2.56463383e-03 -3.16028292e+00 -7.89416026e-01  2.59729797e-01 
 2.56513383e-03 -3.18335588e+00 -7.95185102e-01  2.54210526e-01 
 2.56563383e-03 -3.20639742e+00 -8.00946330e-01  2.48688745e-01 
 2.56613383e-03 -3.22940732e+00 -8.06699652e-01  2.43164508e-01 
 2.56663383e-03 -3.25238534e+00 -8.12445013e-01  2.37637871e-01 
 2.56713383e-03 -3.27533126e+00 -8.18182355e-01  2.32108887e-01 
 2.56763383e-03 -3.29824486e+00 -8.23911623e-01  2.26577612e-01 
 2.56813383e-03 -3.32112590e+00 -8.29632758e-01  2.21044100e-01 
 2.56863383e-03 -3.34397417e+00 -8.35345705e-01  2.15508405e-01 
 2.56913383e-03 -3.36678943e+00 -8.41050408e-01  2.09970582e-01 
 2.56963383e-03 -3.38957146e+00 -8.46746809e-01  2.04430687e-01 
 2.57013383e-03 -3.41232004e+00 -8.52434854e-01  1.98888772e-01 
 2.57063383e-03 -3.43503494e+00 -8.58114485e-01  1.93344894e-01 
 2.57113383e-03 -3.45771594e+00 -8.63785647e-01  1.87799107e-01 
 2.57163383e-03 -3.48036281e+00 -8.69448284e-01  1.82251466e-01 
 2.57213383e-03 -3.50297534e+00 -8.75102340e-01  1.76702025e-01 
 2.57263383e-03 -3.52555329e+00 -8.80747758e-01  1.71150839e-01 
 2.57313383e-03 -3.54809644e+00 -8.86384484e-01  1.65597963e-01 
 2.57363383e-03 -3.57060458e+00 -8.92012462e-01  1.60043452e-01 
 2.57413383e-03 -3.59307747e+00 -8.97631636e-01  1.54487361e-01 
 2.57463383e-03 -3.61551490e+00 -9.03241950e-01  1.48929744e-01 
 2.57513383e-03 -3.63791665e+00 -9.08843350e-01  1.43370656e-01 
 2.57563383e-03 -3.66028250e+00 -9.14435780e-01  1.37810153e-01 
 2.57613383e-03 -3.68261222e+00 -9.20019185e-01  1.32248288e-01 
 2.57663383e-03 -3.70490559e+00 -9.25593509e-01  1.26685118e-01 
 2.57713383e-03 -3.72716240e+00 -9.31158698e-01  1.21120696e-01 
 2.57763383e-03 -3.74938242e+00 -9.36714697e-01  1.15555078e-01 
 2.57813383e-03 -3.77156544e+00 -9.42261451e-01  1.09988319e-01 
 2.57863383e-03 -3.79371123e+00 -9.47798905e-01  1.04420473e-01 
 2.57913383e-03 -3.81581958e+00 -9.53327005e-01  9.88515959e-02 
 2.57963383e-03 -3.83789027e+00 -9.58845696e-01  9.32817424e-02 
 2.58013383e-03 -3.85992308e+00 -9.64354923e-01  8.77109673e-02 
 2.58063383e-03 -3.88191780e+00 -9.69854632e-01  8.21393258e-02 
 2.58113383e-03 -3.90387420e+00 -9.75344770e-01  7.65668727e-02 
 2.58163383e-03 -3.92579207e+00 -9.80825281e-01  7.09936631e-02 
 2.58213383e-03 -3.94767120e+00 -9.86296112e-01  6.54197521e-02 
 2.58263383e-03 -3.96951137e+00 -9.91757208e-01  5.98451945e-02 
 2.58313383e-03 -3.99131235e+00 -9.97208516e-01  5.42700454e-02 
 2.58363383e-03 -4.01307395e+00 -1.00264998e+00  4.86943599e-02 
 2.58413383e-03 -4.03479594e+00 -1.00808155e+00  4.31181930e-02 
 2.58463383e-03 -4.05647810e+00 -1.01350317e+00  3.75415996e-02 
 2.58513383e-03 -4.07812023e+00 -1.01891479e+00  3.19646349e-02 
 2.58563383e-03 -4.09972211e+00 -1.02431635e+00  2.63873539e-02 
 2.58613383e-03 -4.12128353e+00 -1.02970780e+00  2.08098117e-02 
 2.58663383e-03 -4.14280427e+00 -1.03508909e+00  1.52320632e-02 
 2.58713383e-03 -4.16428413e+00 -1.04046017e+00  9.65416353e-03 
 2.58763383e-03 -4.18572288e+00 -1.04582097e+00  4.07616776e-03 
 2.58813383e-03 -4.20712033e+00 -1.05117145e+00 -1.50186907e-03 
 2.58863383e-03 -4.22847625e+00 -1.05651156e+00 -7.07989191e-03 
 2.58913383e-03 -4.24979044e+00 -1.06184124e+00 -1.26578457e-02 
 2.58963383e-03 -4.27106268e+00 -1.06716044e+00 -1.82356754e-02 
 2.59013383e-03 -4.29229277e+00 -1.07246911e+00 -2.38133260e-02 
 2.59063383e-03 -4.31348050e+00 -1.07776719e+00 -2.93907423e-02 
 2.59113383e-03 -4.33462565e+00 -1.08305464e+00 -3.49678694e-02 
 2.59163383e-03 -4.35572803e+00 -1.08833140e+00 -4.05446523e-02 
 2.59213383e-03 -4.37678741e+00 -1.09359741e+00 -4.61210358e-02 
 2.59263383e-03 -4.39780360e+00 -1.09885264e+00 -5.16969649e-02 
 2.59313383e-03 -4.41877638e+00 -1.10409701e+00 -5.72723847e-02 
 2.59363383e-03 -4.43970555e+00 -1.10933049e+00 -6.28472400e-02 
 2.59413383e-03 -4.46059090e+00 -1.11455302e+00 -6.84214759e-02 
 2.59463383e-03 -4.48143223e+00 -1.11976455e+00 -7.39950373e-02 
 2.59513383e-03 -4.50222933e+00 -1.12496503e+00 -7.95678693e-02 
 2.59563383e-03 -4.52298200e+00 -1.13015441e+00 -8.51399168e-02 
 2.59613383e-03 -4.54369002e+00 -1.13533263e+00 -9.07111248e-02 
 2.59663383e-03 -4.56435320e+00 -1.14049965e+00 -9.62814384e-02 
 2.59713383e-03 -4.58497133e+00 -1.14565541e+00 -1.01850803e-01 
 2.59763383e-03 -4.60554421e+00 -1.15079987e+00 -1.07419162e-01 
 2.59813383e-03 -4.62607163e+00 -1.15593296e+00 -1.12986463e-01 
 2.59863383e-03 -4.64655340e+00 -1.16105465e+00 -1.18552649e-01 
 2.59913383e-03 -4.66698931e+00 -1.16616488e+00 -1.24117666e-01 
 2.59963383e-03 -4.68737916e+00 -1.17126360e+00 -1.29681459e-01 
 2.60013383e-03 -4.70772274e+00 -1.17635075e+00 -1.35243972e-01 
 2.60063383e-03 -4.72801986e+00 -1.18142630e+00 -1.40805152e-01 
 2.60113383e-03 -4.74827032e+00 -1.18649019e+00 -1.46364943e-01 
 2.60163383e-03 -4.76847391e+00 -1.19154237e+00 -1.51923290e-01 
 2.60213383e-03 -4.78863044e+00 -1.19658279e+00 -1.57480138e-01 
 2.60263383e-03 -4.80873971e+00 -1.20161140e+00 -1.63035434e-01 
 2.60313383e-03 -4.82880152e+00 -1.20662815e+00 -1.68589120e-01 
 2.60363383e-03 -4.84881566e+00 -1.21163299e+00 -1.74141144e-01 
 2.60413383e-03 -4.86878196e+00 -1.21662587e+00 -1.79691450e-01 
 2.60463383e-03 -4.88870020e+00 -1.22160675e+00 -1.85239983e-01 
 2.60513383e-03 -4.90857019e+00 -1.22657556e+00 -1.90786689e-01 
 2.60563383e-03 -4.92839174e+00 -1.23153228e+00 -1.96331513e-01 
 2.60613383e-03 -4.94816464e+00 -1.23647683e+00 -2.01874400e-01 
 2.60663383e-03 -4.96788871e+00 -1.24140919e+00 -2.07415295e-01 
 2.60713383e-03 -4.98756375e+00 -1.24632929e+00 -2.12954144e-01 
 2.60763383e-03 -5.00718956e+00 -1.25123709e+00 -2.18490892e-01 
 2.60813383e-03 -5.02676595e+00 -1.25613254e+00 -2.24025485e-01 
 2.60863383e-03 -5.04629273e+00 -1.26101560e+00 -2.29557867e-01 
 2.60913383e-03 -5.06576971e+00 -1.26588621e+00 -2.35087985e-01 
 2.60963383e-03 -5.08519669e+00 -1.27074432e+00 -2.40615783e-01 
 2.61013383e-03 -5.10457348e+00 -1.27558990e+00 -2.46141207e-01 
 2.61063383e-03 -5.12389989e+00 -1.28042288e+00 -2.51664203e-01 
 2.61113383e-03 -5.14317573e+00 -1.28524323e+00 -2.57184716e-01 
 2.61163383e-03 -5.16240080e+00 -1.29005089e+00 -2.62702691e-01 
 2.61213383e-03 -5.18157493e+00 -1.29484582e+00 -2.68218074e-01 
 2.61263383e-03 -5.20069792e+00 -1.29962797e+00 -2.73730811e-01 
 2.61313383e-03 -5.21976958e+00 -1.30439730e+00 -2.79240848e-01 
 2.61363383e-03 -5.23878972e+00 -1.30915375e+00 -2.84748129e-01 
 2.61413383e-03 -5.25775816e+00 -1.31389728e+00 -2.90252600e-01 
 2.61463383e-03 -5.27667470e+00 -1.31862784e+00 -2.95754208e-01 
 2.61513383e-03 -5.29553917e+00 -1.32334539e+00 -3.01252898e-01 
 2.61563383e-03 -5.31435137e+00 -1.32804987e+00 -3.06748615e-01 
 2.61613383e-03 -5.33311112e+00 -1.33274125e+00 -3.12241306e-01 
 2.61663383e-03 -5.35181823e+00 -1.33741948e+00 -3.17730916e-01 
 2.61713383e-03 -5.37047253e+00 -1.34208451e+00 -3.23217390e-01 
 2.61763383e-03 -5.38907382e+00 -1.34673629e+00 -3.28700676e-01 
 2.61813383e-03 -5.40762192e+00 -1.35137478e+00 -3.34180718e-01 
 2.61863383e-03 -5.42611665e+00 -1.35599993e+00 -3.39657463e-01 
 2.61913383e-03 -5.44455783e+00 -1.36061170e+00 -3.45130857e-01 
 2.61963383e-03 -5.46294527e+00 -1.36521004e+00 -3.50600845e-01 
 2.62013383e-03 -5.48127880e+00 -1.36979491e+00 -3.56067373e-01 
 2.62063383e-03 -5.49955822e+00 -1.37436625e+00 -3.61530389e-01 
 2.62113383e-03 -5.51778337e+00 -1.37892404e+00 -3.66989837e-01 
 2.62163383e-03 -5.53595406e+00 -1.38346821e+00 -3.72445663e-01 
 2.62213383e-03 -5.55407012e+00 -1.38799873e+00 -3.77897815e-01 
 2.62263383e-03 -5.57213135e+00 -1.39251555e+00 -3.83346238e-01 
 2.62313383e-03 -5.59013759e+00 -1.39701863e+00 -3.88790878e-01 
 2.62363383e-03 -5.60808866e+00 -1.40150792e+00 -3.94231682e-01 
 2.62413383e-03 -5.62598438e+00 -1.40598338e+00 -3.99668596e-01 
 2.62463383e-03 -5.64382458e+00 -1.41044496e+00 -4.05101566e-01 
 2.62513383e-03 -5.66160907e+00 -1.41489262e+00 -4.10530539e-01 
 2.62563383e-03 -5.67933768e+00 -1.41932632e+00 -4.15955461e-01 
 2.62613383e-03 -5.69701024e+00 -1.42374600e+00 -4.21376279e-01 
 2.62663383e-03 -5.71462657e+00 -1.42815164e+00 -4.26792938e-01 
 2.62713383e-03 -5.73218651e+00 -1.43254318e+00 -4.32205386e-01 
 2.62763383e-03 -5.74968986e+00 -1.43692059e+00 -4.37613570e-01 
 2.62813383e-03 -5.76713648e+00 -1.44128381e+00 -4.43017435e-01 
 2.62863383e-03 -5.78452617e+00 -1.44563281e+00 -4.48416928e-01 
 2.62913383e-03 -5.80185877e+00 -1.44996754e+00 -4.53811997e-01 
 2.62963383e-03 -5.81913411e+00 -1.45428796e+00 -4.59202588e-01 
 2.63013383e-03 -5.83635201e+00 -1.45859402e+00 -4.64588647e-01 
 2.63063383e-03 -5.85351232e+00 -1.46288569e+00 -4.69970122e-01 
 2.63113383e-03 -5.87061485e+00 -1.46716293e+00 -4.75346960e-01 
 2.63163383e-03 -5.88765944e+00 -1.47142568e+00 -4.80719107e-01 
 2.63213383e-03 -5.90464592e+00 -1.47567391e+00 -4.86086510e-01 
 2.63263383e-03 -5.92157413e+00 -1.47990758e+00 -4.91449116e-01 
 2.63313383e-03 -5.93844389e+00 -1.48412664e+00 -4.96806873e-01 
 2.63363383e-03 -5.95525504e+00 -1.48833105e+00 -5.02159728e-01 
 2.63413383e-03 -5.97200742e+00 -1.49252077e+00 -5.07507628e-01 
 2.63463383e-03 -5.98870085e+00 -1.49669577e+00 -5.12850519e-01 
 2.63513383e-03 -6.00533518e+00 -1.50085599e+00 -5.18188350e-01 
 2.63563383e-03 -6.02191024e+00 -1.50500140e+00 -5.23521067e-01 
 2.63613383e-03 -6.03842587e+00 -1.50913196e+00 -5.28848618e-01 
 2.63663383e-03 -6.05488190e+00 -1.51324762e+00 -5.34170951e-01 
 2.63713383e-03 -6.07127816e+00 -1.51734835e+00 -5.39488012e-01 
 2.63763383e-03 -6.08761451e+00 -1.52143410e+00 -5.44799750e-01 
 2.63813383e-03 -6.10389078e+00 -1.52550483e+00 -5.50106112e-01 
 2.63863383e-03 -6.12010680e+00 -1.52956051e+00 -5.55407045e-01 
 2.63913383e-03 -6.13626242e+00 -1.53360110e+00 -5.60702498e-01 
 2.63963383e-03 -6.15235748e+00 -1.53762655e+00 -5.65992417e-01 
 2.64013383e-03 -6.16839181e+00 -1.54163682e+00 -5.71276751e-01 
 2.64063383e-03 -6.18436527e+00 -1.54563188e+00 -5.76555448e-01 
 2.64113383e-03 -6.20027769e+00 -1.54961168e+00 -5.81828456e-01 
 2.64163383e-03 -6.21612891e+00 -1.55357619e+00 -5.87095722e-01 
 2.64213383e-03 -6.23191879e+00 -1.55752537e+00 -5.92357194e-01 
 2.64263383e-03 -6.24764716e+00 -1.56145918e+00 -5.97612821e-01 
 2.64313383e-03 -6.26331386e+00 -1.56537757e+00 -6.02862551e-01 
 2.64363383e-03 -6.27891875e+00 -1.56928052e+00 -6.08106331e-01 
 2.64413383e-03 -6.29446167e+00 -1.57316797e+00 -6.13344111e-01 
 2.64463383e-03 -6.30994247e+00 -1.57703990e+00 -6.18575838e-01 
 2.64513383e-03 -6.32536099e+00 -1.58089627e+00 -6.23801461e-01 
 2.64563383e-03 -6.34071708e+00 -1.58473704e+00 -6.29020929e-01 
 2.64613383e-03 -6.35601059e+00 -1.58856216e+00 -6.34234189e-01 
 2.64663383e-03 -6.37124136e+00 -1.59237161e+00 -6.39441190e-01 
 2.64713383e-03 -6.38640926e+00 -1.59616534e+00 -6.44641881e-01 
 2.64763383e-03 -6.40151413e+00 -1.59994331e+00 -6.49836211e-01 
 2.64813383e-03 -6.41655581e+00 -1.60370550e+00 -6.55024128e-01 
 2.64863383e-03 -6.43153417e+00 -1.60745186e+00 -6.60205581e-01 
 2.64913383e-03 -6.44644905e+00 -1.61118235e+00 -6.65380519e-01 
 2.64963383e-03 -6.46130030e+00 -1.61489695e+00 -6.70548891e-01 
 2.65013383e-03 -6.47608779e+00 -1.61859560e+00 -6.75710646e-01 
 2.65063383e-03 -6.49081136e+00 -1.62227828e+00 -6.80865732e-01 
 2.65113383e-03 -6.50547087e+00 -1.62594495e+00 -6.86014100e-01 
 2.65163383e-03 -6.52006617e+00 -1.62959558e+00 -6.91155698e-01 
 2.65213383e-03 -6.53459712e+00 -1.63323012e+00 -6.96290476e-01 
 2.65263383e-03 -6.54906357e+00 -1.63684854e+00 -7.01418382e-01 
 2.65313383e-03 -6.56346540e+00 -1.64045080e+00 -7.06539367e-01 
 2.65363383e-03 -6.57780244e+00 -1.64403688e+00 -7.11653379e-01 
 2.65413383e-03 -6.59207456e+00 -1.64760673e+00 -7.16760368e-01 
 2.65463383e-03 -6.60628162e+00 -1.65116032e+00 -7.21860284e-01 
 2.65513383e-03 -6.62042348e+00 -1.65469761e+00 -7.26953077e-01 
 2.65563383e-03 -6.63449999e+00 -1.65821858e+00 -7.32038696e-01 
 2.65613383e-03 -6.64851103e+00 -1.66172318e+00 -7.37117091e-01 
 2.65663383e-03 -6.66245645e+00 -1.66521137e+00 -7.42188212e-01 
 2.65713383e-03 -6.67633612e+00 -1.66868314e+00 -7.47252008e-01 
 2.65763383e-03 -6.69014989e+00 -1.67213843e+00 -7.52308431e-01 
 2.65813383e-03 -6.70389763e+00 -1.67557722e+00 -7.57357429e-01 
 2.65863383e-03 -6.71757921e+00 -1.67899948e+00 -7.62398954e-01 
 2.65913383e-03 -6.73119449e+00 -1.68240516e+00 -7.67432955e-01 
 2.65963383e-03 -6.74474333e+00 -1.68579424e+00 -7.72459383e-01 
 2.66013383e-03 -6.75822561e+00 -1.68916668e+00 -7.77478188e-01 
 2.66063383e-03 -6.77164118e+00 -1.69252245e+00 -7.82489320e-01 
 2.66113383e-03 -6.78498992e+00 -1.69586152e+00 -7.87492731e-01 
 2.66163383e-03 -6.79827170e+00 -1.69918385e+00 -7.92488370e-01 
 2.66213383e-03 -6.81148638e+00 -1.70248941e+00 -7.97476188e-01 
 2.66263383e-03 -6.82463383e+00 -1.70577817e+00 -8.02456137e-01 
 2.66313383e-03 -6.83771393e+00 -1.70905009e+00 -8.07428167e-01 
 2.66363383e-03 -6.85072654e+00 -1.71230515e+00 -8.12392229e-01 
 2.66413383e-03 -6.86367154e+00 -1.71554331e+00 -8.17348274e-01 
 2.66463383e-03 -6.87654879e+00 -1.71876453e+00 -8.22296253e-01 
 2.66513383e-03 -6.88935818e+00 -1.72196880e+00 -8.27236117e-01 
 2.66563383e-03 -6.90209957e+00 -1.72515606e+00 -8.32167817e-01 
 2.66613383e-03 -6.91477285e+00 -1.72832631e+00 -8.37091306e-01 
 2.66663383e-03 -6.92737787e+00 -1.73147949e+00 -8.42006534e-01 
 2.66713383e-03 -6.93991453e+00 -1.73461559e+00 -8.46913452e-01 
 2.66763383e-03 -6.95238269e+00 -1.73773456e+00 -8.51812013e-01 
 2.66813383e-03 -6.96478223e+00 -1.74083639e+00 -8.56702167e-01 
 2.66863383e-03 -6.97711303e+00 -1.74392104e+00 -8.61583868e-01 
 2.66913383e-03 -6.98937498e+00 -1.74698847e+00 -8.66457066e-01 
 2.66963383e-03 -7.00156794e+00 -1.75003867e+00 -8.71321713e-01 
 2.67013383e-03 -7.01369179e+00 -1.75307159e+00 -8.76177761e-01 
 2.67063383e-03 -7.02574643e+00 -1.75608721e+00 -8.81025164e-01 
 2.67113383e-03 -7.03773172e+00 -1.75908550e+00 -8.85863871e-01 
 2.67163383e-03 -7.04964756e+00 -1.76206642e+00 -8.90693837e-01 
 2.67213383e-03 -7.06149381e+00 -1.76502996e+00 -8.95515013e-01 
 2.67263383e-03 -7.07327038e+00 -1.76797608e+00 -9.00327351e-01 
 2.67313383e-03 -7.08497713e+00 -1.77090475e+00 -9.05130805e-01 
 2.67363383e-03 -7.09661396e+00 -1.77381594e+00 -9.09925326e-01 
 2.67413383e-03 -7.10818074e+00 -1.77670963e+00 -9.14710868e-01 
 2.67463383e-03 -7.11967737e+00 -1.77958578e+00 -9.19487383e-01 
 2.67513383e-03 -7.13110374e+00 -1.78244437e+00 -9.24254824e-01 
 2.67563383e-03 -7.14245972e+00 -1.78528536e+00 -9.29013144e-01 
 2.67613383e-03 -7.15374521e+00 -1.78810874e+00 -9.33762296e-01 
 2.67663383e-03 -7.16496009e+00 -1.79091447e+00 -9.38502233e-01 
 2.67713383e-03 -7.17610426e+00 -1.79370253e+00 -9.43232909e-01 
 2.67763383e-03 -7.18717761e+00 -1.79647288e+00 -9.47954276e-01 
 2.67813383e-03 -7.19818001e+00 -1.79922550e+00 -9.52666289e-01 
 2.67863383e-03 -7.20911138e+00 -1.80196037e+00 -9.57368900e-01 
 2.67913383e-03 -7.21997160e+00 -1.80467745e+00 -9.62062063e-01 
 2.67963383e-03 -7.23076055e+00 -1.80737672e+00 -9.66745732e-01 
 2.68013383e-03 -7.24147814e+00 -1.81005815e+00 -9.71419861e-01 
 2.68063383e-03 -7.25212427e+00 -1.81272172e+00 -9.76084403e-01 
 2.68113383e-03 -7.26269881e+00 -1.81536740e+00 -9.80739313e-01 
 2.68163383e-03 -7.27320168e+00 -1.81799517e+00 -9.85384544e-01 
 2.68213383e-03 -7.28363276e+00 -1.82060499e+00 -9.90020051e-01 
 2.68263383e-03 -7.29399196e+00 -1.82319684e+00 -9.94645788e-01 
 2.68313383e-03 -7.30427916e+00 -1.82577070e+00 -9.99261709e-01 
 2.68363383e-03 -7.31449428e+00 -1.82832654e+00 -1.00386777e+00 
 2.68413383e-03 -7.32463721e+00 -1.83086434e+00 -1.00846392e+00 
 2.68463383e-03 -7.33470784e+00 -1.83338407e+00 -1.01305012e+00 
 2.68513383e-03 -7.34470609e+00 -1.83588570e+00 -1.01762633e+00 
 2.68563383e-03 -7.35463184e+00 -1.83836922e+00 -1.02219249e+00 
 2.68613383e-03 -7.36448501e+00 -1.84083459e+00 -1.02674856e+00 
 2.68663383e-03 -7.37426549e+00 -1.84328179e+00 -1.03129450e+00 
 2.68713383e-03 -7.38397319e+00 -1.84571080e+00 -1.03583027e+00 
 2.68763383e-03 -7.39360802e+00 -1.84812160e+00 -1.04035581e+00 
 2.68813383e-03 -7.40316987e+00 -1.85051416e+00 -1.04487108e+00 
 2.68863383e-03 -7.41265866e+00 -1.85288845e+00 -1.04937605e+00 
 2.68913383e-03 -7.42207429e+00 -1.85524446e+00 -1.05387066e+00 
 2.68963383e-03 -7.43141666e+00 -1.85758216e+00 -1.05835486e+00 
 2.69013383e-03 -7.44068569e+00 -1.85990152e+00 -1.06282863e+00 
 2.69063383e-03 -7.44988128e+00 -1.86220253e+00 -1.06729190e+00 
 2.69113383e-03 -7.45900335e+00 -1.86448516e+00 -1.07174464e+00 
 2.69163383e-03 -7.46805179e+00 -1.86674939e+00 -1.07618681e+00 
 2.69213383e-03 -7.47702654e+00 -1.86899520e+00 -1.08061835e+00 
 2.69263383e-03 -7.48592748e+00 -1.87122256e+00 -1.08503923e+00 
 2.69313383e-03 -7.49475454e+00 -1.87343146e+00 -1.08944941e+00 
 2.69363383e-03 -7.50350764e+00 -1.87562186e+00 -1.09384883e+00 
 2.69413383e-03 -7.51218667e+00 -1.87779375e+00 -1.09823746e+00 
 2.69463383e-03 -7.52079157e+00 -1.87994712e+00 -1.10261524e+00 
 2.69513383e-03 -7.52932223e+00 -1.88208192e+00 -1.10698215e+00 
 2.69563383e-03 -7.53777859e+00 -1.88419816e+00 -1.11133814e+00 
 2.69613383e-03 -7.54616055e+00 -1.88629580e+00 -1.11568315e+00 
 2.69663383e-03 -7.55446803e+00 -1.88837482e+00 -1.12001716e+00 
 2.69713383e-03 -7.56270095e+00 -1.89043520e+00 -1.12434011e+00 
 2.69763383e-03 -7.57085924e+00 -1.89247693e+00 -1.12865197e+00 
 2.69813383e-03 -7.57894280e+00 -1.89449998e+00 -1.13295269e+00 
 2.69863383e-03 -7.58695156e+00 -1.89650434e+00 -1.13724222e+00 
 2.69913383e-03 -7.59488544e+00 -1.89848997e+00 -1.14152054e+00 
 2.69963383e-03 -7.60274436e+00 -1.90045687e+00 -1.14578759e+00 
 2.70013383e-03 -7.61052825e+00 -1.90240502e+00 -1.15004333e+00 
 2.70063383e-03 -7.61823702e+00 -1.90433439e+00 -1.15428773e+00 
 2.70113383e-03 -7.62587060e+00 -1.90624496e+00 -1.15852073e+00 
 2.70163383e-03 -7.63342892e+00 -1.90813672e+00 -1.16274230e+00 
 2.70213383e-03 -7.64091190e+00 -1.91000966e+00 -1.16695239e+00 
 2.70263383e-03 -7.64831947e+00 -1.91186374e+00 -1.17115097e+00 
 2.70313383e-03 -7.65565155e+00 -1.91369895e+00 -1.17533799e+00 
 2.70363383e-03 -7.66290808e+00 -1.91551527e+00 -1.17951341e+00 
 2.70413383e-03 -7.67008897e+00 -1.91731269e+00 -1.18367720e+00 
 2.70463383e-03 -7.67719416e+00 -1.91909119e+00 -1.18782930e+00 
 2.70513383e-03 -7.68422359e+00 -1.92085075e+00 -1.19196967e+00 
 2.70563383e-03 -7.69117717e+00 -1.92259135e+00 -1.19609829e+00 
 2.70613383e-03 -7.69805484e+00 -1.92431298e+00 -1.20021510e+00 
 2.70663383e-03 -7.70485654e+00 -1.92601561e+00 -1.20432007e+00 
 2.70713383e-03 -7.71158219e+00 -1.92769924e+00 -1.20841315e+00 
 2.70763383e-03 -7.71823173e+00 -1.92936384e+00 -1.21249431e+00 
 2.70813383e-03 -7.72480510e+00 -1.93100941e+00 -1.21656350e+00 
 2.70863383e-03 -7.73130223e+00 -1.93263591e+00 -1.22062068e+00 
 2.70913383e-03 -7.73772305e+00 -1.93424334e+00 -1.22466582e+00 
 2.70963383e-03 -7.74406750e+00 -1.93583168e+00 -1.22869888e+00 
 2.71013383e-03 -7.75033552e+00 -1.93740092e+00 -1.23271980e+00 
 2.71063383e-03 -7.75652705e+00 -1.93895103e+00 -1.23672857e+00 
 2.71113383e-03 -7.76264203e+00 -1.94048201e+00 -1.24072513e+00 
 2.71163383e-03 -7.76868039e+00 -1.94199384e+00 -1.24470944e+00 
 2.71213383e-03 -7.77464208e+00 -1.94348650e+00 -1.24868147e+00 
 2.71263383e-03 -7.78052704e+00 -1.94495999e+00 -1.25264118e+00 
 2.71313383e-03 -7.78633520e+00 -1.94641427e+00 -1.25658852e+00 
 2.71363383e-03 -7.79206652e+00 -1.94784935e+00 -1.26052347e+00 
 2.71413383e-03 -7.79772093e+00 -1.94926520e+00 -1.26444597e+00 
 2.71463383e-03 -7.80329838e+00 -1.95066182e+00 -1.26835600e+00 
 2.71513383e-03 -7.80879882e+00 -1.95203919e+00 -1.27225351e+00 
 2.71563383e-03 -7.81422219e+00 -1.95339729e+00 -1.27613846e+00 
 2.71613383e-03 -7.81956843e+00 -1.95473611e+00 -1.28001082e+00 
 2.71663383e-03 -7.82483750e+00 -1.95605564e+00 -1.28387055e+00 
 2.71713383e-03 -7.83002934e+00 -1.95735586e+00 -1.28771761e+00 
 2.71763383e-03 -7.83514390e+00 -1.95863677e+00 -1.29155196e+00 
 2.71813383e-03 -7.84018113e+00 -1.95989835e+00 -1.29537357e+00 
 2.71863383e-03 -7.84514098e+00 -1.96114058e+00 -1.29918239e+00 
 2.71913383e-03 -7.85002340e+00 -1.96236346e+00 -1.30297839e+00 
 2.71963383e-03 -7.85482835e+00 -1.96356697e+00 -1.30676153e+00 
 2.72013383e-03 -7.85955577e+00 -1.96475111e+00 -1.31053178e+00 
 2.72063383e-03 -7.86420562e+00 -1.96591585e+00 -1.31428909e+00 
 2.72113383e-03 -7.86877786e+00 -1.96706119e+00 -1.31803343e+00 
 2.72163383e-03 -7.87327243e+00 -1.96818712e+00 -1.32176477e+00 
 2.72213383e-03 -7.87768930e+00 -1.96929362e+00 -1.32548306e+00 
 2.72263383e-03 -7.88202842e+00 -1.97038069e+00 -1.32918827e+00 
 2.72313383e-03 -7.88628974e+00 -1.97144831e+00 -1.33288036e+00 
 2.72363383e-03 -7.89047323e+00 -1.97249648e+00 -1.33655930e+00 
 2.72413383e-03 -7.89457885e+00 -1.97352518e+00 -1.34022505e+00 
 2.72463383e-03 -7.89860655e+00 -1.97453440e+00 -1.34387758e+00 
 2.72513383e-03 -7.90255629e+00 -1.97552413e+00 -1.34751684e+00 
 2.72563383e-03 -7.90642804e+00 -1.97649437e+00 -1.35114280e+00 
 2.72613383e-03 -7.91022175e+00 -1.97744510e+00 -1.35475543e+00 
 2.72663383e-03 -7.91393740e+00 -1.97837631e+00 -1.35835469e+00 
 2.72713383e-03 -7.91757493e+00 -1.97928800e+00 -1.36194054e+00 
 2.72763383e-03 -7.92113433e+00 -1.98018016e+00 -1.36551296e+00 
 2.72813383e-03 -7.92461554e+00 -1.98105277e+00 -1.36907189e+00 
 2.72863383e-03 -7.92801854e+00 -1.98190583e+00 -1.37261732e+00 
 2.72913383e-03 -7.93134330e+00 -1.98273933e+00 -1.37614920e+00 
 2.72963383e-03 -7.93458978e+00 -1.98355326e+00 -1.37966750e+00 
 2.73013383e-03 -7.93775794e+00 -1.98434762e+00 -1.38317219e+00 
 2.73063383e-03 -7.94084776e+00 -1.98512239e+00 -1.38666322e+00 
 2.73113383e-03 -7.94385921e+00 -1.98587757e+00 -1.39014057e+00 
 2.73163383e-03 -7.94679226e+00 -1.98661315e+00 -1.39360420e+00 
 2.73213383e-03 -7.94964688e+00 -1.98732913e+00 -1.39705408e+00 
 2.73263383e-03 -7.95242303e+00 -1.98802549e+00 -1.40049017e+00 
 2.73313383e-03 -7.95512070e+00 -1.98870223e+00 -1.40391245e+00 
 2.73363383e-03 -7.95773986e+00 -1.98935934e+00 -1.40732086e+00 
 2.73413383e-03 -7.96028047e+00 -1.98999682e+00 -1.41071539e+00 
 2.73463383e-03 -7.96274252e+00 -1.99061466e+00 -1.41409599e+00 
 2.73513383e-03 -7.96512598e+00 -1.99121286e+00 -1.41746265e+00 
 2.73563383e-03 -7.96743083e+00 -1.99179140e+00 -1.42081531e+00 
 2.73613383e-03 -7.96965704e+00 -1.99235028e+00 -1.42415395e+00 
 2.73663383e-03 -7.97180460e+00 -1.99288950e+00 -1.42747853e+00 
 2.73713383e-03 -7.97387348e+00 -1.99340906e+00 -1.43078903e+00 
 2.73763383e-03 -7.97586366e+00 -1.99390894e+00 -1.43408541e+00 
 2.73813383e-03 -7.97777512e+00 -1.99438914e+00 -1.43736764e+00 
 2.73863383e-03 -7.97960784e+00 -1.99484965e+00 -1.44063568e+00 
 2.73913383e-03 -7.98136181e+00 -1.99529048e+00 -1.44388950e+00 
 2.73963383e-03 -7.98303700e+00 -1.99571162e+00 -1.44712908e+00 
 2.74013383e-03 -7.98463341e+00 -1.99611306e+00 -1.45035437e+00 
 2.74063383e-03 -7.98615101e+00 -1.99649480e+00 -1.45356535e+00 
 2.74113383e-03 -7.98758979e+00 -1.99685683e+00 -1.45676199e+00 
 2.74163383e-03 -7.98894973e+00 -1.99719916e+00 -1.45994425e+00 
 2.74213383e-03 -7.99023083e+00 -1.99752178e+00 -1.46311210e+00 
 2.74263383e-03 -7.99143307e+00 -1.99782468e+00 -1.46626551e+00 
 2.74313383e-03 -7.99255643e+00 -1.99810786e+00 -1.46940445e+00 
 2.74363383e-03 -7.99360091e+00 -1.99837133e+00 -1.47252890e+00 
 2.74413383e-03 -7.99456650e+00 -1.99861507e+00 -1.47563881e+00 
 2.74463383e-03 -7.99545319e+00 -1.99883908e+00 -1.47873415e+00 
 2.74513383e-03 -7.99626096e+00 -1.99904337e+00 -1.48181491e+00 
 2.74563383e-03 -7.99698981e+00 -1.99922793e+00 -1.48488104e+00 
 2.74613383e-03 -7.99763974e+00 -1.99939276e+00 -1.48793251e+00 
 2.74663383e-03 -7.99821073e+00 -1.99953785e+00 -1.49096931e+00 
 2.74713383e-03 -7.99870279e+00 -1.99966321e+00 -1.49399138e+00 
 2.74763383e-03 -7.99911590e+00 -1.99976884e+00 -1.49699872e+00 
 2.74813383e-03 -7.99945006e+00 -1.99985473e+00 -1.49999128e+00 
 2.74863383e-03 -7.99970527e+00 -1.99992088e+00 -1.50296904e+00 
 2.74913383e-03 -7.99988153e+00 -1.99996729e+00 -1.50593197e+00 
 2.74963383e-03 -7.99997883e+00 -1.99999396e+00 -1.50888003e+00 
 2.75013383e-03 -7.99999717e+00 -2.00000090e+00 -1.51181320e+00 
 2.75063383e-03 -7.99993656e+00 -1.99998809e+00 -1.51473146e+00 
 2.75113383e-03 -7.99979699e+00 -1.99995555e+00 -1.51763476e+00 
 2.75163383e-03 -7.99957847e+00 -1.99990327e+00 -1.52052309e+00 
 2.75213383e-03 -7.99928099e+00 -1.99983124e+00 -1.52339642e+00 
 2.75263383e-03 -7.99890457e+00 -1.99973949e+00 -1.52625470e+00 
 2.75313383e-03 -7.99844919e+00 -1.99962799e+00 -1.52909793e+00 
 2.75363383e-03 -7.99791488e+00 -1.99949676e+00 -1.53192607e+00 
 2.75413383e-03 -7.99730163e+00 -1.99934580e+00 -1.53473909e+00 
 2.75463383e-03 -7.99660945e+00 -1.99917510e+00 -1.53753696e+00 
 2.75513383e-03 -7.99583835e+00 -1.99898467e+00 -1.54031966e+00 
 2.75563383e-03 -7.99498833e+00 -1.99877451e+00 -1.54308716e+00 
 2.75613383e-03 -7.99405941e+00 -1.99854463e+00 -1.54583943e+00 
 2.75663383e-03 -7.99305158e+00 -1.99829502e+00 -1.54857644e+00 
 2.75713383e-03 -7.99196487e+00 -1.99802569e+00 -1.55129817e+00 
 2.75763383e-03 -7.99079928e+00 -1.99773664e+00 -1.55400459e+00 
 2.75813383e-03 -7.98955483e+00 -1.99742787e+00 -1.55669568e+00 
 2.75863383e-03 -7.98823152e+00 -1.99709939e+00 -1.55937140e+00 
 2.75913383e-03 -7.98682937e+00 -1.99675119e+00 -1.56203174e+00 
 2.75963383e-03 -7.98534839e+00 -1.99638329e+00 -1.56467666e+00 
 2.76013383e-03 -7.98378860e+00 -1.99599569e+00 -1.56730614e+00 
 2.76063383e-03 -7.98215002e+00 -1.99558839e+00 -1.56992015e+00 
 2.76113383e-03 -7.98043265e+00 -1.99516139e+00 -1.57251866e+00 
 2.76163383e-03 -7.97863652e+00 -1.99471469e+00 -1.57510166e+00 
 2.76213383e-03 -7.97676165e+00 -1.99424832e+00 -1.57766912e+00 
 2.76263383e-03 -7.97480804e+00 -1.99376225e+00 -1.58022100e+00 
 2.76313383e-03 -7.97277573e+00 -1.99325652e+00 -1.58275729e+00 
 2.76363383e-03 -7.97066473e+00 -1.99273110e+00 -1.58527796e+00 
 2.76413383e-03 -7.96847507e+00 -1.99218602e+00 -1.58778299e+00 
 2.76463383e-03 -7.96620675e+00 -1.99162128e+00 -1.59027234e+00 
 2.76513383e-03 -7.96385982e+00 -1.99103688e+00 -1.59274601e+00 
 2.76563383e-03 -7.96143428e+00 -1.99043283e+00 -1.59520395e+00 
 2.76613383e-03 -7.95893017e+00 -1.98980914e+00 -1.59764615e+00 
 2.76663383e-03 -7.95634751e+00 -1.98916581e+00 -1.60007258e+00 
 2.76713383e-03 -7.95368632e+00 -1.98850284e+00 -1.60248323e+00 
 2.76763383e-03 -7.95094663e+00 -1.98782025e+00 -1.60487805e+00 
 2.76813383e-03 -7.94812847e+00 -1.98711804e+00 -1.60725704e+00 
 2.76863383e-03 -7.94523187e+00 -1.98639621e+00 -1.60962017e+00 
 2.76913383e-03 -7.94225684e+00 -1.98565478e+00 -1.61196742e+00 
 2.76963383e-03 -7.93920343e+00 -1.98489376e+00 -1.61429875e+00 
 2.77013383e-03 -7.93607167e+00 -1.98411314e+00 -1.61661416e+00 
 2.77063383e-03 -7.93286158e+00 -1.98331294e+00 -1.61891361e+00 
 2.77113383e-03 -7.92957319e+00 -1.98249316e+00 -1.62119708e+00 
 2.77163383e-03 -7.92620654e+00 -1.98165382e+00 -1.62346455e+00 
 2.77213383e-03 -7.92276167e+00 -1.98079492e+00 -1.62571601e+00 
 2.77263383e-03 -7.91923860e+00 -1.97991647e+00 -1.62795141e+00 
 2.77313383e-03 -7.91563737e+00 -1.97901848e+00 -1.63017076e+00 
 2.77363383e-03 -7.91195801e+00 -1.97810095e+00 -1.63237401e+00 
 2.77413383e-03 -7.90820057e+00 -1.97716390e+00 -1.63456116e+00 
 2.77463383e-03 -7.90436508e+00 -1.97620734e+00 -1.63673217e+00 
 2.77513383e-03 -7.90045157e+00 -1.97523127e+00 -1.63888703e+00 
 2.77563383e-03 -7.89646009e+00 -1.97423571e+00 -1.64102572e+00 
 2.77613383e-03 -7.89239068e+00 -1.97322066e+00 -1.64314821e+00 
 2.77663383e-03 -7.88824337e+00 -1.97218614e+00 -1.64525449e+00 
 2.77713383e-03 -7.88401820e+00 -1.97113215e+00 -1.64734453e+00 
 2.77763383e-03 -7.87971523e+00 -1.97005871e+00 -1.64941831e+00 
 2.77813383e-03 -7.87533448e+00 -1.96896582e+00 -1.65147581e+00 
 2.77863383e-03 -7.87087601e+00 -1.96785350e+00 -1.65351702e+00 
 2.77913383e-03 -7.86633986e+00 -1.96672176e+00 -1.65554191e+00 
 2.77963383e-03 -7.86172607e+00 -1.96557060e+00 -1.65755046e+00 
 2.78013383e-03 -7.85703468e+00 -1.96440005e+00 -1.65954265e+00 
 2.78063383e-03 -7.85226576e+00 -1.96321011e+00 -1.66151846e+00 
 2.78113383e-03 -7.84741933e+00 -1.96200079e+00 -1.66347788e+00 
 2.78163383e-03 -7.84249545e+00 -1.96077210e+00 -1.66542088e+00 
 2.78213383e-03 -7.83749417e+00 -1.95952407e+00 -1.66734744e+00 
 2.78263383e-03 -7.83241553e+00 -1.95825669e+00 -1.66925755e+00 
 2.78313383e-03 -7.82725960e+00 -1.95696998e+00 -1.67115119e+00 
 2.78363383e-03 -7.82202641e+00 -1.95566396e+00 -1.67302833e+00 
 2.78413383e-03 -7.81671602e+00 -1.95433864e+00 -1.67488896e+00 
 2.78463383e-03 -7.81132848e+00 -1.95299403e+00 -1.67673306e+00 
 2.78513383e-03 -7.80586385e+00 -1.95163015e+00 -1.67856062e+00 
 2.78563383e-03 -7.80032218e+00 -1.95024700e+00 -1.68037161e+00 
 2.78613383e-03 -7.79470352e+00 -1.94884460e+00 -1.68216601e+00 
 2.78663383e-03 -7.78900793e+00 -1.94742297e+00 -1.68394382e+00 
 2.78713383e-03 -7.78323547e+00 -1.94598211e+00 -1.68570500e+00 
 2.78763383e-03 -7.77738619e+00 -1.94452205e+00 -1.68744955e+00 
 2.78813383e-03 -7.77146015e+00 -1.94304280e+00 -1.68917745e+00 
 2.78863383e-03 -7.76545741e+00 -1.94154437e+00 -1.69088868e+00 
 2.78913383e-03 -7.75937803e+00 -1.94002678e+00 -1.69258322e+00 
 2.78963383e-03 -7.75322206e+00 -1.93849003e+00 -1.69426105e+00 
 2.79013383e-03 -7.74698957e+00 -1.93693416e+00 -1.69592217e+00 
 2.79063383e-03 -7.74068063e+00 -1.93535917e+00 -1.69756654e+00 
 2.79113383e-03 -7.73429528e+00 -1.93376508e+00 -1.69919417e+00 
 2.79163383e-03 -7.72783361e+00 -1.93215190e+00 -1.70080502e+00 
 2.79213383e-03 -7.72129566e+00 -1.93051965e+00 -1.70239909e+00 
 2.79263383e-03 -7.71468150e+00 -1.92886835e+00 -1.70397636e+00 
 2.79313383e-03 -7.70799121e+00 -1.92719800e+00 -1.70553682e+00 
 2.79363383e-03 -7.70122484e+00 -1.92550864e+00 -1.70708044e+00 
 2.79413383e-03 -7.69438246e+00 -1.92380028e+00 -1.70860721e+00 
 2.79463383e-03 -7.68746414e+00 -1.92207292e+00 -1.71011712e+00 
 2.79513383e-03 -7.68046995e+00 -1.92032660e+00 -1.71161016e+00 
 2.79563383e-03 -7.67339996e+00 -1.91856132e+00 -1.71308630e+00 
 2.79613383e-03 -7.66625423e+00 -1.91677710e+00 -1.71454554e+00 
 2.79663383e-03 -7.65903284e+00 -1.91497397e+00 -1.71598785e+00 
 2.79713383e-03 -7.65173586e+00 -1.91315194e+00 -1.71741323e+00 
 2.79763383e-03 -7.64436336e+00 -1.91131102e+00 -1.71882167e+00 
 2.79813383e-03 -7.63691541e+00 -1.90945124e+00 -1.72021313e+00 
 2.79863383e-03 -7.62939209e+00 -1.90757261e+00 -1.72158763e+00 
 2.79913383e-03 -7.62179347e+00 -1.90567516e+00 -1.72294513e+00 
 2.79963383e-03 -7.61411963e+00 -1.90375889e+00 -1.72428562e+00 
 2.80013383e-03 -7.60637064e+00 -1.90182384e+00 -1.72560911e+00 
 2.80063383e-03 -7.59854657e+00 -1.89987002e+00 -1.72691556e+00 
 2.80113383e-03 -7.59064751e+00 -1.89789744e+00 -1.72820496e+00 
 2.80163383e-03 -7.58267354e+00 -1.89590613e+00 -1.72947732e+00 
 2.80213383e-03 -7.57462472e+00 -1.89389611e+00 -1.73073260e+00 
 2.80263383e-03 -7.56650115e+00 -1.89186740e+00 -1.73197080e+00 
 2.80313383e-03 -7.55830290e+00 -1.88982001e+00 -1.73319191e+00 
 2.80363383e-03 -7.55003005e+00 -1.88775398e+00 -1.73439592e+00 
 2.80413383e-03 -7.54168269e+00 -1.88566931e+00 -1.73558281e+00 
 2.80463383e-03 -7.53326089e+00 -1.88356602e+00 -1.73675257e+00 
 2.80513383e-03 -7.52476475e+00 -1.88144415e+00 -1.73790519e+00 
 2.80563383e-03 -7.51619433e+00 -1.87930371e+00 -1.73904066e+00 
 2.80613383e-03 -7.50754974e+00 -1.87714472e+00 -1.74015897e+00 
 2.80663383e-03 -7.49883105e+00 -1.87496720e+00 -1.74126010e+00 
 2.80713383e-03 -7.49003835e+00 -1.87277118e+00 -1.74234405e+00 
 2.80763383e-03 -7.48117172e+00 -1.87055667e+00 -1.74341080e+00 
 2.80813383e-03 -7.47223126e+00 -1.86832371e+00 -1.74446035e+00 
 2.80863383e-03 -7.46321705e+00 -1.86607230e+00 -1.74549268e+00 
 2.80913383e-03 -7.45412918e+00 -1.86380247e+00 -1.74650778e+00 
 2.80963383e-03 -7.44496774e+00 -1.86151425e+00 -1.74750565e+00 
 2.81013383e-03 -7.43573283e+00 -1.85920765e+00 -1.74848627e+00 
 2.81063383e-03 -7.42642452e+00 -1.85688270e+00 -1.74944964e+00 
 2.81113383e-03 -7.41704292e+00 -1.85453943e+00 -1.75039574e+00 
 2.81163383e-03 -7.40758812e+00 -1.85217785e+00 -1.75132456e+00 
 2.81213383e-03 -7.39806021e+00 -1.84979800e+00 -1.75223611e+00 
 2.81263383e-03 -7.38845928e+00 -1.84739988e+00 -1.75313036e+00 
 2.81313383e-03 -7.37878543e+00 -1.84498353e+00 -1.75400730e+00 
 2.81363383e-03 -7.36903875e+00 -1.84254897e+00 -1.75486694e+00 
 2.81413383e-03 -7.35921934e+00 -1.84009623e+00 -1.75570926e+00 
 2.81463383e-03 -7.34932731e+00 -1.83762532e+00 -1.75653425e+00 
 2.81513383e-03 -7.33936273e+00 -1.83513628e+00 -1.75734190e+00 
 2.81563383e-03 -7.32932572e+00 -1.83262912e+00 -1.75813222e+00 
 2.81613383e-03 -7.31921638e+00 -1.83010388e+00 -1.75890518e+00 
 2.81663383e-03 -7.30903479e+00 -1.82756057e+00 -1.75966078e+00 
 2.81713383e-03 -7.29878107e+00 -1.82499923e+00 -1.76039902e+00 
 2.81763383e-03 -7.28845531e+00 -1.82241987e+00 -1.76111988e+00 
 2.81813383e-03 -7.27805762e+00 -1.81982253e+00 -1.76182336e+00 
 2.81863383e-03 -7.26758810e+00 -1.81720722e+00 -1.76250945e+00 
 2.81913383e-03 -7.25704685e+00 -1.81457398e+00 -1.76317815e+00 
 2.81963383e-03 -7.24643397e+00 -1.81192283e+00 -1.76382945e+00 
 2.82013383e-03 -7.23574958e+00 -1.80925380e+00 -1.76446334e+00 
 2.82063383e-03 -7.22499377e+00 -1.80656691e+00 -1.76507982e+00 
 2.82113383e-03 -7.21416665e+00 -1.80386219e+00 -1.76567888e+00 
 2.82163383e-03 -7.20326833e+00 -1.80113966e+00 -1.76626051e+00 
 2.82213383e-03 -7.19229892e+00 -1.79839936e+00 -1.76682471e+00 
 2.82263383e-03 -7.18125853e+00 -1.79564131e+00 -1.76737148e+00 
 2.82313383e-03 -7.17014725e+00 -1.79286553e+00 -1.76790080e+00 
 2.82363383e-03 -7.15896522e+00 -1.79007206e+00 -1.76841268e+00 
 2.82413383e-03 -7.14771252e+00 -1.78726092e+00 -1.76890710e+00 
 2.82463383e-03 -7.13638928e+00 -1.78443215e+00 -1.76938406e+00 
 2.82513383e-03 -7.12499561e+00 -1.78158576e+00 -1.76984356e+00 
 2.82563383e-03 -7.11353161e+00 -1.77872178e+00 -1.77028560e+00 
 2.82613383e-03 -7.10199741e+00 -1.77584025e+00 -1.77071016e+00 
 2.82663383e-03 -7.09039312e+00 -1.77294120e+00 -1.77111725e+00 
 2.82713383e-03 -7.07871884e+00 -1.77002464e+00 -1.77150686e+00 
 2.82763383e-03 -7.06697470e+00 -1.76709062e+00 -1.77187899e+00 
 2.82813383e-03 -7.05516082e+00 -1.76413915e+00 -1.77223362e+00 
 2.82863383e-03 -7.04327730e+00 -1.76117027e+00 -1.77257077e+00 
 2.82913383e-03 -7.03132427e+00 -1.75818401e+00 -1.77289043e+00 
 2.82963383e-03 -7.01930184e+00 -1.75518040e+00 -1.77319259e+00 
 2.83013383e-03 -7.00721013e+00 -1.75215946e+00 -1.77347724e+00 
 2.83063383e-03 -6.99504926e+00 -1.74912123e+00 -1.77374440e+00 
 2.83113383e-03 -6.98281936e+00 -1.74606574e+00 -1.77399405e+00 
 2.83163383e-03 -6.97052054e+00 -1.74299301e+00 -1.77422619e+00 
 2.83213383e-03 -6.95815292e+00 -1.73990308e+00 -1.77444082e+00 
 2.83263383e-03 -6.94571663e+00 -1.73679598e+00 -1.77463794e+00 
 2.83313383e-03 -6.93321179e+00 -1.73367174e+00 -1.77481755e+00 
 2.83363383e-03 -6.92063852e+00 -1.73053038e+00 -1.77497964e+00 
 2.83413383e-03 -6.90799694e+00 -1.72737195e+00 -1.77512421e+00 
 2.83463383e-03 -6.89528719e+00 -1.72419646e+00 -1.77525127e+00 
 2.83513383e-03 -6.88250938e+00 -1.72100396e+00 -1.77536080e+00 
 2.83563383e-03 -6.86966365e+00 -1.71779448e+00 -1.77545281e+00 
 2.83613383e-03 -6.85675011e+00 -1.71456804e+00 -1.77552730e+00 
 2.83663383e-03 -6.84376890e+00 -1.71132467e+00 -1.77558427e+00 
 2.83713383e-03 -6.83072015e+00 -1.70806442e+00 -1.77562371e+00 
 2.83763383e-03 -6.81760397e+00 -1.70478731e+00 -1.77564563e+00 
 2.83813383e-03 -6.80442052e+00 -1.70149337e+00 -1.77565003e+00 
 2.83863383e-03 -6.79116990e+00 -1.69818264e+00 -1.77563690e+00 
 2.83913383e-03 -6.77785226e+00 -1.69485514e+00 -1.77560625e+00 
 2.83963383e-03 -6.76446772e+00 -1.69151092e+00 -1.77555807e+00 
 2.84013383e-03 -6.75101643e+00 -1.68815001e+00 -1.77549237e+00 
 2.84063383e-03 -6.73749850e+00 -1.68477243e+00 -1.77540915e+00 
 2.84113383e-03 -6.72391407e+00 -1.68137823e+00 -1.77530841e+00 
 2.84163383e-03 -6.71026329e+00 -1.67796743e+00 -1.77519014e+00 
 2.84213383e-03 -6.69654627e+00 -1.67454007e+00 -1.77505436e+00 
 2.84263383e-03 -6.68276317e+00 -1.67109618e+00 -1.77490105e+00 
 2.84313383e-03 -6.66891410e+00 -1.66763580e+00 -1.77473023e+00 
 2.84363383e-03 -6.65499922e+00 -1.66415896e+00 -1.77454190e+00 
 2.84413383e-03 -6.64101866e+00 -1.66066570e+00 -1.77433605e+00 
 2.84463383e-03 -6.62697255e+00 -1.65715604e+00 -1.77411269e+00 
 2.84513383e-03 -6.61286103e+00 -1.65363003e+00 -1.77387182e+00 
 2.84563383e-03 -6.59868425e+00 -1.65008770e+00 -1.77361345e+00 
 2.84613383e-03 -6.58444235e+00 -1.64652908e+00 -1.77333757e+00 
 2.84663383e-03 -6.57013545e+00 -1.64295421e+00 -1.77304419e+00 
 2.84713383e-03 -6.55576372e+00 -1.63936313e+00 -1.77273331e+00 
 2.84763383e-03 -6.54132728e+00 -1.63575586e+00 -1.77240494e+00 
 2.84813383e-03 -6.52682628e+00 -1.63213246e+00 -1.77205907e+00 
 2.84863383e-03 -6.51226086e+00 -1.62849294e+00 -1.77169572e+00 
 2.84913383e-03 -6.49763117e+00 -1.62483735e+00 -1.77131488e+00 
 2.84963383e-03 -6.48293735e+00 -1.62116572e+00 -1.77091656e+00 
 2.85013383e-03 -6.46817954e+00 -1.61747809e+00 -1.77050076e+00 
 2.85063383e-03 -6.45335790e+00 -1.61377450e+00 -1.77006749e+00 
 2.85113383e-03 -6.43847257e+00 -1.61005499e+00 -1.76961674e+00 
 2.85163383e-03 -6.42352369e+00 -1.60631958e+00 -1.76914854e+00 
 2.85213383e-03 -6.40851141e+00 -1.60256831e+00 -1.76866287e+00 
 2.85263383e-03 -6.39343589e+00 -1.59880123e+00 -1.76815975e+00 
 2.85313383e-03 -6.37829726e+00 -1.59501837e+00 -1.76763918e+00 
 2.85363383e-03 -6.36309568e+00 -1.59121977e+00 -1.76710116e+00 
 2.85413383e-03 -6.34783130e+00 -1.58740547e+00 -1.76654571e+00 
 2.85463383e-03 -6.33250427e+00 -1.58357549e+00 -1.76597282e+00 
 2.85513383e-03 -6.31711474e+00 -1.57972989e+00 -1.76538250e+00 
 2.85563383e-03 -6.30166287e+00 -1.57586869e+00 -1.76477476e+00 
 2.85613383e-03 -6.28614880e+00 -1.57199195e+00 -1.76414960e+00 
 2.85663383e-03 -6.27057268e+00 -1.56809968e+00 -1.76350703e+00 
 2.85713383e-03 -6.25493468e+00 -1.56419194e+00 -1.76284705e+00 
 2.85763383e-03 -6.23923495e+00 -1.56026877e+00 -1.76216968e+00 
 2.85813383e-03 -6.22347363e+00 -1.55633019e+00 -1.76147492e+00 
 2.85863383e-03 -6.20765090e+00 -1.55237625e+00 -1.76076277e+00 
 2.85913383e-03 -6.19176689e+00 -1.54840699e+00 -1.76003324e+00 
 2.85963383e-03 -6.17582178e+00 -1.54442245e+00 -1.75928635e+00 
 2.86013383e-03 -6.15981571e+00 -1.54042267e+00 -1.75852209e+00 
 2.86063383e-03 -6.14374885e+00 -1.53640768e+00 -1.75774048e+00 
 2.86113383e-03 -6.12762135e+00 -1.53237753e+00 -1.75694152e+00 
 2.86163383e-03 -6.11143338e+00 -1.52833225e+00 -1.75612522e+00 
 2.86213383e-03 -6.09518509e+00 -1.52427189e+00 -1.75529159e+00 
 2.86263383e-03 -6.07887664e+00 -1.52019649e+00 -1.75444063e+00 
 2.86313383e-03 -6.06250819e+00 -1.51610608e+00 -1.75357237e+00 
 2.86363383e-03 -6.04607991e+00 -1.51200071e+00 -1.75268679e+00 
 2.86413383e-03 -6.02959196e+00 -1.50788042e+00 -1.75178392e+00 
 2.86463383e-03 -6.01304450e+00 -1.50374524e+00 -1.75086376e+00 
 2.86513383e-03 -5.99643769e+00 -1.49959523e+00 -1.74992631e+00 
 2.86563383e-03 -5.97977170e+00 -1.49543041e+00 -1.74897160e+00 
 2.86613383e-03 -5.96304669e+00 -1.49125083e+00 -1.74799963e+00 
 2.86663383e-03 -5.94626283e+00 -1.48705654e+00 -1.74701041e+00 
 2.86713383e-03 -5.92942028e+00 -1.48284757e+00 -1.74600394e+00 
 2.86763383e-03 -5.91251921e+00 -1.47862396e+00 -1.74498024e+00 
 2.86813383e-03 -5.89555978e+00 -1.47438576e+00 -1.74393932e+00 
 2.86863383e-03 -5.87854217e+00 -1.47013301e+00 -1.74288119e+00 
 2.86913383e-03 -5.86146654e+00 -1.46586575e+00 -1.74180586e+00 
 2.86963383e-03 -5.84433306e+00 -1.46158402e+00 -1.74071334e+00 
 2.87013383e-03 -5.82714190e+00 -1.45728786e+00 -1.73960364e+00 
 2.87063383e-03 -5.80989323e+00 -1.45297733e+00 -1.73847678e+00 
 2.87113383e-03 -5.79258722e+00 -1.44865245e+00 -1.73733275e+00 
 2.87163383e-03 -5.77522403e+00 -1.44431328e+00 -1.73617158e+00 
 2.87213383e-03 -5.75780385e+00 -1.43995985e+00 -1.73499327e+00 
 2.87263383e-03 -5.74032684e+00 -1.43559221e+00 -1.73379784e+00 
 2.87313383e-03 -5.72279317e+00 -1.43121040e+00 -1.73258530e+00 
 2.87363383e-03 -5.70520302e+00 -1.42681446e+00 -1.73135566e+00 
 2.87413383e-03 -5.68755657e+00 -1.42240444e+00 -1.73010893e+00 
 2.87463383e-03 -5.66985398e+00 -1.41798039e+00 -1.72884513e+00 
 2.87513383e-03 -5.65209543e+00 -1.41354234e+00 -1.72756427e+00 
 2.87563383e-03 -5.63428110e+00 -1.40909033e+00 -1.72626636e+00 
 2.87613383e-03 -5.61641116e+00 -1.40462442e+00 -1.72495141e+00 
 2.87663383e-03 -5.59848579e+00 -1.40014465e+00 -1.72361943e+00 
 2.87713383e-03 -5.58050516e+00 -1.39565106e+00 -1.72227045e+00 
 2.87763383e-03 -5.56246946e+00 -1.39114370e+00 -1.72090447e+00 
 2.87813383e-03 -5.54437885e+00 -1.38662260e+00 -1.71952150e+00 
 2.87863383e-03 -5.52623353e+00 -1.38208782e+00 -1.71812156e+00 
 2.87913383e-03 -5.50803366e+00 -1.37753940e+00 -1.71670467e+00 
 2.87963383e-03 -5.48977944e+00 -1.37297738e+00 -1.71527084e+00 
 2.88013383e-03 -5.47147103e+00 -1.36840181e+00 -1.71382007e+00 
 2.88063383e-03 -5.45310861e+00 -1.36381274e+00 -1.71235240e+00 
 2.88113383e-03 -5.43469238e+00 -1.35921021e+00 -1.71086782e+00 
 2.88163383e-03 -5.41622251e+00 -1.35459426e+00 -1.70936636e+00 
 2.88213383e-03 -5.39769919e+00 -1.34996494e+00 -1.70784803e+00 
 2.88263383e-03 -5.37912259e+00 -1.34532230e+00 -1.70631284e+00 
 2.88313383e-03 -5.36049290e+00 -1.34066638e+00 -1.70476081e+00 
 2.88363383e-03 -5.34181031e+00 -1.33599723e+00 -1.70319196e+00 
 2.88413383e-03 -5.32307499e+00 -1.33131490e+00 -1.70160630e+00 
 2.88463383e-03 -5.30428714e+00 -1.32661942e+00 -1.70000385e+00 
 2.88513383e-03 -5.28544694e+00 -1.32191085e+00 -1.69838462e+00 
 2.88563383e-03 -5.26655457e+00 -1.31718924e+00 -1.69674863e+00 
 2.88613383e-03 -5.24761022e+00 -1.31245462e+00 -1.69509589e+00 
 2.88663383e-03 -5.22861408e+00 -1.30770705e+00 -1.69342642e+00 
 2.88713383e-03 -5.20956634e+00 -1.30294658e+00 -1.69174024e+00 
 2.88763383e-03 -5.19046718e+00 -1.29817324e+00 -1.69003737e+00 
 2.88813383e-03 -5.17131679e+00 -1.29338710e+00 -1.68831781e+00 
 2.88863383e-03 -5.15211537e+00 -1.28858819e+00 -1.68658159e+00 
 2.88913383e-03 -5.13286309e+00 -1.28377656e+00 -1.68482873e+00 
 2.88963383e-03 -5.11356016e+00 -1.27895226e+00 -1.68305924e+00 
 2.89013383e-03 -5.09420675e+00 -1.27411534e+00 -1.68127314e+00 
 2.89063383e-03 -5.07480307e+00 -1.26926584e+00 -1.67947045e+00 
 2.89113383e-03 -5.05534930e+00 -1.26440381e+00 -1.67765118e+00 
 2.89163383e-03 -5.03584564e+00 -1.25952931e+00 -1.67581536e+00 
 2.89213383e-03 -5.01629228e+00 -1.25464238e+00 -1.67396299e+00 
 2.89263383e-03 -4.99668941e+00 -1.24974306e+00 -1.67209411e+00 
 2.89313383e-03 -4.97703722e+00 -1.24483141e+00 -1.67020872e+00 
 2.89363383e-03 -4.95733591e+00 -1.23990747e+00 -1.66830685e+00 
 2.89413383e-03 -4.93758567e+00 -1.23497130e+00 -1.66638852e+00 
 2.89463383e-03 -4.91778670e+00 -1.23002294e+00 -1.66445374e+00 
 2.89513383e-03 -4.89793920e+00 -1.22506243e+00 -1.66250253e+00 
 2.89563383e-03 -4.87804335e+00 -1.22008984e+00 -1.66053491e+00 
 2.89613383e-03 -4.85809937e+00 -1.21510520e+00 -1.65855091e+00 
 2.89663383e-03 -4.83810743e+00 -1.21010858e+00 -1.65655054e+00 
 2.89713383e-03 -4.81806774e+00 -1.20510001e+00 -1.65453382e+00 
 2.89763383e-03 -4.79798050e+00 -1.20007954e+00 -1.65250077e+00 
 2.89813383e-03 -4.77784591e+00 -1.19504724e+00 -1.65045141e+00 
 2.89863383e-03 -4.75766416e+00 -1.19000313e+00 -1.64838577e+00 
 2.89913383e-03 -4.73743545e+00 -1.18494729e+00 -1.64630385e+00 
 2.89963383e-03 -4.71715999e+00 -1.17987974e+00 -1.64420569e+00 
 2.90013383e-03 -4.69683797e+00 -1.17480056e+00 -1.64209130e+00 
 2.90063383e-03 -4.67646960e+00 -1.16970978e+00 -1.63996071e+00 
 2.90113383e-03 -4.65605507e+00 -1.16460745e+00 -1.63781393e+00 
 2.90163383e-03 -4.63559459e+00 -1.15949363e+00 -1.63565099e+00 
 2.90213383e-03 -4.61508835e+00 -1.15436837e+00 -1.63347190e+00 
 2.90263383e-03 -4.59453657e+00 -1.14923171e+00 -1.63127669e+00 
 2.90313383e-03 -4.57393944e+00 -1.14408371e+00 -1.62906539e+00 
 2.90363383e-03 -4.55329717e+00 -1.13892442e+00 -1.62683801e+00 
 2.90413383e-03 -4.53260996e+00 -1.13375389e+00 -1.62459457e+00 
 2.90463383e-03 -4.51187801e+00 -1.12857217e+00 -1.62233509e+00 
 2.90513383e-03 -4.49110153e+00 -1.12337931e+00 -1.62005961e+00 
 2.90563383e-03 -4.47028073e+00 -1.11817537e+00 -1.61776814e+00 
 2.90613383e-03 -4.44941581e+00 -1.11296039e+00 -1.61546070e+00 
 2.90663383e-03 -4.42850697e+00 -1.10773442e+00 -1.61313732e+00 
 2.90713383e-03 -4.40755443e+00 -1.10249752e+00 -1.61079802e+00 
 2.90763383e-03 -4.38655839e+00 -1.09724974e+00 -1.60844282e+00 
 2.90813383e-03 -4.36551905e+00 -1.09199113e+00 -1.60607175e+00 
 2.90863383e-03 -4.34443662e+00 -1.08672175e+00 -1.60368483e+00 
 2.90913383e-03 -4.32331132e+00 -1.08144164e+00 -1.60128208e+00 
 2.90963383e-03 -4.30214335e+00 -1.07615085e+00 -1.59886353e+00 
 2.91013383e-03 -4.28093292e+00 -1.07084945e+00 -1.59642920e+00 
 2.91063383e-03 -4.25968024e+00 -1.06553748e+00 -1.59397911e+00 
 2.91113383e-03 -4.23838551e+00 -1.06021499e+00 -1.59151329e+00 
 2.91163383e-03 -4.21704896e+00 -1.05488203e+00 -1.58903177e+00 
 2.91213383e-03 -4.19567078e+00 -1.04953867e+00 -1.58653456e+00 
 2.91263383e-03 -4.17425120e+00 -1.04418494e+00 -1.58402170e+00 
 2.91313383e-03 -4.15279041e+00 -1.03882092e+00 -1.58149320e+00 
 2.91363383e-03 -4.13128864e+00 -1.03344663e+00 -1.57894910e+00 
 2.91413383e-03 -4.10974610e+00 -1.02806215e+00 -1.57638941e+00 
 2.91463383e-03 -4.08816299e+00 -1.02266753e+00 -1.57381416e+00 
 2.91513383e-03 -4.06653954e+00 -1.01726281e+00 -1.57122338e+00 
 2.91563383e-03 -4.04487595e+00 -1.01184805e+00 -1.56861710e+00 
 2.91613383e-03 -4.02317244e+00 -1.00642330e+00 -1.56599534e+00 
 2.91663383e-03 -4.00142922e+00 -1.00098862e+00 -1.56335812e+00 
 2.91713383e-03 -3.97964651e+00 -9.95544067e-01 -1.56070547e+00 
 2.91763383e-03 -3.95782453e+00 -9.90089684e-01 -1.55803742e+00 
 2.91813383e-03 -3.93596348e+00 -9.84625529e-01 -1.55535399e+00 
 2.91863383e-03 -3.91406358e+00 -9.79151657e-01 -1.55265521e+00 
 2.91913383e-03 -3.89212506e+00 -9.73668121e-01 -1.54994111e+00 
 2.91963383e-03 -3.87014812e+00 -9.68174976e-01 -1.54721171e+00 
 2.92013383e-03 -3.84813298e+00 -9.62672275e-01 -1.54446705e+00 
 2.92063383e-03 -3.82607986e+00 -9.57160074e-01 -1.54170714e+00 
 2.92113383e-03 -3.80398898e+00 -9.51638426e-01 -1.53893201e+00 
 2.92163383e-03 -3.78186056e+00 -9.46107386e-01 -1.53614170e+00 
 2.92213383e-03 -3.75969482e+00 -9.40567009e-01 -1.53333623e+00 
 2.92263383e-03 -3.73749196e+00 -9.35017348e-01 -1.53051562e+00 
 2.92313383e-03 -3.71525222e+00 -9.29458460e-01 -1.52767991e+00 
 2.92363383e-03 -3.69297581e+00 -9.23890399e-01 -1.52482913e+00 
 2.92413383e-03 -3.67066295e+00 -9.18313220e-01 -1.52196329e+00 
 2.92463383e-03 -3.64831387e+00 -9.12726977e-01 -1.51908244e+00 
 2.92513383e-03 -3.62592877e+00 -9.07131727e-01 -1.51618659e+00 
 2.92563383e-03 -3.60350790e+00 -9.01527523e-01 -1.51327578e+00 
 2.92613383e-03 -3.58105145e+00 -8.95914423e-01 -1.51035004e+00 
 2.92663383e-03 -3.55855966e+00 -8.90292480e-01 -1.50740939e+00 
 2.92713383e-03 -3.53603275e+00 -8.84661751e-01 -1.50445386e+00 
 2.92763383e-03 -3.51347094e+00 -8.79022290e-01 -1.50148348e+00 
 2.92813383e-03 -3.49087446e+00 -8.73374155e-01 -1.49849829e+00 
 2.92863383e-03 -3.46824352e+00 -8.67717400e-01 -1.49549831e+00 
 2.92913383e-03 -3.44557835e+00 -8.62052081e-01 -1.49248357e+00 
 2.92963383e-03 -3.42287917e+00 -8.56378254e-01 -1.48945410e+00 
 2.93013383e-03 -3.40014622e+00 -8.50695975e-01 -1.48640993e+00 
 2.93063383e-03 -3.37737970e+00 -8.45005301e-01 -1.48335109e+00 
 2.93113383e-03 -3.35457985e+00 -8.39306287e-01 -1.48027761e+00 
 2.93163383e-03 -3.33174689e+00 -8.33598990e-01 -1.47718953e+00 
 2.93213383e-03 -3.30888105e+00 -8.27883466e-01 -1.47408686e+00 
 2.93263383e-03 -3.28598255e+00 -8.22159771e-01 -1.47096965e+00 
 2.93313383e-03 -3.26305162e+00 -8.16427962e-01 -1.46783792e+00 
 2.93363383e-03 -3.24008849e+00 -8.10688096e-01 -1.46469170e+00 
 2.93413383e-03 -3.21709338e+00 -8.04940228e-01 -1.46153103e+00 
 2.93463383e-03 -3.19406651e+00 -7.99184417e-01 -1.45835594e+00 
 2.93513383e-03 -3.17100812e+00 -7.93420718e-01 -1.45516645e+00 
 2.93563383e-03 -3.14791844e+00 -7.87649189e-01 -1.45196260e+00 
 2.93613383e-03 -3.12479769e+00 -7.81869886e-01 -1.44874442e+00 
 2.93663383e-03 -3.10164609e+00 -7.76082867e-01 -1.44551195e+00 
 2.93713383e-03 -3.07846388e+00 -7.70288189e-01 -1.44226521e+00 
 2.93763383e-03 -3.05525130e+00 -7.64485908e-01 -1.43900423e+00 
 2.93813383e-03 -3.03200855e+00 -7.58676083e-01 -1.43572905e+00 
 2.93863383e-03 -3.00873588e+00 -7.52858770e-01 -1.43243971e+00 
 2.93913383e-03 -2.98543352e+00 -7.47034026e-01 -1.42913623e+00 
 2.93963383e-03 -2.96210169e+00 -7.41201911e-01 -1.42581864e+00 
 2.94013383e-03 -2.93874063e+00 -7.35362480e-01 -1.42248698e+00 
 2.94063383e-03 -2.91535056e+00 -7.29515792e-01 -1.41914129e+00 
 2.94113383e-03 -2.89193172e+00 -7.23661904e-01 -1.41578159e+00 
 2.94163383e-03 -2.86848434e+00 -7.17800874e-01 -1.41240791e+00 
 2.94213383e-03 -2.84500865e+00 -7.11932760e-01 -1.40902030e+00 
 2.94263383e-03 -2.82150487e+00 -7.06057620e-01 -1.40561878e+00 
 2.94313383e-03 -2.79797325e+00 -7.00175511e-01 -1.40220339e+00 
 2.94363383e-03 -2.77441402e+00 -6.94286493e-01 -1.39877416e+00 
 2.94413383e-03 -2.75082740e+00 -6.88390622e-01 -1.39533113e+00 
 2.94463383e-03 -2.72721364e+00 -6.82487958e-01 -1.39187433e+00 
 2.94513383e-03 -2.70357295e+00 -6.76578558e-01 -1.38840379e+00 
 2.94563383e-03 -2.67990559e+00 -6.70662481e-01 -1.38491954e+00 
 2.94613383e-03 -2.65621177e+00 -6.64739785e-01 -1.38142164e+00 
 2.94663383e-03 -2.63249174e+00 -6.58810529e-01 -1.37791009e+00 
 2.94713383e-03 -2.60874573e+00 -6.52874770e-01 -1.37438495e+00 
 2.94763383e-03 -2.58497397e+00 -6.46932569e-01 -1.37084625e+00 
 2.94813383e-03 -2.56117669e+00 -6.40983983e-01 -1.36729401e+00 
 2.94863383e-03 -2.53735414e+00 -6.35029071e-01 -1.36372829e+00 
 2.94913383e-03 -2.51350655e+00 -6.29067891e-01 -1.36014910e+00 
 2.94963383e-03 -2.48963415e+00 -6.23100504e-01 -1.35655649e+00 
 2.95013383e-03 -2.46573718e+00 -6.17126967e-01 -1.35295050e+00 
 2.95063383e-03 -2.44181587e+00 -6.11147339e-01 -1.34933115e+00 
 2.95113383e-03 -2.41787046e+00 -6.05161680e-01 -1.34569848e+00 
 2.95163383e-03 -2.39390119e+00 -5.99170049e-01 -1.34205254e+00 
 2.95213383e-03 -2.36990829e+00 -5.93172504e-01 -1.33839335e+00 
 2.95263383e-03 -2.34589200e+00 -5.87169106e-01 -1.33472095e+00 
 2.95313383e-03 -2.32185256e+00 -5.81159912e-01 -1.33103538e+00 
 2.95363383e-03 -2.29779020e+00 -5.75144983e-01 -1.32733667e+00 
 2.95413383e-03 -2.27370517e+00 -5.69124378e-01 -1.32362486e+00 
 2.95463383e-03 -2.24959769e+00 -5.63098157e-01 -1.31989999e+00 
 2.95513383e-03 -2.22546801e+00 -5.57066378e-01 -1.31616210e+00 
 2.95563383e-03 -2.20131637e+00 -5.51029101e-01 -1.31241122e+00 
 2.95613383e-03 -2.17714300e+00 -5.44986386e-01 -1.30864738e+00 
 2.95663383e-03 -2.15294815e+00 -5.38938293e-01 -1.30487063e+00 
 2.95713383e-03 -2.12873204e+00 -5.32884881e-01 -1.30108100e+00 
 2.95763383e-03 -2.10449493e+00 -5.26826210e-01 -1.29727853e+00 
 2.95813383e-03 -2.08023704e+00 -5.20762340e-01 -1.29346326e+00 
 2.95863383e-03 -2.05595862e+00 -5.14693330e-01 -1.28963523e+00 
 2.95913383e-03 -2.03165992e+00 -5.08619241e-01 -1.28579446e+00 
 2.95963383e-03 -2.00734116e+00 -5.02540133e-01 -1.28194101e+00 
 2.96013383e-03 -1.98300258e+00 -4.96456064e-01 -1.27807491e+00 
 2.96063383e-03 -1.95864444e+00 -4.90367097e-01 -1.27419619e+00 
 2.96113383e-03 -1.93426697e+00 -4.84273290e-01 -1.27030490e+00 
 2.96163383e-03 -1.90987040e+00 -4.78174704e-01 -1.26640107e+00 
 2.96213383e-03 -1.88545499e+00 -4.72071398e-01 -1.26248474e+00 
 2.96263383e-03 -1.86102097e+00 -4.65963434e-01 -1.25855596e+00 
 2.96313383e-03 -1.83656858e+00 -4.59850872e-01 -1.25461475e+00 
 2.96363383e-03 -1.81209806e+00 -4.53733771e-01 -1.25066117e+00 
 2.96413383e-03 -1.78760966e+00 -4.47612192e-01 -1.24669524e+00 
 2.96463383e-03 -1.76310362e+00 -4.41486196e-01 -1.24271700e+00 
 2.96513383e-03 -1.73858017e+00 -4.35355843e-01 -1.23872651e+00 
 2.96563383e-03 -1.71403957e+00 -4.29221194e-01 -1.23472378e+00 
 2.96613383e-03 -1.68948205e+00 -4.23082308e-01 -1.23070888e+00 
 2.96663383e-03 -1.66490785e+00 -4.16939247e-01 -1.22668182e+00 
 2.96713383e-03 -1.64031722e+00 -4.10792072e-01 -1.22264266e+00 
 2.96763383e-03 -1.61571041e+00 -4.04640843e-01 -1.21859144e+00 
 2.96813383e-03 -1.59108764e+00 -3.98485620e-01 -1.21452819e+00 
 2.96863383e-03 -1.56644918e+00 -3.92326465e-01 -1.21045295e+00 
 2.96913383e-03 -1.54179525e+00 -3.86163438e-01 -1.20636577e+00 
 2.96963383e-03 -1.51712610e+00 -3.79996600e-01 -1.20226668e+00 
 2.97013383e-03 -1.49244199e+00 -3.73826012e-01 -1.19815573e+00 
 2.97063383e-03 -1.46774314e+00 -3.67651735e-01 -1.19403295e+00 
 2.97113383e-03 -1.44302981e+00 -3.61473830e-01 -1.18989839e+00 
 2.97163383e-03 -1.41830223e+00 -3.55292357e-01 -1.18575209e+00 
 2.97213383e-03 -1.39356066e+00 -3.49107378e-01 -1.18159408e+00 
 2.97263383e-03 -1.36880533e+00 -3.42918954e-01 -1.17742442e+00 
 2.97313383e-03 -1.34403650e+00 -3.36727146e-01 -1.17324313e+00 
 2.97363383e-03 -1.31925439e+00 -3.30532015e-01 -1.16905027e+00 
 2.97413383e-03 -1.29445927e+00 -3.24333622e-01 -1.16484586e+00 
 2.97463383e-03 -1.26965137e+00 -3.18132028e-01 -1.16062997e+00 
 2.97513383e-03 -1.24483094e+00 -3.11927295e-01 -1.15640262e+00 
 2.97563383e-03 -1.21999823e+00 -3.05719484e-01 -1.15216385e+00 
 2.97613383e-03 -1.19515347e+00 -2.99508655e-01 -1.14791372e+00 
 2.97663383e-03 -1.17029692e+00 -2.93294871e-01 -1.14365226e+00 
 2.97713383e-03 -1.14542882e+00 -2.87078193e-01 -1.13937951e+00 
 2.97763383e-03 -1.12054941e+00 -2.80858681e-01 -1.13509552e+00 
 2.97813383e-03 -1.09565895e+00 -2.74636398e-01 -1.13080032e+00 
 2.97863383e-03 -1.07075767e+00 -2.68411405e-01 -1.12649397e+00 
 2.97913383e-03 -1.04584582e+00 -2.62183763e-01 -1.12217650e+00 
 2.97963383e-03 -1.02092365e+00 -2.55953534e-01 -1.11784795e+00 
 2.98013383e-03 -9.95991404e-01 -2.49720779e-01 -1.11350838e+00 
 2.98063383e-03 -9.71049328e-01 -2.43485560e-01 -1.10915781e+00 
 2.98113383e-03 -9.46097668e-01 -2.37247937e-01 -1.10479630e+00 
 2.98163383e-03 -9.21136671e-01 -2.31007974e-01 -1.10042388e+00 
 2.98213383e-03 -8.96166582e-01 -2.24765731e-01 -1.09604061e+00 
 2.98263383e-03 -8.71187649e-01 -2.18521270e-01 -1.09164652e+00 
 2.98313383e-03 -8.46200117e-01 -2.12274653e-01 -1.08724166e+00 
 2.98363383e-03 -8.21204233e-01 -2.06025941e-01 -1.08282606e+00 
 2.98413383e-03 -7.96200245e-01 -1.99775196e-01 -1.07839978e+00 
 2.98463383e-03 -7.71188398e-01 -1.93522480e-01 -1.07396286e+00 
 2.98513383e-03 -7.46168940e-01 -1.87267854e-01 -1.06951534e+00 
 2.98563383e-03 -7.21142118e-01 -1.81011380e-01 -1.06505727e+00 
 2.98613383e-03 -6.96108178e-01 -1.74753120e-01 -1.06058868e+00 
 2.98663383e-03 -6.71067368e-01 -1.68493136e-01 -1.05610963e+00 
 2.98713383e-03 -6.46019935e-01 -1.62231489e-01 -1.05162015e+00 
 2.98763383e-03 -6.20966126e-01 -1.55968241e-01 -1.04712030e+00 
 2.98813383e-03 -5.95906188e-01 -1.49703454e-01 -1.04261011e+00 
 2.98863383e-03 -5.70840369e-01 -1.43437190e-01 -1.03808964e+00 
 2.98913383e-03 -5.45768916e-01 -1.37169511e-01 -1.03355892e+00 
 2.98963383e-03 -5.20692076e-01 -1.30900478e-01 -1.02901800e+00 
 2.99013383e-03 -4.95610098e-01 -1.24630154e-01 -1.02446693e+00 
 2.99063383e-03 -4.70523228e-01 -1.18358600e-01 -1.01990574e+00 
 2.99113383e-03 -4.45431714e-01 -1.12085879e-01 -1.01533449e+00 
 2.99163383e-03 -4.20335803e-01 -1.05812051e-01 -1.01075322e+00 
 2.99213383e-03 -3.95235745e-01 -9.95371794e-02 -1.00616198e+00 
 2.99263383e-03 -3.70131785e-01 -9.32613258e-02 -1.00156081e+00 
 2.99313383e-03 -3.45024172e-01 -8.69845522e-02 -9.96949748e-01 
 2.99363383e-03 -3.19913155e-01 -8.07069203e-02 -9.92328852e-01 
 2.99413383e-03 -2.94798979e-01 -7.44284923e-02 -9.87698163e-01 
 2.99463383e-03 -2.69681894e-01 -6.81493301e-02 -9.83057728e-01 
 2.99513383e-03 -2.44562148e-01 -6.18694956e-02 -9.78407591e-01 
 2.99563383e-03 -2.19439988e-01 -5.55890509e-02 -9.73747798e-01 
 2.99613383e-03 -1.94315662e-01 -4.93080579e-02 -9.69078396e-01 
 2.99663383e-03 -1.69189418e-01 -4.30265786e-02 -9.64399431e-01 
 2.99713383e-03 -1.44061504e-01 -3.67446750e-02 -9.59710949e-01 
 2.99763383e-03 -1.18932169e-01 -3.04624091e-02 -9.55012995e-01 
 2.99813383e-03 -9.38016593e-02 -2.41798429e-02 -9.50305617e-01 
 2.99863383e-03 -6.86702242e-02 -1.78970385e-02 -9.45588862e-01 
 2.99913383e-03 -4.35381114e-02 -1.16140578e-02 -9.40862774e-01 
 2.99963383e-03 -1.84055688e-02 -5.33096276e-03 -9.36127402e-01 
 3.00000000e-03 -5.87830464e-15 -7.29595566e-04 -9.32653659e-01 
